Time,CHAMBER_THERMALZONE:CHICAGO_IL_USA HEATING 99.6% CONDITIONS:Des Heat Load [W],CHAMBER_THERMALZONE:CHICAGO_IL_USA COOLING .4% CONDITIONS DB=>MWB:Des Sens Cool Load [W],CHAMBER_THERMALZONE:CHICAGO_IL_USA HEATING 99.6% CONDITIONS:Des Heat Mass Flow [kg/s],CHAMBER_THERMALZONE:CHICAGO_IL_USA COOLING .4% CONDITIONS DB=>MWB:Des Cool Mass Flow [kg/s],CHAMBER_THERMALZONE::Des Latent Heat Load [W],CHAMBER_THERMALZONE::Des Latent Cool Load [W],CHAMBER_THERMALZONE::Des Latent Heat Mass Flow [kg/s],CHAMBER_THERMALZONE::Des Latent Cool Mass Flow [kg/s],CHAMBER_THERMALZONE::Des Heat Load No DOAS [W],CHAMBER_THERMALZONE::Des Sens Cool Load No DOAS [W],CHAMBER_THERMALZONE::Des Latent Heat Load No DOAS [W],CHAMBER_THERMALZONE::Des Latent Cool Load No DOAS [W],CHAMBER_THERMALZONE:CHICAGO_IL_USA HEATING 99.6% CONDITIONS:Heating Zone Temperature [C],CHAMBER_THERMALZONE:CHICAGO_IL_USA HEATING 99.6% CONDITIONS:Heating Zone Relative Humidity [%],CHAMBER_THERMALZONE:CHICAGO_IL_USA COOLING .4% CONDITIONS DB=>MWB:Cooling Zone Temperature [C],CHAMBER_THERMALZONE:CHICAGO_IL_USA COOLING .4% CONDITIONS DB=>MWB:Cooling Zone Relative Humidity [%],HANGER_THERMALZONE:CHICAGO_IL_USA HEATING 99.6% CONDITIONS:Des Heat Load [W],HANGER_THERMALZONE:CHICAGO_IL_USA COOLING .4% CONDITIONS DB=>MWB:Des Sens Cool Load [W],HANGER_THERMALZONE:CHICAGO_IL_USA HEATING 99.6% CONDITIONS:Des Heat Mass Flow [kg/s],HANGER_THERMALZONE:CHICAGO_IL_USA COOLING .4% CONDITIONS DB=>MWB:Des Cool Mass Flow [kg/s],HANGER_THERMALZONE::Des Latent Heat Load [W],HANGER_THERMALZONE::Des Latent Cool Load [W],HANGER_THERMALZONE::Des Latent Heat Mass Flow [kg/s],HANGER_THERMALZONE::Des Latent Cool Mass Flow [kg/s],HANGER_THERMALZONE::Des Heat Load No DOAS [W],HANGER_THERMALZONE::Des Sens Cool Load No DOAS [W],HANGER_THERMALZONE::Des Latent Heat Load No DOAS [W],HANGER_THERMALZONE::Des Latent Cool Load No DOAS [W],HANGER_THERMALZONE:CHICAGO_IL_USA HEATING 99.6% CONDITIONS:Heating Zone Temperature [C],HANGER_THERMALZONE:CHICAGO_IL_USA HEATING 99.6% CONDITIONS:Heating Zone Relative Humidity [%],HANGER_THERMALZONE:CHICAGO_IL_USA COOLING .4% CONDITIONS DB=>MWB:Cooling Zone Temperature [C],HANGER_THERMALZONE:CHICAGO_IL_USA COOLING .4% CONDITIONS DB=>MWB:Cooling Zone Relative Humidity [%]
00:10:00,0.000000E+00,8.238270E+01,0.000000E+00,1.009930E-02,0.000000E+00,0.000000E+00,0.000000E+00,0.000000E+00,0.000000E+00,0.000000E+00,0.000000E+00,0.000000E+00,-7.189588E+00,2.867659E+01,2.157424E+01,5.011295E+01,8.895797E+05,1.211962E+05,2.177776E+01,1.487539E+01,0.000000E+00,0.000000E+00,0.000000E+00,0.000000E+00,0.000000E+00,0.000000E+00,0.000000E+00,0.000000E+00,9.950121E+00,5.359528E+01,2.110016E+01,7.674270E+01
00:20:00,0.000000E+00,6.469902E+01,0.000000E+00,7.931457E-03,0.000000E+00,0.000000E+00,0.000000E+00,0.000000E+00,0.000000E+00,0.000000E+00,0.000000E+00,0.000000E+00,-6.721208E+00,2.751746E+01,2.297400E+01,4.638164E+01,8.897789E+05,9.556015E+04,2.178469E+01,1.172877E+01,0.000000E+00,0.000000E+00,0.000000E+00,0.000000E+00,0.000000E+00,0.000000E+00,0.000000E+00,0.000000E+00,9.962363E+00,5.357080E+01,2.216671E+01,7.571429E+01
00:30:00,0.000000E+00,4.765410E+01,0.000000E+00,5.841920E-03,0.000000E+00,0.000000E+00,0.000000E+00,0.000000E+00,0.000000E+00,0.000000E+00,0.000000E+00,0.000000E+00,-6.206385E+00,2.630133E+01,2.385310E+01,4.431040E+01,8.899398E+05,7.063173E+04,2.179074E+01,8.669050E+00,0.000000E+00,0.000000E+00,0.000000E+00,0.000000E+00,0.000000E+00,0.000000E+00,0.000000E+00,0.000000E+00,9.963167E+00,5.357259E+01,2.281898E+01,7.544790E+01
00:40:00,0.000000E+00,3.121156E+01,0.000000E+00,3.826229E-03,0.000000E+00,0.000000E+00,0.000000E+00,0.000000E+00,0.000000E+00,0.000000E+00,0.000000E+00,0.000000E+00,-5.803926E+00,2.538764E+01,2.451474E+01,4.291503E+01,8.900979E+05,4.640145E+04,2.179673E+01,5.695074E+00,0.000000E+00,0.000000E+00,0.000000E+00,0.000000E+00,0.000000E+00,0.000000E+00,0.000000E+00,0.000000E+00,9.963224E+00,5.357349E+01,2.326414E+01,7.554357E+01
00:50:00,0.000000E+00,1.533743E+01,0.000000E+00,1.880217E-03,0.000000E+00,0.000000E+00,0.000000E+00,0.000000E+00,0.000000E+00,0.000000E+00,0.000000E+00,0.000000E+00,-5.429521E+00,2.456759E+01,2.501895E+01,4.195331E+01,8.902536E+05,2.286037E+04,2.180267E+01,2.805739E+00,0.000000E+00,0.000000E+00,0.000000E+00,0.000000E+00,0.000000E+00,0.000000E+00,0.000000E+00,0.000000E+00,9.963228E+00,5.357345E+01,2.353833E+01,7.583481E+01
01:00:00,0.000000E+00,0.000000E+00,0.000000E+00,0.000000E+00,0.000000E+00,0.000000E+00,0.000000E+00,0.000000E+00,0.000000E+00,0.000000E+00,0.000000E+00,0.000000E+00,-5.064628E+00,2.379582E+01,2.560577E+01,4.098821E+01,8.904073E+05,0.000000E+00,2.180855E+01,0.000000E+00,0.000000E+00,0.000000E+00,0.000000E+00,0.000000E+00,0.000000E+00,0.000000E+00,0.000000E+00,0.000000E+00,9.963228E+00,5.357332E+01,2.376276E+01,7.645674E+01
01:10:00,0.000000E+00,0.000000E+00,0.000000E+00,0.000000E+00,0.000000E+00,0.000000E+00,0.000000E+00,0.000000E+00,0.000000E+00,0.000000E+00,0.000000E+00,0.000000E+00,-4.715684E+00,2.308193E+01,2.612779E+01,4.029834E+01,8.902669E+05,0.000000E+00,2.180631E+01,0.000000E+00,0.000000E+00,0.000000E+00,0.000000E+00,0.000000E+00,0.000000E+00,0.000000E+00,0.000000E+00,0.000000E+00,9.963228E+00,5.357320E+01,2.386385E+01,7.723401E+01
01:20:00,0.000000E+00,0.000000E+00,0.000000E+00,0.000000E+00,0.000000E+00,0.000000E+00,0.000000E+00,0.000000E+00,0.000000E+00,0.000000E+00,0.000000E+00,0.000000E+00,-4.378228E+00,2.241337E+01,2.658503E+01,3.976021E+01,8.902256E+05,0.000000E+00,2.180538E+01,0.000000E+00,0.000000E+00,0.000000E+00,0.000000E+00,0.000000E+00,0.000000E+00,0.000000E+00,0.000000E+00,0.000000E+00,9.963228E+00,5.357310E+01,2.386318E+01,7.791167E+01
01:30:00,0.000000E+00,0.000000E+00,0.000000E+00,0.000000E+00,0.000000E+00,0.000000E+00,0.000000E+00,0.000000E+00,0.000000E+00,0.000000E+00,0.000000E+00,0.000000E+00,-4.050130E+00,2.178330E+01,2.703093E+01,3.924084E+01,8.902211E+05,0.000000E+00,2.180527E+01,0.000000E+00,0.000000E+00,0.000000E+00,0.000000E+00,0.000000E+00,0.000000E+00,0.000000E+00,0.000000E+00,0.000000E+00,9.963228E+00,5.357303E+01,2.382394E+01,7.846548E+01
01:40:00,0.000000E+00,0.000000E+00,0.000000E+00,0.000000E+00,0.000000E+00,0.000000E+00,0.000000E+00,0.000000E+00,0.000000E+00,0.000000E+00,0.000000E+00,0.000000E+00,-3.730740E+00,2.118826E+01,2.746427E+01,3.874476E+01,8.902178E+05,0.000000E+00,2.180519E+01,0.000000E+00,0.000000E+00,0.000000E+00,0.000000E+00,0.000000E+00,0.000000E+00,0.000000E+00,0.000000E+00,0.000000E+00,9.963228E+00,5.357298E+01,2.376849E+01,7.893586E+01
01:50:00,0.000000E+00,0.000000E+00,0.000000E+00,0.000000E+00,0.000000E+00,0.000000E+00,0.000000E+00,0.000000E+00,0.000000E+00,0.000000E+00,0.000000E+00,0.000000E+00,-3.419133E+00,2.062460E+01,2.788374E+01,3.827466E+01,8.902155E+05,0.000000E+00,2.180513E+01,0.000000E+00,0.000000E+00,0.000000E+00,0.000000E+00,0.000000E+00,0.000000E+00,0.000000E+00,0.000000E+00,0.000000E+00,9.963228E+00,5.357294E+01,2.370494E+01,7.935549E+01
02:00:00,0.000000E+00,0.000000E+00,0.000000E+00,0.000000E+00,0.000000E+00,0.000000E+00,0.000000E+00,0.000000E+00,0.000000E+00,0.000000E+00,0.000000E+00,0.000000E+00,-3.114624E+00,2.008941E+01,2.829186E+01,3.782441E+01,8.902140E+05,0.000000E+00,2.180510E+01,0.000000E+00,0.000000E+00,0.000000E+00,0.000000E+00,0.000000E+00,0.000000E+00,0.000000E+00,0.000000E+00,0.000000E+00,9.963227E+00,5.357292E+01,2.363729E+01,7.974494E+01
02:10:00,0.000000E+00,0.000000E+00,0.000000E+00,0.000000E+00,0.000000E+00,0.000000E+00,0.000000E+00,0.000000E+00,0.000000E+00,0.000000E+00,0.000000E+00,0.000000E+00,-2.868504E+00,1.966722E+01,2.868948E+01,3.739187E+01,8.898070E+05,0.000000E+00,2.179513E+01,0.000000E+00,0.000000E+00,0.000000E+00,0.000000E+00,0.000000E+00,0.000000E+00,0.000000E+00,0.000000E+00,0.000000E+00,9.963238E+00,5.357287E+01,2.356876E+01,8.011142E+01
02:20:00,0.000000E+00,0.000000E+00,0.000000E+00,0.000000E+00,0.000000E+00,0.000000E+00,0.000000E+00,0.000000E+00,0.000000E+00,0.000000E+00,0.000000E+00,0.000000E+00,-2.638263E+00,1.928190E+01,2.907722E+01,3.697552E+01,8.897382E+05,0.000000E+00,2.179170E+01,0.000000E+00,0.000000E+00,0.000000E+00,0.000000E+00,0.000000E+00,0.000000E+00,0.000000E+00,0.000000E+00,0.000000E+00,9.944023E+00,5.361523E+01,2.350422E+01,8.044400E+01
02:30:00,0.000000E+00,0.000000E+00,0.000000E+00,0.000000E+00,0.000000E+00,0.000000E+00,0.000000E+00,0.000000E+00,0.000000E+00,0.000000E+00,0.000000E+00,0.000000E+00,-2.342944E+00,1.879937E+01,2.945564E+01,3.657397E+01,8.895615E+05,0.000000E+00,2.178532E+01,0.000000E+00,0.000000E+00,0.000000E+00,0.000000E+00,0.000000E+00,0.000000E+00,0.000000E+00,0.000000E+00,0.000000E+00,9.940538E+00,5.361950E+01,2.344340E+01,8.075083E+01
02:40:00,0.000000E+00,0.000000E+00,0.000000E+00,0.000000E+00,0.000000E+00,0.000000E+00,0.000000E+00,0.000000E+00,0.000000E+00,0.000000E+00,0.000000E+00,0.000000E+00,-2.059764E+00,1.834872E+01,2.982524E+01,3.618609E+01,8.894051E+05,0.000000E+00,2.177938E+01,0.000000E+00,0.000000E+00,0.000000E+00,0.000000E+00,0.000000E+00,0.000000E+00,0.000000E+00,0.000000E+00,0.000000E+00,9.939958E+00,5.361853E+01,2.338416E+01,8.104601E+01
02:50:00,0.000000E+00,0.000000E+00,0.000000E+00,0.000000E+00,0.000000E+00,0.000000E+00,0.000000E+00,0.000000E+00,0.000000E+00,0.000000E+00,0.000000E+00,0.000000E+00,-1.787244E+00,1.792590E+01,3.018644E+01,3.581089E+01,8.892550E+05,0.000000E+00,2.177358E+01,0.000000E+00,0.000000E+00,0.000000E+00,0.000000E+00,0.000000E+00,0.000000E+00,0.000000E+00,0.000000E+00,0.000000E+00,9.939847E+00,5.361829E+01,2.332559E+01,8.133627E+01
03:00:00,0.000000E+00,0.000000E+00,0.000000E+00,0.000000E+00,0.000000E+00,0.000000E+00,0.000000E+00,0.000000E+00,0.000000E+00,0.000000E+00,0.000000E+00,0.000000E+00,-1.519836E+00,1.752127E+01,3.053965E+01,3.544753E+01,8.891073E+05,0.000000E+00,2.176784E+01,0.000000E+00,0.000000E+00,0.000000E+00,0.000000E+00,0.000000E+00,0.000000E+00,0.000000E+00,0.000000E+00,0.000000E+00,9.939825E+00,5.361872E+01,2.326735E+01,8.162440E+01
03:10:00,0.000000E+00,0.000000E+00,0.000000E+00,0.000000E+00,0.000000E+00,0.000000E+00,0.000000E+00,0.000000E+00,0.000000E+00,0.000000E+00,0.000000E+00,0.000000E+00,-1.255948E+00,1.713171E+01,3.088518E+01,3.509527E+01,8.893673E+05,0.000000E+00,2.177209E+01,0.000000E+00,0.000000E+00,0.000000E+00,0.000000E+00,0.000000E+00,0.000000E+00,0.000000E+00,0.000000E+00,0.000000E+00,9.939820E+00,5.361920E+01,2.320930E+01,8.191183E+01
03:20:00,0.000000E+00,0.000000E+00,0.000000E+00,0.000000E+00,0.000000E+00,0.000000E+00,0.000000E+00,0.000000E+00,0.000000E+00,0.000000E+00,0.000000E+00,0.000000E+00,-9.963834E-01,1.675772E+01,3.122336E+01,3.475347E+01,8.892908E+05,0.000000E+00,2.176984E+01,0.000000E+00,0.000000E+00,0.000000E+00,0.000000E+00,0.000000E+00,0.000000E+00,0.000000E+00,0.000000E+00,0.000000E+00,9.939819E+00,5.361953E+01,2.315148E+01,8.219875E+01
03:30:00,0.000000E+00,0.000000E+00,0.000000E+00,0.000000E+00,0.000000E+00,0.000000E+00,0.000000E+00,0.000000E+00,0.000000E+00,0.000000E+00,0.000000E+00,0.000000E+00,-7.416093E-01,1.639923E+01,3.155445E+01,3.442156E+01,8.893239E+05,0.000000E+00,2.177058E+01,0.000000E+00,0.000000E+00,0.000000E+00,0.000000E+00,0.000000E+00,0.000000E+00,0.000000E+00,0.000000E+00,0.000000E+00,9.939818E+00,5.361975E+01,2.309413E+01,8.248419E+01
03:40:00,0.000000E+00,0.000000E+00,0.000000E+00,0.000000E+00,0.000000E+00,0.000000E+00,0.000000E+00,0.000000E+00,0.000000E+00,0.000000E+00,0.000000E+00,0.000000E+00,-4.914015E-01,1.605527E+01,3.187870E+01,3.409905E+01,8.893377E+05,0.000000E+00,2.177091E+01,0.000000E+00,0.000000E+00,0.000000E+00,0.000000E+00,0.000000E+00,0.000000E+00,0.000000E+00,0.000000E+00,0.000000E+00,9.939818E+00,5.361994E+01,2.303729E+01,8.276801E+01
03:50:00,0.000000E+00,0.000000E+00,0.000000E+00,0.000000E+00,0.000000E+00,0.000000E+00,0.000000E+00,0.000000E+00,0.000000E+00,0.000000E+00,0.000000E+00,0.000000E+00,-2.454637E-01,1.572481E+01,3.219633E+01,3.378551E+01,8.893466E+05,0.000000E+00,2.177112E+01,0.000000E+00,0.000000E+00,0.000000E+00,0.000000E+00,0.000000E+00,0.000000E+00,0.000000E+00,0.000000E+00,0.000000E+00,9.939818E+00,5.362012E+01,2.298088E+01,8.305066E+01
04:00:00,0.000000E+00,0.000000E+00,0.000000E+00,0.000000E+00,0.000000E+00,0.000000E+00,0.000000E+00,0.000000E+00,0.000000E+00,0.000000E+00,0.000000E+00,0.000000E+00,-3.673466E-03,1.540713E+01,3.250755E+01,3.348053E+01,8.893539E+05,0.000000E+00,2.177130E+01,0.000000E+00,0.000000E+00,0.000000E+00,0.000000E+00,0.000000E+00,0.000000E+00,0.000000E+00,0.000000E+00,0.000000E+00,9.939817E+00,5.362029E+01,2.292485E+01,8.333241E+01
04:10:00,0.000000E+00,0.000000E+00,0.000000E+00,0.000000E+00,0.000000E+00,0.000000E+00,0.000000E+00,0.000000E+00,0.000000E+00,0.000000E+00,0.000000E+00,0.000000E+00,2.340197E-01,1.513448E+01,3.281255E+01,3.318371E+01,8.893604E+05,0.000000E+00,2.177146E+01,0.000000E+00,0.000000E+00,0.000000E+00,0.000000E+00,0.000000E+00,0.000000E+00,0.000000E+00,0.000000E+00,0.000000E+00,9.939817E+00,5.362045E+01,2.287039E+01,8.360730E+01
04:20:00,0.000000E+00,0.000000E+00,0.000000E+00,0.000000E+00,0.000000E+00,0.000000E+00,0.000000E+00,0.000000E+00,0.000000E+00,0.000000E+00,0.000000E+00,0.000000E+00,4.676870E-01,1.487359E+01,3.306038E+01,3.295691E+01,8.893662E+05,0.000000E+00,2.177160E+01,0.000000E+00,0.000000E+00,0.000000E+00,0.000000E+00,0.000000E+00,0.000000E+00,0.000000E+00,0.000000E+00,0.000000E+00,9.939816E+00,5.362060E+01,2.282751E+01,8.382446E+01
04:30:00,0.000000E+00,0.000000E+00,0.000000E+00,0.000000E+00,0.000000E+00,0.000000E+00,0.000000E+00,0.000000E+00,0.000000E+00,0.000000E+00,0.000000E+00,0.000000E+00,6.974191E-01,1.462197E+01,3.329115E+01,3.272598E+01,8.893716E+05,0.000000E+00,2.177173E+01,0.000000E+00,0.000000E+00,0.000000E+00,0.000000E+00,0.000000E+00,0.000000E+00,0.000000E+00,0.000000E+00,0.000000E+00,9.939816E+00,5.362074E+01,2.279286E+01,8.400041E+01
04:40:00,0.000000E+00,0.000000E+00,0.000000E+00,0.000000E+00,0.000000E+00,0.000000E+00,0.000000E+00,0.000000E+00,0.000000E+00,0.000000E+00,0.000000E+00,0.000000E+00,9.233010E-01,1.437916E+01,3.358840E+01,3.243494E+01,8.893766E+05,0.000000E+00,2.177185E+01,0.000000E+00,0.000000E+00,0.000000E+00,0.000000E+00,0.000000E+00,0.000000E+00,0.000000E+00,0.000000E+00,0.000000E+00,9.939816E+00,5.362086E+01,2.274998E+01,8.421872E+01
04:50:00,0.000000E+00,0.000000E+00,0.000000E+00,0.000000E+00,0.000000E+00,0.000000E+00,0.000000E+00,0.000000E+00,0.000000E+00,0.000000E+00,0.000000E+00,0.000000E+00,1.145408E+00,1.414478E+01,3.387412E+01,3.216186E+01,8.893812E+05,0.000000E+00,2.177197E+01,0.000000E+00,0.000000E+00,0.000000E+00,0.000000E+00,0.000000E+00,0.000000E+00,0.000000E+00,0.000000E+00,0.000000E+00,9.939815E+00,5.362098E+01,2.270863E+01,8.442981E+01
05:00:00,0.000000E+00,0.000000E+00,0.000000E+00,0.000000E+00,0.000000E+00,0.000000E+00,0.000000E+00,0.000000E+00,0.000000E+00,0.000000E+00,0.000000E+00,0.000000E+00,1.363568E+00,1.391868E+01,3.414876E+01,3.190563E+01,8.893855E+05,0.000000E+00,2.177207E+01,0.000000E+00,0.000000E+00,0.000000E+00,0.000000E+00,0.000000E+00,0.000000E+00,0.000000E+00,0.000000E+00,0.000000E+00,9.939815E+00,5.362109E+01,2.266791E+01,8.463834E+01
05:10:00,0.000000E+00,0.000000E+00,0.000000E+00,0.000000E+00,0.000000E+00,0.000000E+00,0.000000E+00,0.000000E+00,0.000000E+00,0.000000E+00,0.000000E+00,0.000000E+00,1.577965E+00,1.370040E+01,3.441763E+01,3.165661E+01,8.893895E+05,0.000000E+00,2.177217E+01,0.000000E+00,0.000000E+00,0.000000E+00,0.000000E+00,0.000000E+00,0.000000E+00,0.000000E+00,0.000000E+00,0.000000E+00,9.939815E+00,5.362119E+01,2.262746E+01,8.484602E+01
05:20:00,0.000000E+00,0.000000E+00,0.000000E+00,0.000000E+00,0.000000E+00,0.000000E+00,0.000000E+00,0.000000E+00,0.000000E+00,0.000000E+00,0.000000E+00,0.000000E+00,1.788848E+00,1.348940E+01,3.468303E+01,3.141073E+01,8.893934E+05,0.000000E+00,2.177226E+01,0.000000E+00,0.000000E+00,0.000000E+00,0.000000E+00,0.000000E+00,0.000000E+00,0.000000E+00,0.000000E+00,0.000000E+00,9.939814E+00,5.362129E+01,2.260389E+01,8.496730E+01
05:30:00,0.000000E+00,1.949031E+00,0.000000E+00,8.330472E-05,0.000000E+00,0.000000E+00,0.000000E+00,0.000000E+00,0.000000E+00,0.000000E+00,0.000000E+00,0.000000E+00,1.996295E+00,1.328537E+01,3.494414E+01,3.116949E+01,8.893970E+05,0.000000E+00,2.177235E+01,0.000000E+00,0.000000E+00,0.000000E+00,0.000000E+00,0.000000E+00,0.000000E+00,0.000000E+00,0.000000E+00,0.000000E+00,9.939814E+00,5.362139E+01,2.259988E+01,8.498804E+01
05:40:00,0.000000E+00,4.941670E+00,0.000000E+00,2.109133E-04,0.000000E+00,0.000000E+00,0.000000E+00,0.000000E+00,0.000000E+00,0.000000E+00,0.000000E+00,0.000000E+00,2.200319E+00,1.308805E+01,3.499836E+01,3.112088E+01,8.894004E+05,0.000000E+00,2.177243E+01,0.000000E+00,0.000000E+00,0.000000E+00,0.000000E+00,0.000000E+00,0.000000E+00,0.000000E+00,0.000000E+00,0.000000E+00,9.939814E+00,5.362147E+01,2.260883E+01,8.494203E+01
05:50:00,0.000000E+00,9.149267E+00,0.000000E+00,3.903305E-04,0.000000E+00,0.000000E+00,0.000000E+00,0.000000E+00,0.000000E+00,0.000000E+00,0.000000E+00,0.000000E+00,2.400960E+00,1.289719E+01,3.499815E+01,3.098142E+01,8.894036E+05,0.000000E+00,2.177251E+01,0.000000E+00,0.000000E+00,0.000000E+00,0.000000E+00,0.000000E+00,0.000000E+00,0.000000E+00,0.000000E+00,0.000000E+00,9.939813E+00,5.362156E+01,2.262306E+01,8.486900E+01
06:00:00,0.000000E+00,1.435550E+01,0.000000E+00,6.123386E-04,0.000000E+00,0.000000E+00,0.000000E+00,0.000000E+00,0.000000E+00,0.000000E+00,0.000000E+00,0.000000E+00,2.598281E+00,1.271250E+01,3.499731E+01,3.067197E+01,8.894067E+05,0.000000E+00,2.177259E+01,0.000000E+00,0.000000E+00,0.000000E+00,0.000000E+00,0.000000E+00,0.000000E+00,0.000000E+00,0.000000E+00,0.000000E+00,9.939813E+00,5.362164E+01,2.263833E+01,8.479068E+01
06:10:00,0.000000E+00,2.024294E+01,0.000000E+00,8.634037E-04,0.000000E+00,0.000000E+00,0.000000E+00,0.000000E+00,0.000000E+00,0.000000E+00,0.000000E+00,0.000000E+00,2.792347E+00,1.253373E+01,3.499656E+01,3.023477E+01,8.894096E+05,0.000000E+00,2.177266E+01,0.000000E+00,0.000000E+00,0.000000E+00,0.000000E+00,0.000000E+00,0.000000E+00,0.000000E+00,0.000000E+00,0.000000E+00,9.939813E+00,5.362172E+01,2.265348E+01,8.471310E+01
06:20:00,0.000000E+00,2.666506E+01,0.000000E+00,1.137278E-03,0.000000E+00,0.000000E+00,0.000000E+00,0.000000E+00,0.000000E+00,0.000000E+00,0.000000E+00,0.000000E+00,2.983211E+00,1.236063E+01,3.499589E+01,2.973016E+01,8.894124E+05,0.000000E+00,2.177273E+01,0.000000E+00,0.000000E+00,0.000000E+00,0.000000E+00,0.000000E+00,0.000000E+00,0.000000E+00,0.000000E+00,0.000000E+00,9.939813E+00,5.362179E+01,2.268915E+01,8.453049E+01
06:30:00,0.000000E+00,3.200336E+01,0.000000E+00,1.364748E-03,0.000000E+00,0.000000E+00,0.000000E+00,0.000000E+00,0.000000E+00,0.000000E+00,0.000000E+00,0.000000E+00,3.170926E+00,1.219299E+01,3.499558E+01,2.920558E+01,8.894151E+05,0.000000E+00,2.177279E+01,0.000000E+00,0.000000E+00,0.000000E+00,0.000000E+00,0.000000E+00,0.000000E+00,0.000000E+00,0.000000E+00,0.000000E+00,9.939812E+00,5.362186E+01,2.274869E+01,8.422654E+01
06:40:00,0.000000E+00,3.710203E+01,0.000000E+00,1.582198E-03,0.000000E+00,0.000000E+00,0.000000E+00,0.000000E+00,0.000000E+00,0.000000E+00,0.000000E+00,0.000000E+00,3.355544E+00,1.203059E+01,3.499584E+01,2.866687E+01,8.894177E+05,0.000000E+00,2.177286E+01,0.000000E+00,0.000000E+00,0.000000E+00,0.000000E+00,0.000000E+00,0.000000E+00,0.000000E+00,0.000000E+00,0.000000E+00,9.939812E+00,5.362193E+01,2.282417E+01,8.384303E+01
06:50:00,0.000000E+00,4.185627E+01,0.000000E+00,1.784962E-03,0.000000E+00,0.000000E+00,0.000000E+00,0.000000E+00,0.000000E+00,0.000000E+00,0.000000E+00,0.000000E+00,3.537117E+00,1.187322E+01,3.499590E+01,2.812310E+01,8.894201E+05,0.000000E+00,2.177292E+01,0.000000E+00,0.000000E+00,0.000000E+00,0.000000E+00,0.000000E+00,0.000000E+00,0.000000E+00,0.000000E+00,0.000000E+00,9.939812E+00,5.362199E+01,2.290597E+01,8.342960E+01
07:00:00,0.000000E+00,4.648369E+01,0.000000E+00,1.982311E-03,0.000000E+00,0.000000E+00,0.000000E+00,0.000000E+00,0.000000E+00,0.000000E+00,0.000000E+00,0.000000E+00,3.715696E+00,1.172067E+01,3.499608E+01,2.758232E+01,8.894224E+05,0.000000E+00,2.177297E+01,0.000000E+00,0.000000E+00,0.000000E+00,0.000000E+00,0.000000E+00,0.000000E+00,0.000000E+00,0.000000E+00,0.000000E+00,9.939812E+00,5.362205E+01,2.298874E+01,8.301367E+01
07:10:00,0.000000E+00,5.129730E+01,0.000000E+00,2.187589E-03,0.000000E+00,0.000000E+00,0.000000E+00,0.000000E+00,0.000000E+00,0.000000E+00,0.000000E+00,0.000000E+00,3.891331E+00,1.157278E+01,3.499625E+01,2.705605E+01,8.894247E+05,0.000000E+00,2.177303E+01,0.000000E+00,0.000000E+00,0.000000E+00,0.000000E+00,0.000000E+00,0.000000E+00,0.000000E+00,0.000000E+00,0.000000E+00,9.939811E+00,5.362211E+01,2.307107E+01,8.260232E+01
07:20:00,0.000000E+00,5.642499E+01,0.000000E+00,2.406250E-03,0.000000E+00,0.000000E+00,0.000000E+00,0.000000E+00,0.000000E+00,0.000000E+00,0.000000E+00,0.000000E+00,4.064070E+00,1.142935E+01,3.499644E+01,2.655580E+01,8.894268E+05,0.000000E+00,2.177308E+01,0.000000E+00,0.000000E+00,0.000000E+00,0.000000E+00,0.000000E+00,0.000000E+00,0.000000E+00,0.000000E+00,0.000000E+00,9.939811E+00,5.362216E+01,2.319438E+01,8.199028E+01
07:30:00,0.000000E+00,6.152285E+01,0.000000E+00,2.623629E-03,0.000000E+00,0.000000E+00,0.000000E+00,0.000000E+00,0.000000E+00,0.000000E+00,0.000000E+00,0.000000E+00,4.233962E+00,1.129022E+01,3.499665E+01,2.609136E+01,8.894288E+05,0.000000E+00,2.177313E+01,0.000000E+00,0.000000E+00,0.000000E+00,0.000000E+00,0.000000E+00,0.000000E+00,0.000000E+00,0.000000E+00,0.000000E+00,9.939811E+00,5.362222E+01,2.336559E+01,8.114894E+01
07:40:00,0.000000E+00,6.665659E+01,0.000000E+00,2.842535E-03,0.000000E+00,0.000000E+00,0.000000E+00,0.000000E+00,0.000000E+00,0.000000E+00,0.000000E+00,0.000000E+00,4.401054E+00,1.115523E+01,3.499687E+01,2.566934E+01,8.894308E+05,0.000000E+00,2.177318E+01,0.000000E+00,0.000000E+00,0.000000E+00,0.000000E+00,0.000000E+00,0.000000E+00,0.000000E+00,0.000000E+00,0.000000E+00,9.939811E+00,5.362227E+01,2.356802E+01,8.016663E+01
07:50:00,0.000000E+00,2.195176E+02,0.000000E+00,1.544353E-02,0.000000E+00,0.000000E+00,0.000000E+00,0.000000E+00,0.000000E+00,0.000000E+00,0.000000E+00,0.000000E+00,4.565392E+00,1.102422E+01,2.217583E+01,4.854648E+01,8.894327E+05,5.222899E+04,2.177322E+01,4.754352E+00,0.000000E+00,0.000000E+00,0.000000E+00,0.000000E+00,0.000000E+00,0.000000E+00,0.000000E+00,0.000000E+00,9.939811E+00,5.362232E+01,2.020638E+01,8.329129E+01
08:00:00,0.000000E+00,3.733708E+02,0.000000E+00,3.430527E-02,0.000000E+00,0.000000E+00,0.000000E+00,0.000000E+00,0.000000E+00,0.000000E+00,0.000000E+00,0.000000E+00,4.144770E+00,1.134993E+01,2.034905E+01,5.301954E+01,8.897269E+05,6.895301E+04,2.178136E+01,6.818763E+00,0.000000E+00,0.000000E+00,0.000000E+00,0.000000E+00,0.000000E+00,0.000000E+00,0.000000E+00,0.000000E+00,9.950109E+00,5.359908E+01,1.990866E+01,8.237180E+01
08:10:00,0.000000E+00,5.198095E+02,0.000000E+00,5.299359E-02,0.000000E+00,0.000000E+00,0.000000E+00,0.000000E+00,0.000000E+00,0.000000E+00,0.000000E+00,0.000000E+00,3.952045E+00,1.150179E+01,2.004935E+01,5.374328E+01,8.868457E+05,1.026245E+05,2.171286E+01,1.094900E+01,0.000000E+00,0.000000E+00,0.000000E+00,0.000000E+00,0.000000E+00,0.000000E+00,0.000000E+00,0.000000E+00,9.962636E+00,5.351757E+01,1.999483E+01,8.075294E+01
08:20:00,0.000000E+00,6.354959E+02,0.000000E+00,6.804653E-02,0.000000E+00,0.000000E+00,0.000000E+00,0.000000E+00,0.000000E+00,0.000000E+00,0.000000E+00,0.000000E+00,4.494298E+00,1.106952E+01,2.002656E+01,5.407379E+01,8.835251E+05,1.291217E+05,2.163370E+01,1.420275E+01,0.000000E+00,0.000000E+00,0.000000E+00,0.000000E+00,0.000000E+00,0.000000E+00,0.000000E+00,0.000000E+00,9.963874E+00,5.332502E+01,1.998619E+01,7.979863E+01
08:30:00,0.000000E+00,7.359557E+02,0.000000E+00,8.132927E-02,0.000000E+00,0.000000E+00,0.000000E+00,0.000000E+00,0.000000E+00,0.000000E+00,0.000000E+00,0.000000E+00,4.381723E+00,1.115468E+01,2.001278E+01,5.421505E+01,8.804905E+05,1.570931E+05,2.155986E+01,1.763696E+01,0.000000E+00,0.000000E+00,0.000000E+00,0.000000E+00,0.000000E+00,0.000000E+00,0.000000E+00,0.000000E+00,9.944847E+00,5.326052E+01,1.998748E+01,7.828186E+01
08:40:00,0.000000E+00,8.242006E+02,0.000000E+00,9.319524E-02,0.000000E+00,0.000000E+00,0.000000E+00,0.000000E+00,0.000000E+00,0.000000E+00,0.000000E+00,0.000000E+00,4.170375E+00,1.131809E+01,2.000556E+01,5.421990E+01,8.773304E+05,1.865270E+05,2.148264E+01,2.125061E+01,0.000000E+00,0.000000E+00,0.000000E+00,0.000000E+00,0.000000E+00,0.000000E+00,0.000000E+00,0.000000E+00,9.941365E+00,5.318068E+01,1.998777E+01,7.714642E+01
08:50:00,0.000000E+00,7.548152E+02,0.000000E+00,9.154046E-02,0.000000E+00,0.000000E+00,0.000000E+00,0.000000E+00,0.000000E+00,0.000000E+00,0.000000E+00,0.000000E+00,3.925435E+00,1.151149E+01,2.000207E+01,5.425160E+01,8.741781E+05,1.652010E+05,2.140555E+01,2.029023E+01,0.000000E+00,0.000000E+00,0.000000E+00,0.000000E+00,0.000000E+00,0.000000E+00,0.000000E+00,0.000000E+00,9.940720E+00,5.316260E+01,1.998780E+01,7.635585E+01
09:00:00,0.000000E+00,6.762863E+02,0.000000E+00,8.269776E-02,0.000000E+00,0.000000E+00,0.000000E+00,0.000000E+00,0.000000E+00,0.000000E+00,0.000000E+00,0.000000E+00,3.747320E+00,1.165367E+01,2.000045E+01,5.430835E+01,8.707281E+05,1.808829E+05,2.132023E+01,2.220438E+01,0.000000E+00,0.000000E+00,0.000000E+00,0.000000E+00,0.000000E+00,0.000000E+00,0.000000E+00,0.000000E+00,9.940588E+00,5.316685E+01,1.998768E+01,7.573781E+01
09:10:00,0.000000E+00,5.984066E+02,0.000000E+00,7.326943E-02,0.000000E+00,0.000000E+00,0.000000E+00,0.000000E+00,0.000000E+00,0.000000E+00,0.000000E+00,0.000000E+00,3.593952E+00,1.177733E+01,1.999971E+01,5.436112E+01,8.704463E+05,1.810330E+05,2.131137E+01,2.222661E+01,0.000000E+00,0.000000E+00,0.000000E+00,0.000000E+00,0.000000E+00,0.000000E+00,0.000000E+00,0.000000E+00,9.940572E+00,5.317017E+01,1.998748E+01,7.516785E+01
09:20:00,0.000000E+00,5.456392E+02,0.000000E+00,6.685333E-02,0.000000E+00,0.000000E+00,0.000000E+00,0.000000E+00,0.000000E+00,0.000000E+00,0.000000E+00,0.000000E+00,3.432939E+00,1.190895E+01,1.999937E+01,5.440493E+01,8.705972E+05,1.898007E+05,2.131300E+01,2.330265E+01,0.000000E+00,0.000000E+00,0.000000E+00,0.000000E+00,0.000000E+00,0.000000E+00,0.000000E+00,0.000000E+00,9.940575E+00,5.316881E+01,1.998729E+01,7.462222E+01
09:30:00,0.000000E+00,5.033674E+02,0.000000E+00,6.169440E-02,0.000000E+00,0.000000E+00,0.000000E+00,0.000000E+00,0.000000E+00,0.000000E+00,0.000000E+00,0.000000E+00,3.268263E+00,1.204540E+01,1.999922E+01,5.444419E+01,8.704559E+05,1.985601E+05,2.130916E+01,2.437830E+01,0.000000E+00,0.000000E+00,0.000000E+00,0.000000E+00,0.000000E+00,0.000000E+00,0.000000E+00,0.000000E+00,9.940578E+00,5.316590E+01,1.998711E+01,7.410172E+01
09:40:00,0.000000E+00,4.693056E+02,0.000000E+00,5.752850E-02,0.000000E+00,0.000000E+00,0.000000E+00,0.000000E+00,0.000000E+00,0.000000E+00,0.000000E+00,0.000000E+00,3.108764E+00,1.217920E+01,1.999915E+01,5.448077E+01,8.704345E+05,2.073407E+05,2.130857E+01,2.545680E+01,0.000000E+00,0.000000E+00,0.000000E+00,0.000000E+00,0.000000E+00,0.000000E+00,0.000000E+00,0.000000E+00,9.940578E+00,5.316369E+01,1.998693E+01,7.360536E+01
09:50:00,0.000000E+00,4.417152E+02,0.000000E+00,5.415018E-02,0.000000E+00,0.000000E+00,0.000000E+00,0.000000E+00,0.000000E+00,0.000000E+00,0.000000E+00,0.000000E+00,2.955050E+00,1.230968E+01,1.999911E+01,5.451415E+01,8.704001E+05,2.161501E+05,2.130772E+01,2.653898E+01,0.000000E+00,0.000000E+00,0.000000E+00,0.000000E+00,0.000000E+00,0.000000E+00,0.000000E+00,0.000000E+00,9.940579E+00,5.316246E+01,1.998676E+01,7.312949E+01
10:00:00,0.000000E+00,4.193385E+02,0.000000E+00,5.140863E-02,0.000000E+00,0.000000E+00,0.000000E+00,0.000000E+00,0.000000E+00,0.000000E+00,0.000000E+00,0.000000E+00,2.804762E+00,1.243876E+01,1.999908E+01,5.454371E+01,8.703662E+05,2.249644E+05,2.130689E+01,2.762181E+01,0.000000E+00,0.000000E+00,0.000000E+00,0.000000E+00,0.000000E+00,0.000000E+00,0.000000E+00,0.000000E+00,9.940580E+00,5.316169E+01,1.998660E+01,7.267140E+01
10:10:00,0.000000E+00,4.012027E+02,0.000000E+00,4.918599E-02,0.000000E+00,0.000000E+00,0.000000E+00,0.000000E+00,0.000000E+00,0.000000E+00,0.000000E+00,0.000000E+00,2.657027E+00,1.256714E+01,1.999907E+01,5.456938E+01,8.703351E+05,2.337611E+05,2.130612E+01,2.870252E+01,0.000000E+00,0.000000E+00,0.000000E+00,0.000000E+00,0.000000E+00,0.000000E+00,0.000000E+00,0.000000E+00,9.940582E+00,5.316101E+01,1.998644E+01,7.223023E+01
10:20:00,0.000000E+00,3.865430E+02,0.000000E+00,4.738910E-02,0.000000E+00,0.000000E+00,0.000000E+00,0.000000E+00,0.000000E+00,0.000000E+00,0.000000E+00,0.000000E+00,2.512073E+00,1.269456E+01,1.999905E+01,5.459135E+01,8.703066E+05,2.425168E+05,2.130543E+01,2.977819E+01,0.000000E+00,0.000000E+00,0.000000E+00,0.000000E+00,0.000000E+00,0.000000E+00,0.000000E+00,0.000000E+00,9.940583E+00,5.316030E+01,1.998632E+01,7.182004E+01
10:30:00,0.000000E+00,3.747491E+02,0.000000E+00,4.594339E-02,0.000000E+00,0.000000E+00,0.000000E+00,0.000000E+00,0.000000E+00,0.000000E+00,0.000000E+00,0.000000E+00,2.370013E+00,1.282084E+01,1.999904E+01,5.460982E+01,8.702803E+05,2.512095E+05,2.130478E+01,3.084613E+01,0.000000E+00,0.000000E+00,0.000000E+00,0.000000E+00,0.000000E+00,0.000000E+00,0.000000E+00,0.000000E+00,9.940585E+00,5.315961E+01,1.998620E+01,7.143869E+01
10:40:00,0.000000E+00,3.653281E+02,0.000000E+00,4.478850E-02,0.000000E+00,0.000000E+00,0.000000E+00,0.000000E+00,0.000000E+00,0.000000E+00,0.000000E+00,0.000000E+00,2.230679E+00,1.294607E+01,1.999903E+01,5.462500E+01,8.702559E+05,2.598190E+05,2.130419E+01,3.190385E+01,0.000000E+00,0.000000E+00,0.000000E+00,0.000000E+00,0.000000E+00,0.000000E+00,0.000000E+00,0.000000E+00,9.940587E+00,5.315896E+01,1.998609E+01,7.107753E+01
10:50:00,0.000000E+00,3.578737E+02,0.000000E+00,4.387470E-02,0.000000E+00,0.000000E+00,0.000000E+00,0.000000E+00,0.000000E+00,0.000000E+00,0.000000E+00,0.000000E+00,2.093892E+00,1.307035E+01,1.999902E+01,5.463714E+01,8.702333E+05,2.683271E+05,2.130364E+01,3.294912E+01,0.000000E+00,0.000000E+00,0.000000E+00,0.000000E+00,0.000000E+00,0.000000E+00,0.000000E+00,0.000000E+00,9.940588E+00,5.315837E+01,1.998598E+01,7.073101E+01
11:00:00,0.000000E+00,3.520551E+02,0.000000E+00,4.316141E-02,0.000000E+00,0.000000E+00,0.000000E+00,0.000000E+00,0.000000E+00,0.000000E+00,0.000000E+00,0.000000E+00,1.959556E+00,1.319372E+01,1.999901E+01,5.464654E+01,8.702121E+05,2.767171E+05,2.130312E+01,3.397988E+01,0.000000E+00,0.000000E+00,0.000000E+00,0.000000E+00,0.000000E+00,0.000000E+00,0.000000E+00,0.000000E+00,9.940589E+00,5.315782E+01,1.998587E+01,7.039768E+01
11:10:00,0.000000E+00,3.475948E+02,0.000000E+00,4.261464E-02,0.000000E+00,0.000000E+00,0.000000E+00,0.000000E+00,0.000000E+00,0.000000E+00,0.000000E+00,0.000000E+00,1.827607E+00,1.331617E+01,1.999900E+01,5.465355E+01,8.701923E+05,2.848027E+05,2.130263E+01,3.497324E+01,0.000000E+00,0.000000E+00,0.000000E+00,0.000000E+00,0.000000E+00,0.000000E+00,0.000000E+00,0.000000E+00,9.940591E+00,5.315730E+01,1.998576E+01,7.007773E+01
11:20:00,0.000000E+00,3.442623E+02,0.000000E+00,4.220614E-02,0.000000E+00,0.000000E+00,0.000000E+00,0.000000E+00,0.000000E+00,0.000000E+00,0.000000E+00,0.000000E+00,1.697978E+00,1.343771E+01,1.999900E+01,5.465856E+01,8.701736E+05,2.925713E+05,2.130218E+01,3.592765E+01,0.000000E+00,0.000000E+00,0.000000E+00,0.000000E+00,0.000000E+00,0.000000E+00,0.000000E+00,0.000000E+00,9.940592E+00,5.315681E+01,1.998573E+01,6.980051E+01
11:30:00,0.000000E+00,3.418634E+02,0.000000E+00,4.191207E-02,0.000000E+00,0.000000E+00,0.000000E+00,0.000000E+00,0.000000E+00,0.000000E+00,0.000000E+00,0.000000E+00,1.570600E+00,1.355837E+01,1.999899E+01,5.466186E+01,8.701561E+05,3.000111E+05,2.130175E+01,3.684165E+01,0.000000E+00,0.000000E+00,0.000000E+00,0.000000E+00,0.000000E+00,0.000000E+00,0.000000E+00,0.000000E+00,9.940593E+00,5.315635E+01,1.998569E+01,6.956008E+01
11:40:00,0.000000E+00,3.402330E+02,0.000000E+00,4.171222E-02,0.000000E+00,0.000000E+00,0.000000E+00,0.000000E+00,0.000000E+00,0.000000E+00,0.000000E+00,0.000000E+00,1.445412E+00,1.367814E+01,1.999899E+01,5.466368E+01,8.701395E+05,3.071114E+05,2.130134E+01,3.771393E+01,0.000000E+00,0.000000E+00,0.000000E+00,0.000000E+00,0.000000E+00,0.000000E+00,0.000000E+00,0.000000E+00,9.940594E+00,5.315592E+01,1.998563E+01,6.933816E+01
11:50:00,0.000000E+00,3.392305E+02,0.000000E+00,4.158935E-02,0.000000E+00,0.000000E+00,0.000000E+00,0.000000E+00,0.000000E+00,0.000000E+00,0.000000E+00,0.000000E+00,1.322360E+00,1.379704E+01,1.999899E+01,5.466429E+01,8.701238E+05,3.138626E+05,2.130096E+01,3.854330E+01,0.000000E+00,0.000000E+00,0.000000E+00,0.000000E+00,0.000000E+00,0.000000E+00,0.000000E+00,0.000000E+00,9.940595E+00,5.315550E+01,1.998557E+01,6.912438E+01
12:00:00,0.000000E+00,3.387347E+02,0.000000E+00,4.152858E-02,0.000000E+00,0.000000E+00,0.000000E+00,0.000000E+00,0.000000E+00,0.000000E+00,0.000000E+00,0.000000E+00,1.201395E+00,1.391506E+01,1.999899E+01,5.466392E+01,8.701090E+05,3.202558E+05,2.130060E+01,3.932869E+01,0.000000E+00,0.000000E+00,0.000000E+00,0.000000E+00,0.000000E+00,0.000000E+00,0.000000E+00,0.000000E+00,9.940597E+00,5.315511E+01,1.998551E+01,6.891706E+01
12:10:00,0.000000E+00,3.386431E+02,0.000000E+00,4.151736E-02,0.000000E+00,0.000000E+00,0.000000E+00,0.000000E+00,0.000000E+00,0.000000E+00,0.000000E+00,0.000000E+00,1.082472E+00,1.403219E+01,1.999898E+01,5.466281E+01,8.700949E+05,3.264566E+05,2.130025E+01,4.009044E+01,0.000000E+00,0.000000E+00,0.000000E+00,0.000000E+00,0.000000E+00,0.000000E+00,0.000000E+00,0.000000E+00,9.940598E+00,5.315474E+01,1.998546E+01,6.871735E+01
12:20:00,0.000000E+00,3.388639E+02,0.000000E+00,4.154444E-02,0.000000E+00,0.000000E+00,0.000000E+00,0.000000E+00,0.000000E+00,0.000000E+00,0.000000E+00,0.000000E+00,9.655447E-01,1.414845E+01,1.999898E+01,5.466120E+01,8.700816E+05,3.324569E+05,2.129993E+01,4.082756E+01,0.000000E+00,0.000000E+00,0.000000E+00,0.000000E+00,0.000000E+00,0.000000E+00,0.000000E+00,0.000000E+00,9.940599E+00,5.315439E+01,1.998542E+01,6.853626E+01
12:30:00,0.000000E+00,3.393166E+02,0.000000E+00,4.159996E-02,0.000000E+00,0.000000E+00,0.000000E+00,0.000000E+00,0.000000E+00,0.000000E+00,0.000000E+00,0.000000E+00,8.505740E-01,1.426383E+01,1.999898E+01,5.465927E+01,8.700689E+05,3.382507E+05,2.129962E+01,4.153933E+01,0.000000E+00,0.000000E+00,0.000000E+00,0.000000E+00,0.000000E+00,0.000000E+00,0.000000E+00,0.000000E+00,9.940599E+00,5.315405E+01,1.998539E+01,6.837137E+01
12:40:00,0.000000E+00,3.399308E+02,0.000000E+00,4.167526E-02,0.000000E+00,0.000000E+00,0.000000E+00,0.000000E+00,0.000000E+00,0.000000E+00,0.000000E+00,0.000000E+00,7.375206E-01,1.437831E+01,1.999898E+01,5.465713E+01,8.700568E+05,3.438329E+05,2.129932E+01,4.222511E+01,0.000000E+00,0.000000E+00,0.000000E+00,0.000000E+00,0.000000E+00,0.000000E+00,0.000000E+00,0.000000E+00,9.940600E+00,5.315373E+01,1.998535E+01,6.821599E+01
12:50:00,0.000000E+00,3.406445E+02,0.000000E+00,4.176276E-02,0.000000E+00,0.000000E+00,0.000000E+00,0.000000E+00,0.000000E+00,0.000000E+00,0.000000E+00,0.000000E+00,6.263478E-01,1.449191E+01,1.999898E+01,5.465491E+01,8.700453E+05,3.491998E+05,2.129904E+01,4.288444E+01,0.000000E+00,0.000000E+00,0.000000E+00,0.000000E+00,0.000000E+00,0.000000E+00,0.000000E+00,0.000000E+00,9.940601E+00,5.315343E+01,1.998531E+01,6.806649E+01
13:00:00,0.000000E+00,3.414035E+02,0.000000E+00,4.185582E-02,0.000000E+00,0.000000E+00,0.000000E+00,0.000000E+00,0.000000E+00,0.000000E+00,0.000000E+00,0.000000E+00,5.170200E-01,1.460461E+01,1.999898E+01,5.465274E+01,8.700344E+05,3.543491E+05,2.129877E+01,4.351702E+01,0.000000E+00,0.000000E+00,0.000000E+00,0.000000E+00,0.000000E+00,0.000000E+00,0.000000E+00,0.000000E+00,9.940602E+00,5.315314E+01,1.998527E+01,6.792230E+01
13:10:00,0.000000E+00,3.421605E+02,0.000000E+00,4.194863E-02,0.000000E+00,0.000000E+00,0.000000E+00,0.000000E+00,0.000000E+00,0.000000E+00,0.000000E+00,0.000000E+00,4.095033E-01,1.471641E+01,1.999898E+01,5.465071E+01,8.700240E+05,3.592250E+05,2.129852E+01,4.411602E+01,0.000000E+00,0.000000E+00,0.000000E+00,0.000000E+00,0.000000E+00,0.000000E+00,0.000000E+00,0.000000E+00,9.940603E+00,5.315286E+01,1.998524E+01,6.778365E+01
13:20:00,0.000000E+00,3.428769E+02,0.000000E+00,4.203645E-02,0.000000E+00,0.000000E+00,0.000000E+00,0.000000E+00,0.000000E+00,0.000000E+00,0.000000E+00,0.000000E+00,3.037648E-01,1.482730E+01,1.999899E+01,5.464896E+01,8.700140E+05,3.638324E+05,2.129828E+01,4.468203E+01,0.000000E+00,0.000000E+00,0.000000E+00,0.000000E+00,0.000000E+00,0.000000E+00,0.000000E+00,0.000000E+00,9.940604E+00,5.315259E+01,1.998523E+01,6.766469E+01
13:30:00,0.000000E+00,3.435247E+02,0.000000E+00,4.211587E-02,0.000000E+00,0.000000E+00,0.000000E+00,0.000000E+00,0.000000E+00,0.000000E+00,0.000000E+00,0.000000E+00,1.997730E-01,1.493729E+01,1.999899E+01,5.464751E+01,8.700045E+05,3.681801E+05,2.129804E+01,4.521613E+01,0.000000E+00,0.000000E+00,0.000000E+00,0.000000E+00,0.000000E+00,0.000000E+00,0.000000E+00,0.000000E+00,9.940605E+00,5.315234E+01,1.998522E+01,6.756164E+01
13:40:00,0.000000E+00,3.440898E+02,0.000000E+00,4.218514E-02,0.000000E+00,0.000000E+00,0.000000E+00,0.000000E+00,0.000000E+00,0.000000E+00,0.000000E+00,0.000000E+00,9.749710E-02,1.504636E+01,1.999899E+01,5.464635E+01,8.699954E+05,3.722800E+05,2.129782E+01,4.571978E+01,0.000000E+00,0.000000E+00,0.000000E+00,0.000000E+00,0.000000E+00,0.000000E+00,0.000000E+00,0.000000E+00,9.940605E+00,5.315210E+01,1.998520E+01,6.746534E+01
13:50:00,0.000000E+00,3.445730E+02,0.000000E+00,4.224438E-02,0.000000E+00,0.000000E+00,0.000000E+00,0.000000E+00,0.000000E+00,0.000000E+00,0.000000E+00,0.000000E+00,-3.092832E-03,1.515643E+01,1.999899E+01,5.464539E+01,8.699867E+05,3.761459E+05,2.129761E+01,4.619468E+01,0.000000E+00,0.000000E+00,0.000000E+00,0.000000E+00,0.000000E+00,0.000000E+00,0.000000E+00,0.000000E+00,9.940606E+00,5.315187E+01,1.998518E+01,6.737093E+01
14:00:00,0.000000E+00,3.449906E+02,0.000000E+00,4.229557E-02,0.000000E+00,0.000000E+00,0.000000E+00,0.000000E+00,0.000000E+00,0.000000E+00,0.000000E+00,0.000000E+00,-1.020258E-01,1.527833E+01,1.999899E+01,5.464454E+01,8.699784E+05,3.797924E+05,2.129741E+01,4.664263E+01,0.000000E+00,0.000000E+00,0.000000E+00,0.000000E+00,0.000000E+00,0.000000E+00,0.000000E+00,0.000000E+00,9.940607E+00,5.315165E+01,1.998515E+01,6.727770E+01
14:10:00,0.000000E+00,3.453699E+02,0.000000E+00,4.234207E-02,0.000000E+00,0.000000E+00,0.000000E+00,0.000000E+00,0.000000E+00,0.000000E+00,0.000000E+00,0.000000E+00,-1.993303E-01,1.539928E+01,1.999899E+01,5.464366E+01,8.699705E+05,3.831197E+05,2.129721E+01,4.705136E+01,0.000000E+00,0.000000E+00,0.000000E+00,0.000000E+00,0.000000E+00,0.000000E+00,0.000000E+00,0.000000E+00,9.940607E+00,5.315144E+01,1.998513E+01,6.718611E+01
14:20:00,0.000000E+00,3.457490E+02,0.000000E+00,4.238855E-02,0.000000E+00,0.000000E+00,0.000000E+00,0.000000E+00,0.000000E+00,0.000000E+00,0.000000E+00,0.000000E+00,-2.950338E-01,1.551927E+01,1.999899E+01,5.464272E+01,8.699629E+05,3.861377E+05,2.129703E+01,4.742209E+01,0.000000E+00,0.000000E+00,0.000000E+00,0.000000E+00,0.000000E+00,0.000000E+00,0.000000E+00,0.000000E+00,9.940608E+00,5.315123E+01,1.998514E+01,6.711873E+01
14:30:00,0.000000E+00,3.461692E+02,0.000000E+00,4.244006E-02,0.000000E+00,0.000000E+00,0.000000E+00,0.000000E+00,0.000000E+00,0.000000E+00,0.000000E+00,0.000000E+00,-3.891636E-01,1.563829E+01,1.999899E+01,5.464159E+01,8.699556E+05,3.888519E+05,2.129685E+01,4.775549E+01,0.000000E+00,0.000000E+00,0.000000E+00,0.000000E+00,0.000000E+00,0.000000E+00,0.000000E+00,0.000000E+00,9.940609E+00,5.315104E+01,1.998516E+01,6.707044E+01
14:40:00,0.000000E+00,3.466682E+02,0.000000E+00,4.250124E-02,0.000000E+00,0.000000E+00,0.000000E+00,0.000000E+00,0.000000E+00,0.000000E+00,0.000000E+00,0.000000E+00,-4.817461E-01,1.575633E+01,1.999899E+01,5.464015E+01,8.699487E+05,3.912645E+05,2.129668E+01,4.805182E+01,0.000000E+00,0.000000E+00,0.000000E+00,0.000000E+00,0.000000E+00,0.000000E+00,0.000000E+00,0.000000E+00,9.940609E+00,5.315085E+01,1.998516E+01,6.702820E+01
14:50:00,0.000000E+00,3.472760E+02,0.000000E+00,4.257575E-02,0.000000E+00,0.000000E+00,0.000000E+00,0.000000E+00,0.000000E+00,0.000000E+00,0.000000E+00,0.000000E+00,-5.728072E-01,1.587340E+01,1.999899E+01,5.463834E+01,8.699420E+05,3.933748E+05,2.129652E+01,4.831102E+01,0.000000E+00,0.000000E+00,0.000000E+00,0.000000E+00,0.000000E+00,0.000000E+00,0.000000E+00,0.000000E+00,9.940610E+00,5.315067E+01,1.998515E+01,6.698574E+01
15:00:00,0.000000E+00,3.480119E+02,0.000000E+00,4.266597E-02,0.000000E+00,0.000000E+00,0.000000E+00,0.000000E+00,0.000000E+00,0.000000E+00,0.000000E+00,0.000000E+00,-6.623724E-01,1.598948E+01,1.999899E+01,5.463615E+01,8.699356E+05,3.951804E+05,2.129636E+01,4.853277E+01,0.000000E+00,0.000000E+00,0.000000E+00,0.000000E+00,0.000000E+00,0.000000E+00,0.000000E+00,0.000000E+00,9.940610E+00,5.315050E+01,1.998514E+01,6.694289E+01
15:10:00,0.000000E+00,3.488836E+02,0.000000E+00,4.277284E-02,0.000000E+00,0.000000E+00,0.000000E+00,0.000000E+00,0.000000E+00,0.000000E+00,0.000000E+00,0.000000E+00,-7.504667E-01,1.610456E+01,1.999899E+01,5.463362E+01,8.699294E+05,3.966202E+05,2.129621E+01,4.870958E+01,0.000000E+00,0.000000E+00,0.000000E+00,0.000000E+00,0.000000E+00,0.000000E+00,0.000000E+00,0.000000E+00,9.940611E+00,5.315034E+01,1.998514E+01,6.690089E+01
15:20:00,0.000000E+00,3.498895E+02,0.000000E+00,4.289616E-02,0.000000E+00,0.000000E+00,0.000000E+00,0.000000E+00,0.000000E+00,0.000000E+00,0.000000E+00,0.000000E+00,-8.371144E-01,1.621865E+01,1.999899E+01,5.463088E+01,8.699236E+05,3.976885E+05,2.129607E+01,4.884075E+01,0.000000E+00,0.000000E+00,0.000000E+00,0.000000E+00,0.000000E+00,0.000000E+00,0.000000E+00,0.000000E+00,9.940611E+00,5.315018E+01,1.998518E+01,6.688657E+01
15:30:00,0.000000E+00,3.510193E+02,0.000000E+00,4.303467E-02,0.000000E+00,0.000000E+00,0.000000E+00,0.000000E+00,0.000000E+00,0.000000E+00,0.000000E+00,0.000000E+00,-9.223396E-01,1.633174E+01,1.999899E+01,5.462795E+01,8.699179E+05,3.983787E+05,2.129593E+01,4.892546E+01,0.000000E+00,0.000000E+00,0.000000E+00,0.000000E+00,0.000000E+00,0.000000E+00,0.000000E+00,0.000000E+00,9.940612E+00,5.315003E+01,1.998522E+01,6.689433E+01
15:40:00,0.000000E+00,3.522556E+02,0.000000E+00,4.318624E-02,0.000000E+00,0.000000E+00,0.000000E+00,0.000000E+00,0.000000E+00,0.000000E+00,0.000000E+00,0.000000E+00,-1.006307E+00,1.644908E+01,1.999899E+01,5.462484E+01,8.699125E+05,3.986832E+05,2.129580E+01,4.896277E+01,0.000000E+00,0.000000E+00,0.000000E+00,0.000000E+00,0.000000E+00,0.000000E+00,0.000000E+00,0.000000E+00,9.940612E+00,5.314989E+01,1.998524E+01,6.690935E+01
15:50:00,0.000000E+00,3.535754E+02,0.000000E+00,4.334804E-02,0.000000E+00,0.000000E+00,0.000000E+00,0.000000E+00,0.000000E+00,0.000000E+00,0.000000E+00,0.000000E+00,-1.088994E+00,1.657413E+01,1.999899E+01,5.462161E+01,8.699073E+05,3.985940E+05,2.129567E+01,4.895170E+01,0.000000E+00,0.000000E+00,0.000000E+00,0.000000E+00,0.000000E+00,0.000000E+00,0.000000E+00,0.000000E+00,9.940613E+00,5.314975E+01,1.998526E+01,6.692466E+01
16:00:00,0.000000E+00,3.549501E+02,0.000000E+00,4.351658E-02,0.000000E+00,0.000000E+00,0.000000E+00,0.000000E+00,0.000000E+00,0.000000E+00,0.000000E+00,0.000000E+00,-1.170350E+00,1.670819E+01,1.999899E+01,5.461832E+01,8.699023E+05,3.981021E+05,2.129555E+01,4.889117E+01,0.000000E+00,0.000000E+00,0.000000E+00,0.000000E+00,0.000000E+00,0.000000E+00,0.000000E+00,0.000000E+00,9.940613E+00,5.314961E+01,1.998527E+01,6.694023E+01
16:10:00,0.000000E+00,3.563533E+02,0.000000E+00,4.368861E-02,0.000000E+00,0.000000E+00,0.000000E+00,0.000000E+00,0.000000E+00,0.000000E+00,0.000000E+00,0.000000E+00,-1.250384E+00,1.685148E+01,1.999899E+01,5.461509E+01,8.698975E+05,3.974255E+05,2.129543E+01,4.880793E+01,0.000000E+00,0.000000E+00,0.000000E+00,0.000000E+00,0.000000E+00,0.000000E+00,0.000000E+00,0.000000E+00,9.940614E+00,5.314949E+01,1.998528E+01,6.695759E+01
16:20:00,0.000000E+00,3.577537E+02,0.000000E+00,4.386030E-02,0.000000E+00,0.000000E+00,0.000000E+00,0.000000E+00,0.000000E+00,0.000000E+00,0.000000E+00,0.000000E+00,-1.329131E+00,1.700400E+01,1.999899E+01,5.461201E+01,8.698929E+05,3.965547E+05,2.129532E+01,4.870084E+01,0.000000E+00,0.000000E+00,0.000000E+00,0.000000E+00,0.000000E+00,0.000000E+00,0.000000E+00,0.000000E+00,9.940614E+00,5.314936E+01,1.998531E+01,6.698634E+01
16:30:00,0.000000E+00,3.591188E+02,0.000000E+00,4.402766E-02,0.000000E+00,0.000000E+00,0.000000E+00,0.000000E+00,0.000000E+00,0.000000E+00,0.000000E+00,0.000000E+00,-1.406617E+00,1.716569E+01,1.999899E+01,5.460914E+01,8.698885E+05,3.954810E+05,2.129521E+01,4.856885E+01,0.000000E+00,0.000000E+00,0.000000E+00,0.000000E+00,0.000000E+00,0.000000E+00,0.000000E+00,0.000000E+00,9.940614E+00,5.314924E+01,1.998535E+01,6.702477E+01
16:40:00,0.000000E+00,3.604159E+02,0.000000E+00,4.418667E-02,0.000000E+00,0.000000E+00,0.000000E+00,0.000000E+00,0.000000E+00,0.000000E+00,0.000000E+00,0.000000E+00,-1.482860E+00,1.733654E+01,1.999899E+01,5.460652E+01,8.698842E+05,3.941957E+05,2.129511E+01,4.841087E+01,0.000000E+00,0.000000E+00,0.000000E+00,0.000000E+00,0.000000E+00,0.000000E+00,0.000000E+00,0.000000E+00,9.940615E+00,5.314913E+01,1.998537E+01,6.706798E+01
16:50:00,0.000000E+00,3.616123E+02,0.000000E+00,4.433334E-02,0.000000E+00,0.000000E+00,0.000000E+00,0.000000E+00,0.000000E+00,0.000000E+00,0.000000E+00,0.000000E+00,-1.557878E+00,1.751657E+01,1.999900E+01,5.460421E+01,8.698801E+05,3.926899E+05,2.129501E+01,4.822580E+01,0.000000E+00,0.000000E+00,0.000000E+00,0.000000E+00,0.000000E+00,0.000000E+00,0.000000E+00,0.000000E+00,9.940615E+00,5.314902E+01,1.998540E+01,6.711379E+01
17:00:00,0.000000E+00,3.626776E+02,0.000000E+00,4.446395E-02,0.000000E+00,0.000000E+00,0.000000E+00,0.000000E+00,0.000000E+00,0.000000E+00,0.000000E+00,0.000000E+00,-1.631692E+00,1.770581E+01,1.999900E+01,5.460229E+01,8.698762E+05,3.909544E+05,2.129491E+01,4.801251E+01,0.000000E+00,0.000000E+00,0.000000E+00,0.000000E+00,0.000000E+00,0.000000E+00,0.000000E+00,0.000000E+00,9.940616E+00,5.314892E+01,1.998542E+01,6.716241E+01
17:10:00,0.000000E+00,3.635804E+02,0.000000E+00,4.457462E-02,0.000000E+00,0.000000E+00,0.000000E+00,0.000000E+00,0.000000E+00,0.000000E+00,0.000000E+00,0.000000E+00,-1.704321E+00,1.790427E+01,1.999900E+01,5.460081E+01,8.698724E+05,3.889779E+05,2.129482E+01,4.776961E+01,0.000000E+00,0.000000E+00,0.000000E+00,0.000000E+00,0.000000E+00,0.000000E+00,0.000000E+00,0.000000E+00,9.940616E+00,5.314881E+01,1.998545E+01,6.721460E+01
17:20:00,0.000000E+00,3.642895E+02,0.000000E+00,4.466156E-02,0.000000E+00,0.000000E+00,0.000000E+00,0.000000E+00,0.000000E+00,0.000000E+00,0.000000E+00,0.000000E+00,-1.775785E+00,1.811195E+01,1.999900E+01,5.459988E+01,8.698688E+05,3.867491E+05,2.129473E+01,4.749572E+01,0.000000E+00,0.000000E+00,0.000000E+00,0.000000E+00,0.000000E+00,0.000000E+00,0.000000E+00,0.000000E+00,9.940616E+00,5.314872E+01,1.998550E+01,6.728017E+01
17:30:00,0.000000E+00,3.647745E+02,0.000000E+00,4.472101E-02,0.000000E+00,0.000000E+00,0.000000E+00,0.000000E+00,0.000000E+00,0.000000E+00,0.000000E+00,0.000000E+00,-1.846102E+00,1.832884E+01,1.999900E+01,5.459953E+01,8.698652E+05,3.842565E+05,2.129464E+01,4.718941E+01,0.000000E+00,0.000000E+00,0.000000E+00,0.000000E+00,0.000000E+00,0.000000E+00,0.000000E+00,0.000000E+00,9.940617E+00,5.314862E+01,1.998555E+01,6.735780E+01
17:40:00,0.000000E+00,3.650051E+02,0.000000E+00,4.474927E-02,0.000000E+00,0.000000E+00,0.000000E+00,0.000000E+00,0.000000E+00,0.000000E+00,0.000000E+00,0.000000E+00,-1.915292E+00,1.855492E+01,1.999900E+01,5.459982E+01,8.698619E+05,3.814876E+05,2.129456E+01,4.684915E+01,0.000000E+00,0.000000E+00,0.000000E+00,0.000000E+00,0.000000E+00,0.000000E+00,0.000000E+00,0.000000E+00,9.940617E+00,5.314853E+01,1.998559E+01,6.744283E+01
17:50:00,0.000000E+00,3.649513E+02,0.000000E+00,4.474267E-02,0.000000E+00,0.000000E+00,0.000000E+00,0.000000E+00,0.000000E+00,0.000000E+00,0.000000E+00,0.000000E+00,-1.983373E+00,1.879015E+01,1.999900E+01,5.460081E+01,8.698586E+05,3.784285E+05,2.129448E+01,4.647326E+01,0.000000E+00,0.000000E+00,0.000000E+00,0.000000E+00,0.000000E+00,0.000000E+00,0.000000E+00,0.000000E+00,9.940617E+00,5.314844E+01,1.998564E+01,6.753326E+01
18:00:00,0.000000E+00,3.645828E+02,0.000000E+00,4.469749E-02,0.000000E+00,0.000000E+00,0.000000E+00,0.000000E+00,0.000000E+00,0.000000E+00,0.000000E+00,0.000000E+00,-2.050363E+00,1.903449E+01,1.999900E+01,5.460256E+01,8.698555E+05,3.750643E+05,2.129440E+01,4.605986E+01,0.000000E+00,0.000000E+00,0.000000E+00,0.000000E+00,0.000000E+00,0.000000E+00,0.000000E+00,0.000000E+00,9.940618E+00,5.314836E+01,1.998568E+01,6.762952E+01
18:10:00,0.000000E+00,3.556958E+02,0.000000E+00,4.360795E-02,0.000000E+00,0.000000E+00,0.000000E+00,0.000000E+00,0.000000E+00,0.000000E+00,0.000000E+00,0.000000E+00,-2.574509E+00,2.005384E+01,1.999900E+01,5.460517E+01,8.733720E+05,3.684442E+05,2.138237E+01,4.524662E+01,0.000000E+00,0.000000E+00,0.000000E+00,0.000000E+00,0.000000E+00,0.000000E+00,0.000000E+00,0.000000E+00,9.961378E+00,5.319462E+01,1.998573E+01,6.773275E+01
18:20:00,0.000000E+00,3.463026E+02,0.000000E+00,4.245627E-02,0.000000E+00,0.000000E+00,0.000000E+00,0.000000E+00,0.000000E+00,0.000000E+00,0.000000E+00,0.000000E+00,-3.132112E+00,2.101564E+01,1.999910E+01,5.433412E+01,8.765345E+05,3.612941E+05,2.146229E+01,4.436786E+01,0.000000E+00,0.000000E+00,0.000000E+00,0.000000E+00,0.000000E+00,0.000000E+00,0.000000E+00,0.000000E+00,9.968257E+00,5.332635E+01,1.998628E+01,6.803289E+01
18:30:00,0.000000E+00,3.364051E+02,0.000000E+00,4.124260E-02,0.000000E+00,0.000000E+00,0.000000E+00,0.000000E+00,0.000000E+00,0.000000E+00,0.000000E+00,0.000000E+00,-3.397205E+00,2.147521E+01,1.999932E+01,5.414662E+01,8.795173E+05,3.535850E+05,2.153736E+01,4.342040E+01,0.000000E+00,0.000000E+00,0.000000E+00,0.000000E+00,0.000000E+00,0.000000E+00,0.000000E+00,0.000000E+00,9.963233E+00,5.346541E+01,1.998642E+01,6.834211E+01
18:40:00,0.000000E+00,3.259780E+02,0.000000E+00,3.996384E-02,0.000000E+00,0.000000E+00,0.000000E+00,0.000000E+00,0.000000E+00,0.000000E+00,0.000000E+00,0.000000E+00,-3.535693E+00,2.170773E+01,1.999953E+01,5.411232E+01,8.827191E+05,3.452886E+05,2.161604E+01,4.240086E+01,0.000000E+00,0.000000E+00,0.000000E+00,0.000000E+00,0.000000E+00,0.000000E+00,0.000000E+00,0.000000E+00,9.943939E+00,5.355284E+01,1.998645E+01,6.858415E+01
18:50:00,0.000000E+00,3.149847E+02,0.000000E+00,3.861560E-02,0.000000E+00,0.000000E+00,0.000000E+00,0.000000E+00,0.000000E+00,0.000000E+00,0.000000E+00,0.000000E+00,-3.711256E+00,2.200083E+01,1.999962E+01,5.413539E+01,8.858328E+05,3.363661E+05,2.169226E+01,4.130443E+01,0.000000E+00,0.000000E+00,0.000000E+00,0.000000E+00,0.000000E+00,0.000000E+00,0.000000E+00,0.000000E+00,9.940523E+00,5.359170E+01,1.998650E+01,6.879321E+01
19:00:00,0.000000E+00,3.033770E+02,0.000000E+00,3.719203E-02,0.000000E+00,0.000000E+00,0.000000E+00,0.000000E+00,0.000000E+00,0.000000E+00,0.000000E+00,0.000000E+00,-3.872877E+00,2.227220E+01,1.999964E+01,5.415212E+01,8.889758E+05,3.267760E+05,2.176914E+01,4.012602E+01,0.000000E+00,0.000000E+00,0.000000E+00,0.000000E+00,0.000000E+00,0.000000E+00,0.000000E+00,0.000000E+00,9.939983E+00,5.359939E+01,1.998660E+01,6.901332E+01
19:10:00,0.000000E+00,2.992730E+02,0.000000E+00,3.668841E-02,0.000000E+00,0.000000E+00,0.000000E+00,0.000000E+00,0.000000E+00,0.000000E+00,0.000000E+00,0.000000E+00,-4.021133E+00,2.252304E+01,1.999964E+01,5.415667E+01,8.886122E+05,3.197706E+05,2.175829E+01,3.926496E+01,0.000000E+00,0.000000E+00,0.000000E+00,0.000000E+00,0.000000E+00,0.000000E+00,0.000000E+00,0.000000E+00,9.939885E+00,5.360024E+01,1.998672E+01,6.926147E+01
19:20:00,0.000000E+00,2.945615E+02,0.000000E+00,3.611041E-02,0.000000E+00,0.000000E+00,0.000000E+00,0.000000E+00,0.000000E+00,0.000000E+00,0.000000E+00,0.000000E+00,-4.162376E+00,2.276458E+01,1.999964E+01,5.415990E+01,8.886111E+05,3.125978E+05,2.175569E+01,3.838379E+01,0.000000E+00,0.000000E+00,0.000000E+00,0.000000E+00,0.000000E+00,0.000000E+00,0.000000E+00,0.000000E+00,9.939863E+00,5.360167E+01,1.998681E+01,6.951336E+01
19:30:00,0.000000E+00,2.891469E+02,0.000000E+00,3.544639E-02,0.000000E+00,0.000000E+00,0.000000E+00,0.000000E+00,0.000000E+00,0.000000E+00,0.000000E+00,0.000000E+00,-4.300816E+00,2.300432E+01,1.999964E+01,5.416682E+01,8.887968E+05,3.052852E+05,2.175813E+01,3.748550E+01,0.000000E+00,0.000000E+00,0.000000E+00,0.000000E+00,0.000000E+00,0.000000E+00,0.000000E+00,0.000000E+00,9.939857E+00,5.360389E+01,1.998691E+01,6.976612E+01
19:40:00,0.000000E+00,2.829805E+02,0.000000E+00,3.469037E-02,0.000000E+00,0.000000E+00,0.000000E+00,0.000000E+00,0.000000E+00,0.000000E+00,0.000000E+00,0.000000E+00,-4.436864E+00,2.324275E+01,1.999964E+01,5.417681E+01,8.887700E+05,2.978783E+05,2.175710E+01,3.657559E+01,0.000000E+00,0.000000E+00,0.000000E+00,0.000000E+00,0.000000E+00,0.000000E+00,0.000000E+00,0.000000E+00,9.939855E+00,5.360587E+01,1.998702E+01,7.002777E+01
19:50:00,0.000000E+00,2.760557E+02,0.000000E+00,3.384145E-02,0.000000E+00,0.000000E+00,0.000000E+00,0.000000E+00,0.000000E+00,0.000000E+00,0.000000E+00,0.000000E+00,-4.569982E+00,2.347864E+01,1.999964E+01,5.418853E+01,8.888369E+05,2.904483E+05,2.175868E+01,3.566280E+01,0.000000E+00,0.000000E+00,0.000000E+00,0.000000E+00,0.000000E+00,0.000000E+00,0.000000E+00,0.000000E+00,9.939854E+00,5.360724E+01,1.998714E+01,7.030288E+01
20:00:00,0.000000E+00,2.684135E+02,0.000000E+00,3.290460E-02,0.000000E+00,0.000000E+00,0.000000E+00,0.000000E+00,0.000000E+00,0.000000E+00,0.000000E+00,0.000000E+00,-4.700194E+00,2.371187E+01,1.999964E+01,5.420163E+01,8.888798E+05,2.830804E+05,2.175972E+01,3.475764E+01,0.000000E+00,0.000000E+00,0.000000E+00,0.000000E+00,0.000000E+00,0.000000E+00,0.000000E+00,0.000000E+00,9.939853E+00,5.360819E+01,1.998726E+01,7.059075E+01
20:10:00,0.000000E+00,2.601413E+02,0.000000E+00,3.189051E-02,0.000000E+00,0.000000E+00,0.000000E+00,0.000000E+00,0.000000E+00,0.000000E+00,0.000000E+00,0.000000E+00,-4.827827E+00,2.394296E+01,1.999964E+01,5.421626E+01,8.889147E+05,2.757420E+05,2.176057E+01,3.385614E+01,0.000000E+00,0.000000E+00,0.000000E+00,0.000000E+00,0.000000E+00,0.000000E+00,0.000000E+00,0.000000E+00,9.939851E+00,5.360898E+01,1.998739E+01,7.088896E+01
20:20:00,0.000000E+00,2.513681E+02,0.000000E+00,3.081501E-02,0.000000E+00,0.000000E+00,0.000000E+00,0.000000E+00,0.000000E+00,0.000000E+00,0.000000E+00,0.000000E+00,-4.953097E+00,2.417223E+01,1.999964E+01,5.423250E+01,8.889455E+05,2.685011E+05,2.176132E+01,3.296663E+01,0.000000E+00,0.000000E+00,0.000000E+00,0.000000E+00,0.000000E+00,0.000000E+00,0.000000E+00,0.000000E+00,9.939850E+00,5.360971E+01,1.998749E+01,7.118202E+01
20:30:00,0.000000E+00,2.422460E+02,0.000000E+00,2.969674E-02,0.000000E+00,0.000000E+00,0.000000E+00,0.000000E+00,0.000000E+00,0.000000E+00,0.000000E+00,0.000000E+00,-5.076082E+00,2.439974E+01,1.999964E+01,5.425030E+01,8.889735E+05,2.614065E+05,2.176200E+01,3.209510E+01,0.000000E+00,0.000000E+00,0.000000E+00,0.000000E+00,0.000000E+00,0.000000E+00,0.000000E+00,0.000000E+00,9.939848E+00,5.361041E+01,1.998759E+01,7.146951E+01
20:40:00,0.000000E+00,2.329304E+02,0.000000E+00,2.855475E-02,0.000000E+00,0.000000E+00,0.000000E+00,0.000000E+00,0.000000E+00,0.000000E+00,0.000000E+00,0.000000E+00,-5.196840E+00,2.462548E+01,1.999964E+01,5.426958E+01,8.889991E+05,2.544918E+05,2.176263E+01,3.124567E+01,0.000000E+00,0.000000E+00,0.000000E+00,0.000000E+00,0.000000E+00,0.000000E+00,0.000000E+00,0.000000E+00,9.939847E+00,5.361107E+01,1.998770E+01,7.175745E+01
20:50:00,0.000000E+00,2.235651E+02,0.000000E+00,2.740666E-02,0.000000E+00,0.000000E+00,0.000000E+00,0.000000E+00,0.000000E+00,0.000000E+00,0.000000E+00,0.000000E+00,-5.315444E+00,2.484951E+01,1.999964E+01,5.429025E+01,8.890227E+05,2.477787E+05,2.176321E+01,3.042104E+01,0.000000E+00,0.000000E+00,0.000000E+00,0.000000E+00,0.000000E+00,0.000000E+00,0.000000E+00,0.000000E+00,9.939845E+00,5.361167E+01,1.998782E+01,7.204978E+01
21:00:00,0.000000E+00,2.142729E+02,0.000000E+00,2.626755E-02,0.000000E+00,0.000000E+00,0.000000E+00,0.000000E+00,0.000000E+00,0.000000E+00,0.000000E+00,0.000000E+00,-5.431967E+00,2.507186E+01,1.999963E+01,5.431223E+01,8.890446E+05,2.412811E+05,2.176374E+01,2.962288E+01,0.000000E+00,0.000000E+00,0.000000E+00,0.000000E+00,0.000000E+00,0.000000E+00,0.000000E+00,0.000000E+00,9.939844E+00,5.361223E+01,1.998793E+01,7.234719E+01
21:10:00,0.000000E+00,2.051517E+02,0.000000E+00,2.514940E-02,0.000000E+00,0.000000E+00,0.000000E+00,0.000000E+00,0.000000E+00,0.000000E+00,0.000000E+00,0.000000E+00,-5.546469E+00,2.529257E+01,1.999963E+01,5.433547E+01,8.890650E+05,2.348890E+05,2.176424E+01,2.883769E+01,0.000000E+00,0.000000E+00,0.000000E+00,0.000000E+00,0.000000E+00,0.000000E+00,0.000000E+00,0.000000E+00,9.939843E+00,5.361274E+01,1.998806E+01,7.264914E+01
21:20:00,0.000000E+00,1.962778E+02,0.000000E+00,2.406155E-02,0.000000E+00,0.000000E+00,0.000000E+00,0.000000E+00,0.000000E+00,0.000000E+00,0.000000E+00,0.000000E+00,-5.659002E+00,2.551165E+01,1.999963E+01,5.435988E+01,8.890840E+05,2.286064E+05,2.176471E+01,2.806597E+01,0.000000E+00,0.000000E+00,0.000000E+00,0.000000E+00,0.000000E+00,0.000000E+00,0.000000E+00,0.000000E+00,9.939841E+00,5.361323E+01,1.998818E+01,7.295521E+01
21:30:00,0.000000E+00,1.877066E+02,0.000000E+00,2.301082E-02,0.000000E+00,0.000000E+00,0.000000E+00,0.000000E+00,0.000000E+00,0.000000E+00,0.000000E+00,0.000000E+00,-5.769612E+00,2.572911E+01,1.999963E+01,5.438542E+01,8.891019E+05,2.224336E+05,2.176514E+01,2.730773E+01,0.000000E+00,0.000000E+00,0.000000E+00,0.000000E+00,0.000000E+00,0.000000E+00,0.000000E+00,0.000000E+00,9.939840E+00,5.361369E+01,1.998830E+01,7.326534E+01
21:40:00,0.000000E+00,1.794762E+02,0.000000E+00,2.200187E-02,0.000000E+00,0.000000E+00,0.000000E+00,0.000000E+00,0.000000E+00,0.000000E+00,0.000000E+00,0.000000E+00,-5.878345E+00,2.594496E+01,1.999962E+01,5.441201E+01,8.891187E+05,2.163692E+05,2.176555E+01,2.656282E+01,0.000000E+00,0.000000E+00,0.000000E+00,0.000000E+00,0.000000E+00,0.000000E+00,0.000000E+00,0.000000E+00,9.939839E+00,5.361412E+01,1.998843E+01,7.357970E+01
21:50:00,0.000000E+00,1.716103E+02,0.000000E+00,2.103760E-02,0.000000E+00,0.000000E+00,0.000000E+00,0.000000E+00,0.000000E+00,0.000000E+00,0.000000E+00,0.000000E+00,-5.985242E+00,2.615919E+01,1.999962E+01,5.443961E+01,8.891345E+05,2.104103E+05,2.176594E+01,2.583087E+01,0.000000E+00,0.000000E+00,0.000000E+00,0.000000E+00,0.000000E+00,0.000000E+00,0.000000E+00,0.000000E+00,9.939838E+00,5.361453E+01,1.998856E+01,7.389850E+01
22:00:00,0.000000E+00,1.641207E+02,0.000000E+00,2.011946E-02,0.000000E+00,0.000000E+00,0.000000E+00,0.000000E+00,0.000000E+00,0.000000E+00,0.000000E+00,0.000000E+00,-6.090341E+00,2.637180E+01,1.999962E+01,5.446815E+01,8.891495E+05,2.045532E+05,2.176631E+01,2.511143E+01,0.000000E+00,0.000000E+00,0.000000E+00,0.000000E+00,0.000000E+00,0.000000E+00,0.000000E+00,0.000000E+00,9.939837E+00,5.361492E+01,1.998869E+01,7.422192E+01
22:10:00,0.000000E+00,1.570124E+02,0.000000E+00,1.924806E-02,0.000000E+00,0.000000E+00,0.000000E+00,0.000000E+00,0.000000E+00,0.000000E+00,0.000000E+00,0.000000E+00,-6.193679E+00,2.658279E+01,1.999961E+01,5.449759E+01,8.891636E+05,1.989130E+05,2.176665E+01,2.441862E+01,0.000000E+00,0.000000E+00,0.000000E+00,0.000000E+00,0.000000E+00,0.000000E+00,0.000000E+00,0.000000E+00,9.939836E+00,5.361528E+01,1.998883E+01,7.455019E+01
22:20:00,0.000000E+00,1.502814E+02,0.000000E+00,1.842293E-02,0.000000E+00,0.000000E+00,0.000000E+00,0.000000E+00,0.000000E+00,0.000000E+00,0.000000E+00,0.000000E+00,-6.295291E+00,2.679216E+01,1.999961E+01,5.452782E+01,8.891770E+05,1.934847E+05,2.176698E+01,2.375186E+01,0.000000E+00,0.000000E+00,0.000000E+00,0.000000E+00,0.000000E+00,0.000000E+00,0.000000E+00,0.000000E+00,9.939835E+00,5.361563E+01,1.998894E+01,7.486562E+01
22:30:00,0.000000E+00,1.439191E+02,0.000000E+00,1.764298E-02,0.000000E+00,0.000000E+00,0.000000E+00,0.000000E+00,0.000000E+00,0.000000E+00,0.000000E+00,0.000000E+00,-6.395209E+00,2.699989E+01,1.999961E+01,5.455879E+01,8.891897E+05,1.882645E+05,2.176729E+01,2.311069E+01,0.000000E+00,0.000000E+00,0.000000E+00,0.000000E+00,0.000000E+00,0.000000E+00,0.000000E+00,0.000000E+00,9.939834E+00,5.361596E+01,1.998904E+01,7.516791E+01
22:40:00,0.000000E+00,1.379131E+02,0.000000E+00,1.690671E-02,0.000000E+00,0.000000E+00,0.000000E+00,0.000000E+00,0.000000E+00,0.000000E+00,0.000000E+00,0.000000E+00,-6.493464E+00,2.720599E+01,1.999961E+01,5.459049E+01,8.892018E+05,1.832485E+05,2.176758E+01,2.249459E+01,0.000000E+00,0.000000E+00,0.000000E+00,0.000000E+00,0.000000E+00,0.000000E+00,0.000000E+00,0.000000E+00,9.939833E+00,5.361627E+01,1.998916E+01,7.546541E+01
22:50:00,0.000000E+00,1.322485E+02,0.000000E+00,1.621230E-02,0.000000E+00,0.000000E+00,0.000000E+00,0.000000E+00,0.000000E+00,0.000000E+00,0.000000E+00,0.000000E+00,-6.590089E+00,2.741044E+01,1.999960E+01,5.462288E+01,8.892132E+05,1.784329E+05,2.176786E+01,2.190312E+01,0.000000E+00,0.000000E+00,0.000000E+00,0.000000E+00,0.000000E+00,0.000000E+00,0.000000E+00,0.000000E+00,9.939832E+00,5.361657E+01,1.998928E+01,7.576449E+01
23:00:00,0.000000E+00,1.269095E+02,0.000000E+00,1.555780E-02,0.000000E+00,0.000000E+00,0.000000E+00,0.000000E+00,0.000000E+00,0.000000E+00,0.000000E+00,0.000000E+00,-6.685111E+00,2.761323E+01,1.999960E+01,5.465595E+01,8.892241E+05,1.738141E+05,2.176813E+01,2.133583E+01,0.000000E+00,0.000000E+00,0.000000E+00,0.000000E+00,0.000000E+00,0.000000E+00,0.000000E+00,0.000000E+00,9.939831E+00,5.361685E+01,1.998941E+01,7.606737E+01
23:10:00,0.000000E+00,1.218775E+02,0.000000E+00,1.494093E-02,0.000000E+00,0.000000E+00,0.000000E+00,0.000000E+00,0.000000E+00,0.000000E+00,0.000000E+00,0.000000E+00,-6.778559E+00,2.781436E+01,1.999960E+01,5.468963E+01,8.892345E+05,1.692695E+05,2.176838E+01,2.077767E+01,0.000000E+00,0.000000E+00,0.000000E+00,0.000000E+00,0.000000E+00,0.000000E+00,0.000000E+00,0.000000E+00,9.939830E+00,5.361712E+01,1.998954E+01,7.637409E+01
23:20:00,0.000000E+00,1.171356E+02,0.000000E+00,1.435963E-02,0.000000E+00,0.000000E+00,0.000000E+00,0.000000E+00,0.000000E+00,0.000000E+00,0.000000E+00,0.000000E+00,-6.870461E+00,2.801382E+01,1.999959E+01,5.472391E+01,8.892444E+05,1.647963E+05,2.176862E+01,2.022829E+01,0.000000E+00,0.000000E+00,0.000000E+00,0.000000E+00,0.000000E+00,0.000000E+00,0.000000E+00,0.000000E+00,9.939830E+00,5.361738E+01,1.998967E+01,7.668436E+01
23:30:00,0.000000E+00,1.126673E+02,0.000000E+00,1.381186E-02,0.000000E+00,0.000000E+00,0.000000E+00,0.000000E+00,0.000000E+00,0.000000E+00,0.000000E+00,0.000000E+00,-6.960844E+00,2.821160E+01,1.999959E+01,5.475874E+01,8.892538E+05,1.603910E+05,2.176885E+01,1.968724E+01,0.000000E+00,0.000000E+00,0.000000E+00,0.000000E+00,0.000000E+00,0.000000E+00,0.000000E+00,0.000000E+00,9.939829E+00,5.361762E+01,1.998980E+01,7.699816E+01
23:40:00,0.000000E+00,1.084563E+02,0.000000E+00,1.329564E-02,0.000000E+00,0.000000E+00,0.000000E+00,0.000000E+00,0.000000E+00,0.000000E+00,0.000000E+00,0.000000E+00,-7.049735E+00,2.840769E+01,1.999959E+01,5.479407E+01,8.892627E+05,1.560502E+05,2.176907E+01,1.915412E+01,0.000000E+00,0.000000E+00,0.000000E+00,0.000000E+00,0.000000E+00,0.000000E+00,0.000000E+00,0.000000E+00,9.939828E+00,5.361786E+01,1.998994E+01,7.731572E+01
23:50:00,0.000000E+00,1.044869E+02,0.000000E+00,1.280904E-02,0.000000E+00,0.000000E+00,0.000000E+00,0.000000E+00,0.000000E+00,0.000000E+00,0.000000E+00,0.000000E+00,-7.137157E+00,2.860209E+01,1.999958E+01,5.482988E+01,8.892713E+05,1.517708E+05,2.176928E+01,1.862854E+01,0.000000E+00,0.000000E+00,0.000000E+00,0.000000E+00,0.000000E+00,0.000000E+00,0.000000E+00,0.000000E+00,9.939827E+00,5.361808E+01,1.999008E+01,7.763733E+01
24:00:00,0.000000E+00,1.007440E+02,0.000000E+00,1.235021E-02,0.000000E+00,0.000000E+00,0.000000E+00,0.000000E+00,0.000000E+00,0.000000E+00,0.000000E+00,0.000000E+00,-7.223137E+00,2.879479E+01,1.999958E+01,5.486613E+01,8.892795E+05,1.475497E+05,2.176948E+01,1.811013E+01,0.000000E+00,0.000000E+00,0.000000E+00,0.000000E+00,0.000000E+00,0.000000E+00,0.000000E+00,0.000000E+00,9.939827E+00,5.361829E+01,1.999022E+01,7.796324E+01
Peak,0.000000E+00,8.242006E+02,0.000000E+00,9.319524E-02,0.000000E+00,0.000000E+00,0.000000E+00,0.000000E+00,0.000000E+00,0.000000E+00,0.000000E+00,0.000000E+00,,,,,8.904073E+05,3.986832E+05,2.180855E+01,4.896277E+01,0.000000E+00,0.000000E+00,0.000000E+00,0.000000E+00,0.000000E+00,0.000000E+00,0.000000E+00,0.000000E+00,,,,

Peak Vol Flow (m3/s),,,0.000000E+00,7.751341E-02,,,0.000000E+00,0.000000E+00,,,,,,,,,,,1.813886E+01,4.072388E+01,,,0.000000E+00,0.000000E+00,,,,,,,,
