timestamp,outside_t,outside_h,outside_c,outside_p,outside_a,outside_v,room_1_t,room_1_h,room_1_c,room_1_p,room_1_a,room_1_v,room_2_t,room_2_h,room_2_c,room_2_p,room_2_a,room_2_v,room_3_t,room_3_h,room_3_c,room_3_p,room_3_a,room_3_v,supply_t,supply_h,supply_c,supply_p,supply_a,supply_v,return_t,return_h,return_c,return_p,return_a,return_v,mixed_t,mixed_h,mixed_c,mixed_p,mixed_a,mixed_v,cooler_t,cooler_h,cooler_c,cooler_p,cooler_a,cooler_v,heated_t,heated_h,heated_c,heated_p,heated_a,heated_v,mixer,fan,flowrate,coolerState,heaterState,humidifierState,Tz_weighted
2026-07-23T04:50:50.472Z,31.368,63.329,512,0,2,79,20.64,66.966,0,957.109,0,0,24.69,61.296,437,0,1,40,24.258,65.504,456,0,1,49,25.136,61.309,409,0,1,28,25.042,59.194,429,0,1,37,0,0,0,0,0,0,0,0,0,0,0,0,0,0,0,0,0,0,0,46,0,0,0,0,22.5786
2026-07-23T04:50:55.543Z,31.371,63.314,501,0,2,73,20.64,66.966,0,957.109,0,0,24.69,61.296,437,0,1,40,24.258,65.504,456,0,1,49,25.136,61.309,409,0,1,28,25.042,59.194,429,0,1,37,0,0,0,0,0,0,0,0,0,0,0,0,0,0,0,0,0,0,0,54,0,0,0,0,22.5786
2026-07-23T04:51:00.473Z,31.385,63.262,996,0,4,975,20.64,66.966,0,957.109,0,0,24.69,61.296,437,0,1,40,24.258,65.504,456,0,1,49,25.136,61.309,409,0,1,28,25.042,59.194,429,0,1,37,0,0,0,0,0,0,0,0,0,0,0,0,0,0,0,0,0,0,39,54,0,0,0,0,22.5786
2026-07-23T04:51:05.473Z,31.37,63.123,985,0,4,931,20.64,66.966,0,957.109,0,0,24.69,61.296,437,0,1,40,24.258,65.504,456,0,1,49,25.136,61.309,409,0,1,28,25.042,59.194,429,0,1,37,0,0,0,0,0,0,0,0,0,0,0,0,0,0,0,0,0,0,39,54,0,0,0,0,22.5786
2026-07-23T04:51:10.471Z,31.361,63.359,874,0,3,527,20.64,66.966,0,957.109,0,0,24.69,61.296,437,0,1,40,24.258,65.504,456,0,1,49,25.136,61.309,409,0,1,28,25.042,59.194,429,0,1,37,0,0,0,0,0,0,0,0,0,0,0,0,0,0,0,0,0,0,39,54,0,0,0,0,22.5786
2026-07-23T04:51:15.472Z,31.329,63.374,901,0,3,618,20.64,66.966,0,957.109,0,0,24.69,61.296,437,0,1,40,24.258,65.504,456,0,1,49,25.136,61.309,409,0,1,28,25.042,59.194,429,0,1,37,0,0,0,0,0,0,0,0,0,0,0,0,0,0,0,0,0,0,39,54,0,0,0,0,22.5786
2026-07-23T04:51:20.518Z,31.365,62.972,870,0,3,512,20.64,66.966,0,957.109,0,0,24.69,61.296,437,0,1,40,24.258,65.504,456,0,1,49,25.136,61.309,409,0,1,28,25.042,59.194,429,0,1,37,0,0,0,0,0,0,0,0,0,0,0,0,0,0,0,0,0,0,39,54,0,0,0,0,22.5786
2026-07-23T04:51:25.469Z,31.348,63.106,876,0,3,532,20.64,66.966,0,957.109,0,0,24.69,61.296,437,0,1,40,24.258,65.504,456,0,1,49,25.136,61.309,409,0,1,28,25.042,59.194,429,0,1,37,0,0,0,0,0,0,0,0,0,0,0,0,0,0,0,0,0,0,39,54,0,0,0,0,22.5786
2026-07-23T04:51:30.472Z,31.401,63.266,833,0,3,395,20.64,66.966,0,957.109,0,0,24.69,61.296,437,0,1,40,24.258,65.504,456,0,1,49,25.136,61.309,409,0,1,28,25.042,59.194,429,0,1,37,0,0,0,0,0,0,0,0,0,0,0,0,0,0,0,0,0,0,39,54,0,0,0,0,22.5786
2026-07-23T04:51:35.473Z,31.401,63.266,833,0,3,394,20.64,66.966,0,957.109,0,0,24.69,61.296,437,0,1,40,24.258,65.504,456,0,1,49,25.136,61.309,409,0,1,28,25.042,59.194,429,0,1,37,0,0,0,0,0,0,0,0,0,0,0,0,0,0,0,0,0,0,39,54,0,0,0,0,22.5786
2026-07-23T04:51:40.472Z,31.39,63.187,800,0,3,297,20.64,66.966,0,957.109,0,0,24.69,61.296,437,0,1,40,24.258,65.504,456,0,1,49,25.136,61.309,409,0,1,28,25.042,59.194,429,0,1,37,0,0,0,0,0,0,0,0,0,0,0,0,0,0,0,0,0,0,39,54,0,0,0,0,22.5786
2026-07-23T04:51:45.473Z,31.39,63.187,727,0,3,228,20.64,66.966,0,957.109,0,0,24.69,61.296,437,0,1,40,24.258,65.504,456,0,1,49,25.136,61.309,409,0,1,28,25.042,59.194,429,0,1,37,0,0,0,0,0,0,0,0,0,0,0,0,0,0,0,0,0,0,39,54,0,0,0,0,22.5786
2026-07-23T04:51:50.473Z,31.424,63.069,764,0,3,261,20.64,66.966,0,957.109,0,0,24.69,61.296,437,0,1,40,24.258,65.504,456,0,1,49,25.136,61.309,409,0,1,28,25.042,59.194,429,0,1,37,0,0,0,0,0,0,0,0,0,0,0,0,0,0,0,0,0,0,39,54,0,0,0,0,22.5786
2026-07-23T04:51:55.471Z,31.424,63.069,807,0,3,318,20.64,66.966,0,957.109,0,0,24.69,61.296,437,0,1,40,24.258,65.504,456,0,1,49,25.136,61.309,409,0,1,28,25.042,59.194,429,0,1,37,0,0,0,0,0,0,0,0,0,0,0,0,0,0,0,0,0,0,39,54,0,0,0,0,22.5786
2026-07-23T04:52:00.472Z,31.445,63.072,816,0,3,343,20.696,70.2,0,957.223,0,0,24.243,66.89,437,0,1,40,24.906,64.914,456,0,1,49,18.558,68.603,409,0,1,28,21.531,69.376,429,0,1,37,0,0,0,0,0,0,0,0,0,0,0,0,0,0,0,0,0,0,39,54,0,0,0,0,22.6021
2026-07-23T04:52:05.470Z,31.445,63.072,816,0,3,343,20.696,70.2,0,957.223,0,0,24.243,66.89,437,0,1,40,24.906,64.914,456,0,1,49,18.558,68.603,409,0,1,28,21.531,69.376,429,0,1,37,0,0,0,0,0,0,0,0,0,0,0,0,0,0,0,0,0,0,39,54,0,0,0,0,22.6021
2026-07-23T04:52:10.471Z,31.446,62.746,808,0,3,321,20.696,70.2,0,957.223,0,0,24.243,66.89,437,0,1,40,24.906,64.914,456,0,1,49,18.558,68.603,409,0,1,28,21.531,69.376,429,0,1,37,0,0,0,0,0,0,0,0,0,0,0,0,0,0,0,0,0,0,39,54,0,0,0,0,22.6021
2026-07-23T04:52:15.471Z,31.42,62.786,762,0,3,260,20.696,70.2,0,957.223,0,0,24.243,66.89,437,0,1,40,24.906,64.914,456,0,1,49,18.558,68.603,409,0,1,28,21.531,69.376,429,0,1,37,0,0,0,0,0,0,0,0,0,0,0,0,0,0,0,0,0,0,39,54,0,0,0,0,22.6021
2026-07-23T04:52:20.477Z,31.469,62.855,722,0,3,224,20.696,70.2,0,957.223,0,0,24.243,66.89,437,0,1,40,24.906,64.914,456,0,1,49,18.558,68.603,409,0,1,28,21.531,69.376,429,0,1,37,0,0,0,0,0,0,0,0,0,0,0,0,0,0,0,0,0,0,39,54,0,0,0,0,22.6021
2026-07-23T04:52:25.471Z,31.444,62.813,706,0,2,210,20.802,68.908,0,957.306,0,0,23.786,65.549,437,0,1,40,23.706,65.72,456,0,1,49,18.026,72.458,409,0,1,28,21.386,71.507,400,0,1,21,0,0,0,0,0,0,0,0,0,0,0,0,0,0,0,0,0,0,39,54,0,0,0,0,22.278
2026-07-23T04:52:30.526Z,31.449,62.609,705,0,2,209,20.827,69.069,0,957.318,0,0,23.677,65.697,437,0,1,40,23.09,66.482,456,0,1,49,17.931,72.881,409,0,1,28,21.401,72.15,415,0,1,31,0,0,0,0,0,0,0,0,0,0,0,0,0,0,0,0,0,0,39,54,0,0,0,0,22.1346
2026-07-23T04:52:35.477Z,31.402,62.795,631,0,2,153,20.827,68.893,0,957.318,0,0,23.586,65.681,437,0,1,40,22.852,66.927,456,0,1,49,17.8,73.25,409,0,1,28,21.32,72.215,405,0,1,26,0,0,0,0,0,0,0,0,0,0,0,0,0,0,0,0,0,0,39,54,0,0,0,0,22.0597
2026-07-23T04:52:40.476Z,31.41,62.945,659,0,2,173,20.832,68.705,0,957.216,0,0,23.486,65.65,437,0,1,40,22.647,67.434,456,0,1,49,17.733,73.577,409,0,1,28,21.266,72.085,400,0,1,21,0,0,0,0,0,0,0,0,0,0,0,0,0,0,0,0,0,0,39,54,0,0,0,0,21.9912
2026-07-23T04:52:45.476Z,31.406,63.033,628,0,2,151,20.842,68.381,0,957.314,0,0,23.397,65.636,437,0,1,40,22.429,67.76,456,0,1,49,17.639,73.817,409,0,1,28,21.179,72.083,415,0,1,30,0,0,0,0,0,0,0,0,0,0,0,0,0,0,0,0,0,0,39,54,0,0,0,0,21.9259
2026-07-23T04:52:50.476Z,31.385,62.92,612,0,2,140,20.847,68.153,0,957.267,0,0,23.286,65.591,437,0,1,40,22.169,68.17,456,0,1,49,17.547,74.073,409,0,1,28,21.098,71.99,400,0,1,23,0,0,0,0,0,0,0,0,0,0,0,0,0,0,0,0,0,0,39,54,0,0,0,0,21.843100000000003
2026-07-23T04:52:55.476Z,31.39,62.919,581,0,2,119,20.852,68.034,0,957.302,0,0,23.206,65.685,437,0,1,40,21.991,68.597,456,0,1,49,17.467,74.226,409,0,1,28,21.021,71.843,414,0,1,30,0,0,0,0,0,0,0,0,0,0,0,0,0,0,0,0,0,0,39,54,0,0,0,0,21.786
2026-07-23T04:53:00.476Z,31.406,62.916,528,0,2,88,20.852,67.903,0,957.302,0,0,23.096,65.697,437,0,1,40,21.841,69.029,456,0,1,49,17.399,74.45,409,0,1,28,20.968,71.798,416,0,1,31,0,0,0,0,0,0,0,0,0,0,0,0,0,0,0,0,0,0,39,54,0,0,0,0,21.723000000000003
2026-07-23T04:53:05.476Z,31.406,62.916,515,0,2,80,20.852,67.903,0,957.302,0,0,23.096,65.697,437,0,1,40,21.841,69.029,456,0,1,49,17.399,74.45,409,0,1,28,20.968,71.798,404,0,1,25,0,0,0,0,0,0,0,0,0,0,0,0,0,0,0,0,0,0,39,54,0,0,0,0,21.723000000000003
2026-07-23T04:53:10.475Z,31.363,62.861,517,0,2,82,20.852,67.903,0,957.302,0,0,23.096,65.697,437,0,1,40,21.841,69.029,456,0,1,49,17.399,74.45,409,0,1,28,20.968,71.798,404,0,1,25,0,0,0,0,0,0,0,0,0,0,0,0,0,0,0,0,0,0,39,54,0,0,0,0,21.723000000000003
2026-07-23T04:53:15.475Z,31.405,62.836,492,0,2,68,20.852,67.903,0,957.302,0,0,23.096,65.697,437,0,1,40,21.841,69.029,456,0,1,49,17.399,74.45,409,0,1,28,20.968,71.798,404,0,1,25,0,0,0,0,0,0,0,0,0,0,0,0,0,0,0,0,0,0,39,54,0,0,0,0,21.723000000000003
2026-07-23T04:53:20.474Z,31.424,62.859,508,0,2,77,20.852,67.903,0,957.302,0,0,23.096,65.697,437,0,1,40,21.841,69.029,456,0,1,49,17.399,74.45,409,0,1,28,20.968,71.798,404,0,1,25,0,0,0,0,0,0,0,0,0,0,0,0,0,0,0,0,0,0,39,54,0,0,0,0,21.723000000000003
2026-07-23T04:53:25.469Z,31.438,62.849,521,0,2,84,20.852,67.903,0,957.302,0,0,23.096,65.697,437,0,1,40,21.841,69.029,456,0,1,49,17.399,74.45,409,0,1,28,20.968,71.798,404,0,1,25,0,0,0,0,0,0,0,0,0,0,0,0,0,0,0,0,0,0,39,54,0,0,0,0,21.723000000000003
2026-07-23T04:53:30.529Z,31.444,62.777,476,0,1,60,20.842,66.882,0,957.231,0,0,22.747,65.76,437,0,1,40,21.837804347826086,0.0,257,0,1,257,17.087,75.374,409,0,1,28,20.774,71.574,408,0,1,27,0,0,0,0,0,0,0,0,0,0,0,0,0,0,0,0,0,0,39,54,0,0,0,0,21.612660869565214
2026-07-23T04:53:35.475Z,31.466,62.73,484,0,1,64,20.842,66.882,0,957.231,0,0,22.747,65.76,437,0,1,40,21.83460869565217,0.0,257,0,1,257,17.087,75.374,409,0,1,28,20.774,71.574,408,0,1,27,0,0,0,0,0,0,0,0,0,0,0,0,0,0,0,0,0,0,39,54,0,0,0,0,21.61202173913044
2026-07-23T04:53:40.475Z,31.446,62.525,467,0,1,55,20.842,66.882,0,957.231,0,0,22.747,65.76,437,0,1,40,21.83141304347826,0.0,257,0,1,257,17.087,75.374,409,0,1,28,20.774,71.574,408,0,1,27,0,0,0,0,0,0,0,0,0,0,0,0,0,0,0,0,0,0,39,54,0,0,0,0,21.611382608695653
2026-07-23T04:53:45.475Z,31.446,62.525,450,0,1,46,20.842,66.882,0,957.231,0,0,22.747,65.76,437,0,1,40,21.82821739130435,0.0,257,0,1,257,17.087,75.374,409,0,1,28,20.774,71.574,408,0,1,27,0,0,0,0,0,0,0,0,0,0,0,0,0,0,0,0,0,0,39,54,0,0,0,0,21.610743478260872
2026-07-23T04:53:50.475Z,31.446,62.525,456,0,1,49,20.842,66.882,0,957.231,0,0,22.747,65.76,437,0,1,40,21.825021739130435,0.0,257,0,1,257,17.087,75.374,409,0,1,28,20.774,71.574,408,0,1,27,0,0,0,0,0,0,0,0,0,0,0,0,0,0,0,0,0,0,39,54,0,0,0,0,21.610104347826088
2026-07-23T04:53:55.475Z,31.438,62.413,441,0,1,43,20.842,66.882,0,957.231,0,0,22.747,65.76,437,0,1,40,21.821826086956523,0.0,257,0,1,257,17.087,75.374,409,0,1,28,20.774,71.574,408,0,1,27,0,0,0,0,0,0,0,0,0,0,0,0,0,0,0,0,0,0,39,54,0,0,0,0,21.609465217391307
2026-07-23T04:54:00.474Z,31.472,62.417,460,0,1,52,20.842,66.882,0,957.231,0,0,22.747,65.76,437,0,1,40,21.81863043478261,0.0,257,0,1,257,17.087,75.374,409,0,1,28,20.774,71.574,408,0,1,27,0,0,0,0,0,0,0,0,0,0,0,0,0,0,0,0,0,0,39,54,0,0,0,0,21.608826086956523
2026-07-23T04:54:05.470Z,31.487,62.401,484,0,1,64,20.842,66.882,0,957.231,0,0,22.747,65.76,437,0,1,40,21.815434782608698,0.0,257,0,1,257,17.087,75.374,409,0,1,28,20.774,71.574,408,0,1,27,0,0,0,0,0,0,0,0,0,0,0,0,0,0,0,0,0,0,39,54,0,0,0,0,21.60818695652174
2026-07-23T04:54:10.474Z,31.513,62.318,513,0,2,79,20.842,66.882,0,957.231,0,0,22.747,65.76,437,0,1,40,21.812239130434783,0.0,257,0,1,257,17.087,75.374,409,0,1,28,20.774,71.574,408,0,1,27,0,0,0,0,0,0,0,0,0,0,0,0,0,0,0,0,0,0,39,54,0,0,0,0,21.60754782608696
2026-07-23T04:54:15.474Z,31.516,62.346,535,0,2,92,20.842,66.882,0,957.231,0,0,22.747,65.76,437,0,1,40,21.80904347826087,0.0,257,0,1,257,17.087,75.374,409,0,1,28,20.774,71.574,408,0,1,27,0,0,0,0,0,0,0,0,0,0,0,0,0,0,0,0,0,0,39,54,0,0,0,0,21.606908695652177
2026-07-23T04:54:20.473Z,31.514,62.32,541,0,2,95,20.842,66.882,0,957.231,0,0,22.747,65.76,437,0,1,40,21.80584782608696,0.0,257,0,1,257,17.087,75.374,409,0,1,28,20.774,71.574,408,0,1,27,0,0,0,0,0,0,0,0,0,0,0,0,0,0,0,0,0,0,39,54,0,0,0,0,21.606269565217392
2026-07-23T04:54:25.474Z,31.538,62.351,564,0,2,109,20.842,66.882,0,957.231,0,0,22.747,65.76,437,0,1,40,21.80265217391304,0.0,257,0,1,257,17.087,75.374,409,0,1,28,20.774,71.574,408,0,1,27,0,0,0,0,0,0,0,0,0,0,0,0,0,0,0,0,0,0,39,54,0,0,0,0,21.60563043478261
2026-07-23T04:54:30.473Z,31.521,61.978,610,0,2,138,20.953,67.863,0,957.295,0,0,22.305,70.054,437,0,1,40,21.79945652173913,0.0,257,0,1,257,16.927,77.941,406,0,1,26,20.93,72.803,408,0,1,27,0,0,0,0,0,0,0,0,0,0,0,0,0,0,0,0,0,0,39,54,0,0,0,0,21.527891304347825
2026-07-23T04:54:35.474Z,31.503,61.55,600,0,2,132,20.953,67.863,0,957.295,0,0,22.305,70.054,437,0,1,40,21.796260869565216,0.0,257,0,1,257,16.927,77.941,414,0,1,30,20.93,72.803,408,0,1,27,0,0,0,0,0,0,0,0,0,0,0,0,0,0,0,0,0,0,39,54,0,0,0,0,21.52725217391304
2026-07-23T04:54:40.473Z,31.532,61.671,643,0,2,162,20.953,67.829,0,957.295,0,0,22.258,69.941,437,0,1,40,21.793065217391305,0.0,257,0,1,257,16.889,77.873,418,0,1,32,20.925,73.088,408,0,1,27,0,0,0,0,0,0,0,0,0,0,0,0,0,0,0,0,0,0,39,54,0,0,0,0,21.51251304347826
2026-07-23T04:54:45.475Z,31.532,61.671,658,0,2,173,20.953,67.829,0,957.295,0,0,22.258,69.941,437,0,1,40,21.78986956521739,0.0,257,0,1,257,16.889,77.873,418,0,1,32,20.925,73.088,408,0,1,27,0,0,0,0,0,0,0,0,0,0,0,0,0,0,0,0,0,0,39,54,0,0,0,0,21.51187391304348
2026-07-23T04:54:50.485Z,31.489,61.006,592,0,2,127,20.963,67.761,0,957.255,0,0,22.214,69.842,437,0,1,40,21.78667391304348,0.0,257,0,1,257,16.863,77.813,409,0,1,28,20.9,73.353,408,0,1,27,0,0,0,0,0,0,0,0,0,0,0,0,0,0,0,0,0,0,39,54,0,0,0,0,21.50303478260869
2026-07-23T04:54:55.472Z,31.489,61.006,560,0,2,107,20.963,67.761,0,957.255,0,0,22.214,69.842,437,0,1,40,21.783478260869565,0.0,257,0,1,257,16.863,77.813,409,0,1,28,20.9,73.353,408,0,1,27,0,0,0,0,0,0,0,0,0,0,0,0,0,0,0,0,0,0,39,54,0,0,0,0,21.50239565217391
2026-07-23T04:55:00.472Z,31.479,60.685,527,0,2,87,20.968,67.842,0,957.236,0,0,22.157,69.859,437,0,1,40,21.780282608695654,0.0,257,0,1,257,16.823,77.834,400,0,1,19,20.801,73.235,408,0,1,27,0,0,0,0,0,0,0,0,0,0,0,0,0,0,0,0,0,0,39,54,0,0,0,0,21.48715652173913
2026-07-23T04:55:05.474Z,31.488,60.75,550,0,2,100,20.974,67.574,0,957.271,0,0,22.126,69.807,437,0,1,40,21.77708695652174,0.0,257,0,1,257,16.807,77.785,400,0,1,22,20.741,73.056,408,0,1,27,0,0,0,0,0,0,0,0,0,0,0,0,0,0,0,0,0,0,39,54,0,0,0,0,21.48021739130435
2026-07-23T04:55:10.472Z,31.488,60.75,550,0,2,100,20.974,67.574,0,957.271,0,0,22.126,69.807,437,0,1,40,21.773891304347828,0.0,257,0,1,257,16.807,77.785,400,0,1,22,20.741,73.056,408,0,1,27,0,0,0,0,0,0,0,0,0,0,0,0,0,0,0,0,0,0,39,54,0,0,0,0,21.47957826086957
2026-07-23T04:55:15.474Z,31.493,61.172,511,0,2,78,20.974,67.574,0,957.271,0,0,22.126,69.807,437,0,1,40,21.770695652173917,0.0,257,0,1,257,16.807,77.785,400,0,1,22,20.741,73.056,408,0,1,27,0,0,0,0,0,0,0,0,0,0,0,0,0,0,0,0,0,0,39,54,0,0,0,0,21.47893913043478
2026-07-23T04:55:20.472Z,31.492,61.201,530,0,2,89,20.974,67.574,0,957.271,0,0,22.126,69.807,437,0,1,40,21.7675,0.0,257,0,1,257,16.807,77.785,400,0,1,22,20.741,73.056,408,0,1,27,0,0,0,0,0,0,0,0,0,0,0,0,0,0,0,0,0,0,39,54,0,0,0,0,21.4783
2026-07-23T04:55:25.473Z,31.466,60.977,528,0,2,88,20.974,67.574,0,957.271,0,0,22.126,69.807,437,0,1,40,21.764304347826087,0.0,257,0,1,257,16.807,77.785,400,0,1,22,20.741,73.056,408,0,1,27,0,0,0,0,0,0,0,0,0,0,0,0,0,0,0,0,0,0,39,54,0,0,0,0,21.47766086956522
2026-07-23T04:55:30.472Z,31.479,60.902,590,0,2,125,20.974,66.935,0,957.271,0,0,22.013,69.207,437,0,1,40,21.76110869565217,0.0,257,0,1,257,16.727,77.949,415,0,1,30,20.539,72.839,408,0,1,27,0,0,0,0,0,0,0,0,0,0,0,0,0,0,0,0,0,0,39,54,0,0,0,0,21.44312173913044
2026-07-23T04:55:35.531Z,31.467,60.743,615,0,2,142,20.974,66.935,0,957.271,0,0,22.013,69.207,437,0,1,40,21.75791304347826,0.0,257,0,1,257,16.727,77.949,414,0,1,30,20.539,72.839,408,0,1,27,0,0,0,0,0,0,0,0,0,0,0,0,0,0,0,0,0,0,39,54,0,0,0,0,21.442482608695656
2026-07-23T04:55:40.472Z,31.444,60.807,665,0,2,178,20.963,66.638,0,957.31,0,0,21.969,69.012,437,0,1,40,21.754717391304347,0.0,257,0,1,257,16.714,77.967,436,0,1,40,20.494,72.747,408,0,1,27,0,0,0,0,0,0,0,0,0,0,0,0,0,0,0,0,0,0,39,54,0,0,0,0,21.423143478260872
2026-07-23T04:55:45.473Z,31.411,60.977,612,0,2,140,20.968,66.439,0,957.318,0,0,21.939,68.827,437,0,1,40,21.751521739130435,0.0,257,0,1,257,16.696,77.933,415,0,1,30,20.474,72.621,408,0,1,27,0,0,0,0,0,0,0,0,0,0,0,0,0,0,0,0,0,0,39,54,0,0,0,0,21.41600434782609
2026-07-23T04:55:50.471Z,31.403,61.364,596,0,2,129,20.968,66.439,0,957.318,0,0,21.939,68.827,400,0,1,0,21.74832608695652,0.0,257,0,1,257,16.696,77.933,428,0,1,36,20.474,72.621,408,0,1,27,0,0,0,0,0,0,0,0,0,0,0,0,0,0,0,0,0,0,39,54,0,0,0,0,21.415365217391304
2026-07-23T04:55:55.472Z,31.419,61.359,599,0,2,131,20.943,66.209,0,957.279,0,0,21.878,68.695,400,0,1,8,21.74513043478261,0.0,257,0,1,257,16.674,77.931,418,0,1,32,20.399,72.473,408,0,1,27,0,0,0,0,0,0,0,0,0,0,0,0,0,0,0,0,0,0,39,54,0,0,0,0,21.38392608695652
2026-07-23T04:56:00.471Z,31.419,61.359,599,0,2,131,20.943,66.209,0,957.279,0,0,21.878,68.695,400,0,1,8,21.74193478260869,0.0,257,0,1,257,16.674,77.931,418,0,1,32,20.399,72.473,408,0,1,27,0,0,0,0,0,0,0,0,0,0,0,0,0,0,0,0,0,0,39,54,0,0,0,0,21.38328695652174
2026-07-23T04:56:05.472Z,31.438,61.126,657,0,2,172,20.943,66.209,0,957.279,0,0,21.878,68.695,400,0,1,8,21.738739130434784,0.0,257,0,1,257,16.674,77.931,418,0,1,32,20.399,72.473,408,0,1,27,0,0,0,0,0,0,0,0,0,0,0,0,0,0,0,0,0,0,39,54,0,0,0,0,21.38264782608696
2026-07-23T04:56:10.470Z,31.443,61.45,693,0,2,200,20.943,66.209,0,957.279,0,0,21.878,68.695,400,0,1,8,21.73554347826087,0.0,257,0,1,257,16.674,77.931,418,0,1,32,20.399,72.473,408,0,1,27,0,0,0,0,0,0,0,0,0,0,0,0,0,0,0,0,0,0,39,54,0,0,0,0,21.38200869565217
2026-07-23T04:56:15.472Z,31.43,61.812,666,0,2,179,20.943,66.209,0,957.279,0,0,21.878,68.695,400,0,1,8,21.73234782608696,0.0,257,0,1,257,16.674,77.931,418,0,1,32,20.399,72.473,408,0,1,27,0,0,0,0,0,0,0,0,0,0,0,0,0,0,0,0,0,0,39,54,0,0,0,0,21.38136956521739
2026-07-23T04:56:20.473Z,31.497,61.988,672,0,2,183,20.943,66.209,0,957.279,0,0,21.878,68.695,400,0,1,8,21.729152173913043,0.0,257,0,1,257,16.674,77.931,418,0,1,32,20.399,72.473,408,0,1,27,0,0,0,0,0,0,0,0,0,0,0,0,0,0,0,0,0,0,39,54,0,0,0,0,21.38073043478261
2026-07-23T04:56:25.475Z,31.497,61.988,639,0,2,159,20.928,65.643,0,957.255,0,0,22.027,68.078,400,0,1,17,21.72595652173913,0.0,257,0,1,257,16.585,77.854,419,0,1,32,20.289,72.09,408,0,1,27,0,0,0,0,0,0,0,0,0,0,0,0,0,0,0,0,0,0,39,54,0,0,0,0,21.417291304347824
2026-07-23T04:56:30.470Z,31.497,61.988,639,0,2,159,20.928,65.643,0,957.255,0,0,22.027,68.078,400,0,1,17,21.722760869565217,0.0,257,0,1,257,16.585,77.854,419,0,1,32,20.289,72.09,408,0,1,27,0,0,0,0,0,0,0,0,0,0,0,0,0,0,0,0,0,0,39,54,0,0,0,0,21.416652173913043
2026-07-23T04:56:35.477Z,31.497,61.988,639,0,2,159,20.928,65.643,0,957.255,0,0,22.027,68.078,400,0,1,17,21.719565217391303,0.0,257,0,1,257,16.585,77.854,419,0,1,32,20.289,72.09,408,0,1,27,0,0,0,0,0,0,0,0,0,0,0,0,0,0,0,0,0,0,39,54,0,0,0,0,21.41601304347826
2026-07-23T04:56:40.477Z,31.497,61.988,639,0,2,159,20.928,65.643,0,957.255,0,0,22.027,68.078,400,0,1,17,21.71636956521739,0.0,257,0,1,257,16.585,77.854,419,0,1,32,20.289,72.09,408,0,1,27,0,0,0,0,0,0,0,0,0,0,0,0,0,0,0,0,0,0,39,54,0,0,0,0,21.41537391304348
2026-07-23T04:56:45.476Z,31.497,61.988,639,0,2,159,20.928,65.643,0,957.255,0,0,22.027,68.078,400,0,1,17,21.71317391304348,0.0,257,0,1,257,16.585,77.854,419,0,1,32,20.289,72.09,408,0,1,27,0,0,0,0,0,0,0,0,0,0,0,0,0,0,0,0,0,0,39,54,0,0,0,0,21.414734782608694
2026-07-23T04:56:50.477Z,31.497,61.988,639,0,2,159,20.928,65.643,0,957.255,0,0,22.027,68.078,400,0,1,17,21.70997826086957,0.0,257,0,1,257,16.585,77.854,419,0,1,32,20.289,72.09,408,0,1,27,0,0,0,0,0,0,0,0,0,0,0,0,0,0,0,0,0,0,39,54,0,0,0,0,21.414095652173916
2026-07-23T04:56:55.477Z,31.497,61.988,639,0,2,159,20.928,65.643,0,957.255,0,0,22.027,68.078,400,0,1,17,21.70678260869565,0.0,257,0,1,257,16.585,77.854,419,0,1,32,20.289,72.09,408,0,1,27,0,0,0,0,0,0,0,0,0,0,0,0,0,0,0,0,0,0,39,54,0,0,0,0,21.41345652173913
2026-07-23T04:57:00.476Z,31.497,61.988,639,0,2,159,20.928,65.643,0,957.255,0,0,22.027,68.078,400,0,1,17,21.70358695652174,0.0,257,0,1,257,16.585,77.854,419,0,1,32,20.289,72.09,408,0,1,27,0,0,0,0,0,0,0,0,0,0,0,0,0,0,0,0,0,0,39,54,0,0,0,0,21.412817391304348
2026-07-23T04:57:05.476Z,31.497,61.988,639,0,2,159,20.928,65.643,0,957.255,0,0,22.027,68.078,400,0,1,17,21.700391304347825,0.0,257,0,1,257,16.585,77.854,419,0,1,32,20.289,72.09,408,0,1,27,0,0,0,0,0,0,0,0,0,0,0,0,0,0,0,0,0,0,39,54,0,0,0,0,21.412178260869563
2026-07-23T04:57:10.471Z,31.497,61.988,639,0,2,159,20.928,65.643,0,957.255,0,0,22.027,68.078,400,0,1,17,21.697195652173917,0.0,257,0,1,257,16.585,77.854,419,0,1,32,20.289,72.09,408,0,1,27,0,0,0,0,0,0,0,0,0,0,0,0,0,0,0,0,0,0,39,54,0,0,0,0,21.411539130434782
2026-07-23T04:57:15.470Z,30.922,63.924,411,0,1,29,20.888,67.004,0,957.192,0,0,22.396,68.88,400,0,1,18,21.694,72.32,400,0,1,6,16.656,78.276,409,0,1,28,20.698,72.568,400,0,1,13,0,0,0,0,0,0,0,0,0,0,0,0,0,0,0,0,0,0,0,0,0,0,0,0,21.5016
2026-07-23T04:57:20.471Z,30.922,63.924,411,0,1,29,20.888,67.004,0,957.192,0,0,22.396,68.88,400,0,1,14,21.694,72.32,404,0,1,26,16.656,78.276,413,0,1,30,20.698,72.568,403,0,1,25,0,0,0,0,0,0,0,0,0,0,0,0,0,0,0,0,0,0,0,0,0,0,0,0,21.5016
2026-07-23T04:57:25.538Z,30.922,63.924,411,0,1,29,20.903,66.874,0,957.161,0,0,22.413,68.703,400,0,1,23,21.648,72.041,447,0,1,45,17.0,78.302,426,0,1,35,20.82,73.005,406,0,1,27,0,0,0,0,0,0,0,0,0,0,0,0,0,0,0,0,0,0,0,0,0,0,0,0,21.505
2026-07-23T04:57:30.477Z,30.922,63.924,411,0,1,29,20.913,66.857,0,957.204,0,0,22.465,68.695,407,0,1,27,21.699,72.128,414,0,1,30,17.174,78.5,472,0,1,57,20.932,73.086,406,0,1,26,0,0,0,0,0,0,0,0,0,0,0,0,0,0,0,0,0,0,0,0,0,0,0,0,21.5358
2026-07-23T04:57:35.481Z,30.922,63.924,411,0,1,29,20.918,66.829,0,957.212,0,0,22.509,68.557,400,0,1,21,21.744,72.312,400,0,1,22,17.399,79.818,450,0,1,47,21.064,73.009,403,0,1,25,0,0,0,0,0,0,0,0,0,0,0,0,0,0,0,0,0,0,0,55,0,0,0,0,21.5605
2026-07-23T04:57:40.525Z,30.922,63.924,411,0,1,29,20.918,66.806,0,957.157,0,0,22.538,68.285,406,0,1,26,21.801,72.536,400,0,1,20,17.649,80.2,452,0,1,48,21.22,72.711,416,0,1,31,0,0,0,0,0,0,0,0,0,0,0,0,0,0,0,0,0,0,40,55,0,0,0,0,21.5806
2026-07-23T04:57:45.470Z,30.922,63.924,411,0,1,29,20.918,66.806,0,957.157,0,0,22.538,68.285,406,0,1,26,21.801,72.536,400,0,1,20,17.649,80.2,452,0,1,48,21.22,72.711,416,0,1,31,0,0,0,0,0,0,0,0,0,0,0,0,0,0,0,0,0,0,40,55,0,0,0,0,21.5806
2026-07-23T04:57:50.474Z,30.922,63.924,411,0,1,29,20.918,66.806,0,957.157,0,0,22.538,68.285,400,0,1,24,21.801,72.536,413,0,1,29,17.649,80.2,443,0,1,43,21.22,72.711,415,0,1,30,0,0,0,0,0,0,0,0,0,0,0,0,0,0,0,0,0,0,40,55,0,0,0,0,21.5806
2026-07-23T04:57:55.475Z,30.922,63.924,411,0,1,29,20.918,66.676,0,957.157,0,0,22.733,67.648,400,0,1,23,21.903,72.282,410,0,1,28,17.772,76.933,403,0,1,25,21.1,71.71,413,0,1,30,0,0,0,0,0,0,0,0,0,0,0,0,0,0,0,0,0,0,40,55,0,0,0,0,21.6595
2026-07-23T04:58:00.473Z,30.922,63.924,411,0,1,29,20.933,66.545,0,957.263,0,0,22.833,67.386,423,0,1,34,21.796,71.677,435,0,1,39,17.304,74.452,419,0,1,32,20.986,71.602,418,0,1,32,0,0,0,0,0,0,0,0,0,0,0,0,0,0,0,0,0,0,40,55,0,0,0,0,21.6756
2026-07-23T04:58:05.474Z,30.922,63.924,411,0,1,29,20.938,66.557,0,957.271,0,0,22.878,67.157,428,0,1,36,21.73,71.386,407,0,1,27,16.989,73.456,419,0,1,32,20.934,71.629,401,0,1,24,0,0,0,0,0,0,0,0,0,0,0,0,0,0,0,0,0,0,40,55,0,0,0,0,21.6784
2026-07-23T04:58:10.472Z,30.922,63.924,411,0,1,29,20.943,66.5,0,957.279,0,0,22.96,66.89,405,0,1,26,21.604,71.181,409,0,1,28,16.803,73.515,427,0,1,36,20.852,71.614,416,0,1,31,0,0,0,0,0,0,0,0,0,0,0,0,0,0,0,0,0,0,40,55,0,0,0,0,21.680300000000003
2026-07-23T04:58:15.475Z,30.922,63.924,411,0,1,29,20.948,66.392,0,957.204,0,0,23.046,66.624,435,0,1,40,21.47,71.093,403,0,1,25,16.794,74.298,472,0,1,58,20.751,71.389,401,0,1,24,0,0,0,0,0,0,0,0,0,0,0,0,0,0,0,0,0,0,40,55,0,0,0,0,21.6818
2026-07-23T04:58:20.535Z,30.922,63.924,411,0,1,29,20.938,65.975,0,957.326,0,0,23.137,66.019,440,0,1,42,21.395,71.058,417,0,1,31,16.788,75.182,472,0,1,58,20.725,71.386,400,0,1,20,0,0,0,0,0,0,0,0,0,0,0,0,0,0,0,0,0,0,40,55,0,0,0,0,21.6891
2026-07-23T04:58:25.475Z,30.922,63.924,411,0,1,29,20.928,65.723,0,957.366,0,0,23.194,65.643,430,0,1,37,21.328,71.157,421,0,1,33,16.799,76.017,478,0,1,61,20.658,71.322,421,0,1,33,0,0,0,0,0,0,0,0,0,0,0,0,0,0,0,0,0,0,40,55,0,0,0,0,21.6878
2026-07-23T04:58:30.623Z,30.922,63.924,411,0,1,29,20.933,65.678,0,957.263,0,0,23.267,65.32,441,0,1,42,21.253,71.196,400,0,1,24,16.833,76.826,469,0,1,56,20.624,71.289,414,0,1,30,0,0,0,0,0,0,0,0,0,0,0,0,0,0,0,0,0,0,40,55,0,0,0,0,21.6972
2026-07-23T04:58:35.475Z,30.922,63.924,411,0,1,29,20.943,65.616,0,957.334,0,0,23.283,64.935,434,0,1,39,21.193,71.178,413,0,1,29,16.825,77.406,428,0,1,36,20.565,71.307,415,0,1,30,0,0,0,0,0,0,0,0,0,0,0,0,0,0,0,0,0,0,40,55,0,0,0,0,21.695000000000004
2026-07-23T04:58:40.471Z,30.922,63.924,411,0,1,29,20.943,65.616,0,957.334,0,0,23.283,64.935,438,0,1,41,21.193,71.178,404,0,1,25,16.825,77.406,437,0,1,41,20.565,71.307,405,0,1,26,0,0,0,0,0,0,0,0,0,0,0,0,0,0,0,0,0,0,40,55,0,0,0,0,21.695000000000004
2026-07-23T04:58:45.474Z,30.922,63.924,411,0,1,29,20.933,65.37,0,957.346,0,0,23.429,64.238,435,0,1,39,21.124,71.239,416,0,1,31,16.806,77.763,408,0,1,27,20.497,71.279,416,0,1,31,0,0,0,0,0,0,0,0,0,0,0,0,0,0,0,0,0,0,40,55,0,0,0,0,21.72
2026-07-23T04:58:50.473Z,30.922,63.924,411,0,1,29,20.933,65.37,0,957.346,0,0,23.429,64.238,458,0,1,51,21.124,71.239,416,0,1,31,16.757,78.064,431,0,1,38,20.528,71.328,426,0,1,35,0,0,0,0,0,0,0,0,0,0,0,0,0,0,0,0,0,0,40,55,0,0,0,0,21.72
2026-07-23T04:58:55.474Z,30.922,63.924,411,0,1,29,20.933,65.21,0,957.318,0,0,23.48,63.839,416,0,1,31,21.054,71.226,402,0,1,25,16.785,78.395,431,0,1,37,20.503,71.292,413,0,1,30,0,0,0,0,0,0,0,0,0,0,0,0,0,0,0,0,0,0,40,55,0,0,0,0,21.7213
2026-07-23T04:59:00.474Z,30.922,63.924,411,0,1,29,20.923,65.095,0,957.33,0,0,23.521,63.511,443,0,1,43,21.016,71.279,423,0,1,34,16.756,78.589,415,0,1,31,20.456,71.216,438,0,1,41,0,0,0,0,0,0,0,0,0,0,0,0,0,0,0,0,0,0,40,55,0,0,0,0,21.721
2026-07-23T04:59:05.474Z,30.922,63.924,411,0,1,29,20.923,65.095,0,957.33,0,0,23.521,63.511,431,0,1,37,21.016,71.279,415,0,1,30,16.756,78.589,400,0,1,17,20.456,71.216,423,0,1,34,0,0,0,0,0,0,0,0,0,0,0,0,0,0,0,0,0,0,40,55,0,0,0,0,21.721
2026-07-23T04:59:10.473Z,30.922,63.924,411,0,1,29,20.923,64.901,0,957.358,0,0,23.587,63.251,439,0,1,41,20.983666666666664,71.159,827,0,3,377,16.739,78.725,402,0,1,25,20.412,71.101,409,0,1,28,0,0,0,0,0,0,0,0,0,0,0,0,0,0,0,0,0,0,40,55,0,0,0,0,21.73433333333333
2026-07-23T04:59:15.472Z,30.922,63.924,411,0,1,29,20.923,64.901,0,957.358,0,0,23.587,63.251,439,0,1,41,20.95133333333333,71.159,827,0,3,377,16.739,78.725,402,0,1,25,20.412,71.101,409,0,1,28,0,0,0,0,0,0,0,0,0,0,0,0,0,0,0,0,0,0,40,55,0,0,0,0,21.727866666666664
2026-07-23T04:59:20.473Z,30.922,63.924,411,0,1,29,20.923,64.684,0,957.314,0,0,23.66,62.675,423,0,1,34,20.919,71.487,400,0,1,22,17.239,81.436,448,0,1,46,20.381,70.974,404,0,1,26,0,0,0,0,0,0,0,0,0,0,0,0,0,0,0,0,0,0,40,55,0,0,0,0,21.7433
2026-07-23T04:59:25.473Z,30.922,63.924,411,0,1,29,20.898,64.466,0,957.263,0,0,23.69,62.365,442,0,1,43,20.842,71.465,400,0,1,22,16.986,80.403,420,0,1,33,20.367,70.974,404,0,1,25,0,0,0,0,0,0,0,0,0,0,0,0,0,0,0,0,0,0,40,55,0,0,0,0,21.724400000000003
2026-07-23T04:59:30.473Z,30.922,63.924,411,0,1,29,20.903,64.449,0,957.299,0,0,23.746,62.126,448,0,1,46,20.7825,71.246,406,0,1,26,16.87,79.981,400,0,1,23,20.352,71.025,403,0,1,25,0,0,0,0,0,0,0,0,0,0,0,0,0,0,0,0,0,0,40,55,0,0,0,0,21.7318
2026-07-23T04:59:35.472Z,30.922,63.924,411,0,1,29,20.888,64.437,0,957.247,0,0,23.767,61.911,465,0,1,54,20.723,71.386,903,0,3,625,16.834,79.735,422,0,1,33,20.354,71.025,407,0,1,27,0,0,0,0,0,0,0,0,0,0,0,0,0,0,0,0,0,0,40,55,0,0,0,0,21.7187
2026-07-23T04:59:40.473Z,30.922,63.924,411,0,1,29,20.888,64.437,0,957.247,0,0,23.767,61.911,452,0,1,48,20.723,71.386,547,0,2,99,16.834,79.735,414,0,1,30,20.354,71.025,427,0,1,36,0,0,0,0,0,0,0,0,0,0,0,0,0,0,0,0,0,0,40,55,0,0,0,0,21.7187
2026-07-23T04:59:45.473Z,30.922,63.924,411,0,1,29,20.883,64.328,0,957.377,0,0,23.787,61.71,447,0,1,45,20.727,71.408,420,0,1,33,16.79,79.909,514,0,2,80,20.321,70.892,400,0,1,21,0,0,0,0,0,0,0,0,0,0,0,0,0,0,0,0,0,0,40,55,0,0,0,0,21.723
2026-07-23T04:59:50.471Z,30.922,63.924,411,0,1,29,20.878,64.191,0,957.342,0,0,23.814,61.468,418,0,1,31,20.731,71.91,599,0,2,131,18.006,84.33,507,0,2,76,20.324,70.823,406,0,1,26,0,0,0,0,0,0,0,0,0,0,0,0,0,0,0,0,0,0,40,55,0,0,0,0,21.7294
2026-07-23T04:59:55.472Z,30.922,63.924,411,0,1,29,20.878,64.123,0,957.397,0,0,23.832,61.334,413,0,1,30,20.739,72.449,606,0,2,136,18.831,86.901,494,0,2,69,20.288,70.9,418,0,1,32,0,0,0,0,0,0,0,0,0,0,0,0,0,0,0,0,0,0,40,55,0,0,0,0,21.7364
2026-07-23T05:00:00.471Z,30.922,63.924,411,0,1,29,20.878,64.123,0,957.397,0,0,23.832,61.334,425,0,1,35,20.739,72.449,617,0,2,143,18.831,86.901,489,0,2,66,20.288,70.9,419,0,1,32,0,0,0,0,0,0,0,0,0,0,0,0,0,0,0,0,0,0,40,55,0,0,0,0,21.7364
2026-07-23T05:00:05.472Z,30.922,63.924,411,0,1,29,20.878,64.123,0,957.397,0,0,23.832,61.334,416,0,1,31,20.739,72.449,600,0,2,132,18.831,86.901,451,0,2,47,20.288,70.9,400,0,1,22,0,0,0,0,0,0,0,0,0,0,0,0,0,0,0,0,0,0,40,55,0,0,0,0,21.7364
2026-07-23T05:00:10.521Z,30.922,63.924,411,0,1,29,20.878,64.123,0,957.397,0,0,23.832,61.334,416,0,1,31,20.739,72.449,600,0,2,132,18.831,86.901,451,0,2,47,20.288,70.9,400,0,1,22,0,0,0,0,0,0,0,0,0,0,0,0,0,0,0,0,0,0,40,55,0,0,0,0,21.7364
2026-07-23T05:00:15.471Z,30.922,63.924,411,0,1,29,20.878,64.123,0,957.397,0,0,23.832,61.334,405,0,1,26,20.739,72.449,504,0,2,74,18.831,86.901,418,0,2,32,20.288,70.9,410,0,1,28,0,0,0,0,0,0,0,0,0,0,0,0,0,0,0,0,0,0,40,55,0,0,0,0,21.7364
2026-07-23T05:00:20.471Z,30.922,63.924,411,0,1,29,20.878,64.123,0,957.397,0,0,23.832,61.334,436,0,1,40,20.739,72.449,496,0,2,70,17.43,79.494,433,0,2,39,20.352,71.406,406,0,1,26,0,0,0,0,0,0,0,0,0,0,0,0,0,0,0,0,0,0,40,55,0,0,0,0,21.7364
2026-07-23T05:00:25.471Z,30.922,63.924,411,0,1,29,20.842,64.475,0,957.342,0,0,23.893,61.388,419,0,1,32,20.663,72.06,466,0,1,55,17.188,78.877,442,0,2,43,20.33,71.213,416,0,1,31,0,0,0,0,0,0,0,0,0,0,0,0,0,0,0,0,0,0,40,55,0,0,0,0,21.7215
2026-07-23T05:00:30.471Z,30.922,63.924,411,0,1,29,20.832,64.354,0,957.243,0,0,23.896,61.22,415,0,1,30,20.62,72.008,465,0,1,54,17.049,78.691,428,0,2,36,20.322,71.152,408,0,1,27,0,0,0,0,0,0,0,0,0,0,0,0,0,0,0,0,0,0,40,55,0,0,0,0,21.708800000000004
2026-07-23T05:00:35.471Z,30.922,63.924,411,0,1,29,20.832,64.354,0,957.243,0,0,23.896,61.22,400,0,1,21,20.62,72.008,468,0,1,55,17.049,78.691,567,0,2,111,20.322,71.152,401,0,1,24,0,0,0,0,0,0,0,0,0,0,0,0,0,0,0,0,0,0,40,55,0,0,0,0,21.708800000000004
2026-07-23T05:00:40.470Z,30.922,63.924,411,0,1,29,20.822,64.268,0,957.227,0,0,23.911,61.068,441,0,1,42,20.645,72.255,496,0,2,70,17.796,82.058,520,0,2,83,20.334,71.062,404,0,1,26,0,0,0,0,0,0,0,0,0,0,0,0,0,0,0,0,0,0,40,55,0,0,0,0,21.7133
2026-07-23T05:00:45.472Z,30.922,63.924,411,0,1,29,20.822,64.268,0,957.227,0,0,23.911,61.068,450,0,1,47,20.645,72.255,483,0,1,63,17.796,82.058,479,0,1,61,20.334,71.062,402,0,1,25,0,0,0,0,0,0,0,0,0,0,0,0,0,0,0,0,0,0,40,55,0,0,0,0,21.7133
2026-07-23T05:00:50.471Z,30.922,63.924,411,0,1,29,20.822,64.125,0,957.31,0,0,23.924,60.881,423,0,1,34,20.632,72.147,490,0,2,67,17.235,79.767,438,0,1,41,20.315,70.944,420,0,1,33,0,0,0,0,0,0,0,0,0,0,0,0,0,0,0,0,0,0,40,55,0,0,0,0,21.7146
2026-07-23T05:00:55.471Z,30.922,63.924,411,0,1,29,20.812,64.319,0,957.267,0,0,23.944,60.826,424,0,1,34,20.607,72.009,472,0,1,57,17.049,79.198,421,0,1,33,20.274,70.936,412,0,1,29,0,0,0,0,0,0,0,0,0,0,0,0,0,0,0,0,0,0,40,55,0,0,0,0,21.7106
2026-07-23T05:01:00.470Z,30.922,63.924,411,0,1,29,20.807,64.147,0,957.314,0,0,23.947,60.76,420,0,1,33,20.587,71.961,456,0,1,49,16.998,79.125,421,0,1,33,20.251,70.853,417,0,1,31,0,0,0,0,0,0,0,0,0,0,0,0,0,0,0,0,0,0,40,55,0,0,0,0,21.705
2026-07-23T05:01:05.470Z,30.922,63.924,411,0,1,29,20.792,64.015,0,957.318,0,0,23.923,60.482,421,0,1,33,20.555,71.889,472,0,1,57,16.954,79.159,429,0,1,36,20.221,70.858,415,0,1,30,0,0,0,0,0,0,0,0,0,0,0,0,0,0,0,0,0,0,40,55,0,0,0,0,21.6839
2026-07-23T05:01:10.470Z,30.922,63.924,411,0,1,29,20.792,64.015,0,957.318,0,0,23.923,60.482,412,0,1,29,20.555,71.889,480,0,1,61,16.954,79.159,423,0,1,34,20.221,70.858,412,0,1,29,0,0,0,0,0,0,0,0,0,0,0,0,0,0,0,0,0,0,40,55,0,0,0,0,21.6839
2026-07-23T05:01:15.470Z,30.922,63.924,411,0,1,29,20.797,63.924,0,957.216,0,0,23.942,60.437,424,0,1,34,20.531,71.797,481,0,1,62,16.913,79.133,421,0,1,33,20.233,70.741,417,0,1,31,0,0,0,0,0,0,0,0,0,0,0,0,0,0,0,0,0,0,40,55,0,0,0,0,21.6873
2026-07-23T05:01:20.477Z,30.922,63.924,411,0,1,29,20.792,63.816,0,957.29,0,0,23.935,60.291,424,0,1,34,20.531,71.797,65384,0,1,54,16.85,79.181,444,0,1,44,20.251,70.618,418,0,1,32,0,0,0,0,0,0,0,0,0,0,0,0,0,0,0,0,0,0,40,55,0,0,0,0,21.6827
2026-07-23T05:01:25.477Z,30.922,63.924,411,0,1,29,20.782,63.735,0,957.302,0,0,23.945,60.179,413,0,1,29,20.48,71.721,472,0,1,58,16.849,79.212,565,0,2,110,20.253,70.561,421,0,1,33,0,0,0,0,0,0,0,0,0,0,0,0,0,0,0,0,0,0,40,55,0,0,0,0,21.6705
2026-07-23T05:01:30.476Z,30.922,63.924,411,0,1,29,20.777,63.684,0,957.294,0,0,23.958,60.092,425,0,1,35,20.485,71.711,495,0,2,70,16.849,79.212,567,0,2,111,20.253,70.561,423,0,1,34,0,0,0,0,0,0,0,0,0,0,0,0,0,0,0,0,0,0,40,55,0,0,0,0,21.6729
2026-07-23T05:01:35.470Z,30.922,63.924,411,0,1,29,20.767,63.558,0,957.334,0,0,23.934,59.947,420,0,1,33,20.456,71.677,472,0,1,57,16.814,79.383,610,0,2,138,20.144,70.292,411,0,1,28,0,0,0,0,0,0,0,0,0,0,0,0,0,0,0,0,0,0,40,55,0,0,0,0,21.6549
2026-07-23T05:01:40.477Z,30.922,63.924,411,0,1,29,20.767,63.558,0,957.334,0,0,23.934,59.947,439,0,1,41,20.456,71.677,496,0,2,70,16.814,79.383,543,0,2,96,20.144,70.292,410,0,1,28,0,0,0,0,0,0,0,0,0,0,0,0,0,0,0,0,0,0,40,55,0,0,0,0,21.6549
2026-07-23T05:01:45.470Z,30.922,63.924,411,0,1,29,20.757,63.534,0,957.263,0,0,23.951,59.858,431,0,1,38,20.421,71.584,488,0,2,66,16.793,79.425,436,0,1,40,20.165,70.319,426,0,1,36,0,0,0,0,0,0,0,0,0,0,0,0,0,0,0,0,0,0,40,55,0,0,0,0,21.648
2026-07-23T05:01:50.532Z,30.922,63.924,411,0,1,29,20.757,63.471,0,957.318,0,0,23.95,59.762,415,0,1,30,20.449,71.578,471,0,1,57,16.797,79.464,429,0,1,37,20.182,70.249,431,0,1,38,0,0,0,0,0,0,0,0,0,0,0,0,0,0,0,0,0,0,40,55,0,0,0,0,21.6533
2026-07-23T05:01:55.471Z,30.922,63.924,411,0,1,29,20.741,63.237,0,957.322,0,0,23.946,59.652,437,0,1,40,20.46,71.532,452,0,1,48,16.783,79.552,447,0,1,45,20.163,70.235,415,0,1,31,0,0,0,0,0,0,0,0,0,0,0,0,0,0,0,0,0,0,40,55,0,0,0,0,21.646300000000004
2026-07-23T05:02:00.471Z,30.922,63.924,411,0,1,29,20.741,63.351,0,957.349,0,0,23.963,59.567,417,0,1,31,20.411,71.435,458,0,1,51,16.737,79.553,419,0,1,32,20.092,70.124,421,0,1,33,0,0,0,0,0,0,0,0,0,0,0,0,0,0,0,0,0,0,40,55,0,0,0,0,21.6416
2026-07-23T05:02:05.471Z,30.922,63.924,411,0,1,29,20.741,63.351,0,957.349,0,0,23.963,59.567,438,0,1,41,20.411,71.435,451,0,1,47,16.737,79.553,431,0,1,38,20.092,70.124,400,0,1,22,0,0,0,0,0,0,0,0,0,0,0,0,0,0,0,0,0,0,40,55,0,0,0,0,21.6416
2026-07-23T05:02:10.475Z,30.922,63.924,411,0,1,29,20.736,63.322,0,957.286,0,0,23.953,59.436,435,0,1,39,20.414,71.378,483,0,1,63,16.739,79.568,412,0,1,29,20.126,70.064,402,0,1,25,0,0,0,0,0,0,0,0,0,0,0,0,0,0,0,0,0,0,40,55,0,0,0,0,21.6367
2026-07-23T05:02:15.475Z,30.922,63.924,411,0,1,29,20.716,63.213,0,957.227,0,0,23.944,59.416,417,0,1,31,20.414,71.378,474,0,1,59,16.729,79.564,427,0,1,36,20.142,69.989,429,0,1,37,0,0,0,0,0,0,0,0,0,0,0,0,0,0,0,0,0,0,40,55,0,0,0,0,21.624
2026-07-23T05:02:20.474Z,30.922,63.924,411,0,1,29,20.716,63.213,0,957.227,0,0,23.944,59.416,415,0,1,30,20.414,71.378,432,0,1,38,16.729,79.547,418,0,1,32,20.12,69.935,400,0,1,19,0,0,0,0,0,0,0,0,0,0,0,0,0,0,0,0,0,0,40,55,0,0,0,0,21.624
2026-07-23T05:02:25.475Z,30.922,63.924,411,0,1,29,20.716,63.104,0,957.357,0,0,23.962,59.209,405,0,1,26,20.322,71.232,448,0,1,46,16.704,79.565,421,0,1,33,20.086,69.863,415,0,1,30,0,0,0,0,0,0,0,0,0,0,0,0,0,0,0,0,0,0,40,55,0,0,0,0,21.611
2026-07-23T05:02:30.475Z,30.922,63.924,411,0,1,29,20.696,63.023,0,957.306,0,0,23.969,59.088,401,0,1,24,20.334,71.206,456,0,1,50,16.702,79.503,432,0,1,38,20.121,69.833,405,0,1,26,0,0,0,0,0,0,0,0,0,0,0,0,0,0,0,0,0,0,40,55,0,0,0,0,21.605500000000003
2026-07-23T05:02:35.475Z,30.922,63.924,411,0,1,29,20.691,62.972,0,957.271,0,0,23.967,59.027,412,0,1,29,20.334,71.206,458,0,1,51,16.702,79.503,428,0,1,36,20.121,69.833,419,0,1,32,0,0,0,0,0,0,0,0,0,0,0,0,0,0,0,0,0,0,40,55,0,0,0,0,21.6024
2026-07-23T05:02:40.475Z,30.922,63.924,411,0,1,29,20.686,62.926,0,957.318,0,0,23.953,58.957,416,0,1,31,20.326,71.085,477,0,1,60,16.666,79.419,429,0,1,37,20.058,69.784,400,0,1,23,0,0,0,0,0,0,0,0,0,0,0,0,0,0,0,0,0,0,40,55,0,0,0,0,21.5941
2026-07-23T05:02:45.475Z,30.922,63.924,411,0,1,29,20.686,62.926,0,957.318,0,0,23.953,58.957,421,0,1,33,20.326,71.085,472,0,1,57,16.678,79.411,433,0,1,39,20.079,69.709,407,0,1,27,0,0,0,0,0,0,0,0,0,0,0,0,0,0,0,0,0,0,40,55,0,0,0,0,21.5941
2026-07-23T05:02:50.475Z,30.922,63.924,411,0,1,29,20.681,62.828,0,957.282,0,0,23.973,58.876,424,0,1,34,20.326,71.085,485,0,1,64,16.678,79.411,430,0,1,37,20.079,69.709,400,0,1,19,0,0,0,0,0,0,0,0,0,0,0,0,0,0,0,0,0,0,40,55,0,0,0,0,21.5976
2026-07-23T05:02:55.474Z,30.922,63.924,411,0,1,29,20.681,62.828,0,957.282,0,0,23.973,58.876,424,0,1,34,20.326,71.085,485,0,1,64,16.678,79.411,430,0,1,37,20.079,69.709,400,0,1,19,0,0,0,0,0,0,0,0,0,0,0,0,0,0,0,0,0,0,40,55,0,0,0,0,21.5976
2026-07-23T05:03:00.473Z,30.922,63.924,411,0,1,29,20.671,62.737,0,957.294,0,0,23.983,58.694,423,0,1,34,20.326,71.085,428,0,1,36,16.678,79.411,405,0,1,26,20.079,69.709,405,0,1,26,0,0,0,0,0,0,0,0,0,0,0,0,0,0,0,0,0,0,40,55,0,0,0,0,21.5956
2026-07-23T05:03:05.474Z,30.922,63.924,411,0,1,29,20.671,62.685,0,957.267,0,0,23.975,58.55,423,0,1,34,20.311666666666667,70.81,416,0,1,31,16.645,79.405,400,0,1,24,20.047,69.501,400,0,1,21,0,0,0,0,0,0,0,0,0,0,0,0,0,0,0,0,0,0,40,55,0,0,0,0,21.590333333333334
2026-07-23T05:03:10.474Z,30.922,63.924,411,0,1,29,20.671,62.685,0,957.267,0,0,23.975,58.55,423,0,1,34,20.29733333333333,70.81,824,0,3,368,16.645,79.405,408,0,1,27,20.047,69.501,400,0,1,21,0,0,0,0,0,0,0,0,0,0,0,0,0,0,0,0,0,0,40,55,0,0,0,0,21.587466666666664
2026-07-23T05:03:15.474Z,30.922,63.924,411,0,1,29,20.651,62.587,0,957.207,0,0,23.923,58.447,423,0,1,34,20.283,70.762,415,0,1,30,16.643,79.407,416,0,1,31,19.98,69.434,411,0,1,29,0,0,0,0,0,0,0,0,0,0,0,0,0,0,0,0,0,0,40,55,0,0,0,0,21.559
2026-07-23T05:03:20.473Z,30.922,63.924,411,0,1,29,20.646,62.484,0,957.282,0,0,23.79,58.441,423,0,1,34,20.258,41.381,400,0,1,0,16.658,79.557,440,0,1,42,20.009,69.345,400,0,1,23,0,0,0,0,0,0,0,0,0,0,0,0,0,0,0,0,0,0,40,55,0,0,0,0,21.5116
2026-07-23T05:03:25.473Z,30.922,63.924,411,0,1,29,20.646,62.484,0,957.282,0,0,23.79,58.441,423,0,1,34,20.233,41.381,438,0,1,41,16.658,79.557,449,0,1,46,20.009,69.345,400,0,1,22,0,0,0,0,0,0,0,0,0,0,0,0,0,0,0,0,0,0,40,55,0,0,0,0,21.5066
2026-07-23T05:03:30.473Z,30.922,63.924,411,0,1,29,20.635,62.381,0,957.266,0,0,23.629,58.579,423,0,1,34,20.208,70.62,572,0,2,114,16.649,79.495,438,0,1,41,20.03,69.244,403,0,1,25,0,0,0,0,0,0,0,0,0,0,0,0,0,0,0,0,0,0,40,55,0,0,0,0,21.4478
2026-07-23T05:03:35.473Z,30.922,63.924,411,0,1,29,20.635,62.381,0,957.266,0,0,23.629,58.579,423,0,1,34,20.208,70.62,578,0,2,118,16.657,79.474,435,0,1,40,20.025,69.169,430,0,1,37,0,0,0,0,0,0,0,0,0,0,0,0,0,0,0,0,0,0,40,55,0,0,0,0,21.4478
2026-07-23T05:03:40.581Z,30.922,63.924,411,0,1,29,20.63,62.341,0,957.286,0,0,23.48,58.599,423,0,1,34,20.223,70.576,605,0,2,136,16.672,79.506,414,0,1,30,20.012,69.129,422,0,1,34,0,0,0,0,0,0,0,0,0,0,0,0,0,0,0,0,0,0,40,55,0,0,0,0,21.4036
2026-07-23T05:03:45.473Z,30.922,63.924,411,0,1,29,20.615,62.289,0,957.262,0,0,23.374,58.745,423,0,1,34,20.223,70.576,603,0,2,134,16.672,79.506,405,0,1,26,20.012,69.129,429,0,1,37,0,0,0,0,0,0,0,0,0,0,0,0,0,0,0,0,0,0,40,55,0,0,0,0,21.3643
2026-07-23T05:03:50.472Z,30.922,63.924,411,0,1,29,20.61,62.226,0,957.227,0,0,23.243,58.924,423,0,1,34,20.219,70.506,579,0,2,118,16.643,79.461,417,0,1,31,20.011,69.026,408,0,1,27,0,0,0,0,0,0,0,0,0,0,0,0,0,0,0,0,0,0,40,55,0,0,0,0,21.3217
2026-07-23T05:03:55.473Z,30.922,63.924,411,0,1,29,20.61,62.226,0,957.227,0,0,23.243,58.924,423,0,1,34,20.219,70.506,595,0,2,129,16.643,79.461,426,0,1,35,20.011,69.026,430,0,1,37,0,0,0,0,0,0,0,0,0,0,0,0,0,0,0,0,0,0,40,55,0,0,0,0,21.3217
2026-07-23T05:04:00.473Z,30.922,63.924,411,0,1,29,20.61,62.111,0,957.255,0,0,23.144,59.153,423,0,1,34,20.236,70.418,569,0,2,112,16.633,79.402,427,0,1,36,19.985,68.987,410,0,1,28,0,0,0,0,0,0,0,0,0,0,0,0,0,0,0,0,0,0,40,55,0,0,0,0,21.2954
2026-07-23T05:04:05.473Z,30.922,63.924,411,0,1,29,20.6,62.037,0,957.239,0,0,23.038,59.459,423,0,1,34,20.221,70.324,580,0,2,119,16.643,79.497,427,0,1,36,19.996,68.932,414,0,1,30,0,0,0,0,0,0,0,0,0,0,0,0,0,0,0,0,0,0,40,55,0,0,0,0,21.2556
2026-07-23T05:04:10.473Z,30.922,63.924,411,0,1,29,20.595,62.054,0,957.231,0,0,22.906,59.531,423,0,1,34,20.22,70.28,570,0,2,112,16.651,79.446,427,0,1,36,20.021,68.868,427,0,1,36,0,0,0,0,0,0,0,0,0,0,0,0,0,0,0,0,0,0,40,55,0,0,0,0,21.2133
2026-07-23T05:04:15.472Z,30.922,63.924,411,0,1,29,20.595,62.054,0,957.231,0,0,22.906,59.531,423,0,1,34,20.22,70.28,598,0,2,131,16.651,79.446,411,0,1,28,20.021,68.868,426,0,1,35,0,0,0,0,0,0,0,0,0,0,0,0,0,0,0,0,0,0,40,55,0,0,0,0,21.2133
2026-07-23T05:04:20.472Z,30.922,63.924,411,0,1,29,20.59,62.031,0,957.278,0,0,22.809,59.776,423,0,1,34,20.225,70.251,570,0,2,113,16.67,79.388,417,0,1,31,19.939,68.814,407,0,1,27,0,0,0,0,0,0,0,0,0,0,0,0,0,0,0,0,0,0,40,55,0,0,0,0,21.1827
2026-07-23T05:04:25.472Z,30.922,63.924,411,0,1,29,20.585,61.962,0,957.298,0,0,22.743,59.937,423,0,1,34,20.23,70.155,593,0,2,127,16.68,79.412,415,0,1,30,19.933,68.761,425,0,1,35,0,0,0,0,0,0,0,0,0,0,0,0,0,0,0,0,0,0,40,55,0,0,0,0,21.1614
2026-07-23T05:04:30.472Z,30.922,63.924,411,0,1,29,20.575,61.944,0,957.282,0,0,22.668,60.14,423,0,1,34,20.209,70.142,580,0,2,119,16.657,79.267,423,0,1,34,20.002,68.75,403,0,1,25,0,0,0,0,0,0,0,0,0,0,0,0,0,0,0,0,0,0,40,55,0,0,0,0,21.1297
2026-07-23T05:04:35.472Z,30.922,63.924,411,0,1,29,20.57,61.824,0,957.274,0,0,22.573,60.31,423,0,1,34,20.171,70.115,599,0,2,131,16.67,79.246,421,0,1,33,19.983,68.716,433,0,1,39,0,0,0,0,0,0,0,0,0,0,0,0,0,0,0,0,0,0,40,55,0,0,0,0,21.0911
2026-07-23T05:04:40.472Z,30.922,63.924,411,0,1,29,20.565,61.847,0,957.266,0,0,22.495,60.511,423,0,1,34,20.171,70.115,579,0,2,118,16.67,79.143,419,0,1,32,19.936,68.643,418,0,1,32,0,0,0,0,0,0,0,0,0,0,0,0,0,0,0,0,0,0,40,55,0,0,0,0,21.0652
2026-07-23T05:04:45.471Z,30.922,63.924,411,0,1,29,20.565,61.847,0,957.266,0,0,22.495,60.511,423,0,1,34,20.171,70.115,576,0,2,117,16.67,79.143,445,0,1,44,19.936,68.643,407,0,1,27,0,0,0,0,0,0,0,0,0,0,0,0,0,0,0,0,0,0,40,55,0,0,0,0,21.0652
2026-07-23T05:04:50.471Z,30.922,63.924,411,0,1,29,20.55,61.8,0,957.215,0,0,22.4,60.695,423,0,1,34,20.1705,70.004,879,0,3,544,16.667,79.076,441,0,1,42,19.949,68.596,418,0,1,32,0,0,0,0,0,0,0,0,0,0,0,0,0,0,0,0,0,0,40,55,0,0,0,0,21.0291
2026-07-23T05:04:55.471Z,30.922,63.924,411,0,1,29,20.55,61.8,0,957.215,0,0,22.367,60.853,423,0,1,34,20.17,69.908,566,0,2,110,16.652,78.995,441,0,1,42,20.001,68.542,416,0,1,31,0,0,0,0,0,0,0,0,0,0,0,0,0,0,0,0,0,0,40,55,0,0,0,0,21.0191
2026-07-23T05:05:00.470Z,30.922,63.924,411,0,1,29,20.55,61.715,0,957.187,0,0,22.295,60.97,423,0,1,34,20.157,69.874,564,0,2,109,16.633,79.037,424,0,1,35,19.964,68.424,434,0,1,39,0,0,0,0,0,0,0,0,0,0,0,0,0,0,0,0,0,0,40,55,0,0,0,0,20.9949
2026-07-23T05:05:05.470Z,30.922,63.924,411,0,1,29,20.545,61.663,0,957.235,0,0,22.221,61.124,423,0,1,34,20.163,69.832,564,0,2,109,16.654,79.041,426,0,1,35,19.968,68.368,431,0,1,37,0,0,0,0,0,0,0,0,0,0,0,0,0,0,0,0,0,0,40,55,0,0,0,0,20.971400000000003
2026-07-23T05:05:10.471Z,30.922,63.924,411,0,1,29,20.545,61.663,0,957.235,0,0,22.221,61.124,423,0,1,34,20.163,69.832,564,0,2,109,16.654,79.041,448,0,1,46,19.968,68.368,422,0,1,33,0,0,0,0,0,0,0,0,0,0,0,0,0,0,0,0,0,0,40,55,0,0,0,0,20.971400000000003
2026-07-23T05:05:15.471Z,30.922,63.924,411,0,1,29,20.535,61.645,0,957.219,0,0,22.165,61.337,423,0,1,34,20.167,0.392,907,0,3,638,16.626,78.998,451,0,1,47,19.958,68.301,407,0,1,27,0,0,0,0,0,0,0,0,0,0,0,0,0,0,0,0,0,0,40,55,0,0,0,0,20.9504
2026-07-23T05:05:20.471Z,30.922,63.924,411,0,1,29,20.535,61.594,0,957.191,0,0,22.098,61.403,423,0,1,34,20.171,69.746,595,0,2,128,16.619,79.0,484,0,1,64,19.905,68.256,400,0,1,24,0,0,0,0,0,0,0,0,0,0,0,0,0,0,0,0,0,0,40,55,0,0,0,0,20.9311
2026-07-23T05:05:25.470Z,30.922,63.924,411,0,1,29,20.524,61.548,0,957.176,0,0,22.055,61.567,423,0,1,34,20.146,69.734,579,0,2,118,16.613,79.095,474,0,1,58,19.893,68.235,424,0,1,34,0,0,0,0,0,0,0,0,0,0,0,0,0,0,0,0,0,0,40,55,0,0,0,0,20.9077
2026-07-23T05:05:30.470Z,30.922,63.924,411,0,1,29,20.524,61.514,0,957.203,0,0,21.995,61.608,423,0,1,34,20.117,69.687,583,0,2,121,16.586,79.044,465,0,1,54,19.912,68.21,405,0,1,26,0,0,0,0,0,0,0,0,0,0,0,0,0,0,0,0,0,0,40,55,0,0,0,0,20.883900000000004
2026-07-23T05:05:35.470Z,30.922,63.924,411,0,1,29,20.524,61.474,0,957.203,0,0,21.968,61.746,423,0,1,34,20.128,69.623,573,0,2,114,16.614,79.101,428,0,1,36,19.901,68.165,415,0,1,30,0,0,0,0,0,0,0,0,0,0,0,0,0,0,0,0,0,0,40,55,0,0,0,0,20.878
2026-07-23T05:05:40.470Z,30.922,63.924,411,0,1,29,20.514,61.433,0,957.16,0,0,21.914,61.81,423,0,1,34,20.128,69.623,589,0,2,125,16.614,79.101,439,0,1,41,19.901,68.165,429,0,1,37,0,0,0,0,0,0,0,0,0,0,0,0,0,0,0,0,0,0,40,55,0,0,0,0,20.8568
2026-07-23T05:05:45.470Z,30.922,63.924,411,0,1,29,20.514,61.433,0,957.16,0,0,21.914,61.81,423,0,1,34,20.101,69.625,65322,0,2,130,16.58,79.052,453,0,1,48,19.888,68.18,429,0,1,37,0,0,0,0,0,0,0,0,0,0,0,0,0,0,0,0,0,0,40,55,0,0,0,0,20.8514
2026-07-23T05:05:50.470Z,30.922,63.924,411,0,1,29,20.499,61.398,0,957.191,0,0,21.832,61.971,423,0,1,34,20.104,69.614,566,0,2,110,16.603,79.081,440,0,1,42,19.864,68.178,430,0,1,37,0,0,0,0,0,0,0,0,0,0,0,0,0,0,0,0,0,0,40,55,0,0,0,0,20.8199
2026-07-23T05:05:55.476Z,30.922,63.924,411,0,1,29,20.499,61.347,0,957.246,0,0,21.789,62.065,423,0,1,34,20.107,69.592,574,0,2,115,16.61,79.094,433,0,1,39,19.887,68.102,415,0,1,31,0,0,0,0,0,0,0,0,0,0,0,0,0,0,0,0,0,0,40,55,0,0,0,0,20.8076
2026-07-23T05:06:00.477Z,30.922,63.924,411,0,1,29,20.499,61.301,0,957.191,0,0,21.742,62.173,423,0,1,34,20.07,69.544,65535,0,2,32877,16.591,79.146,413,0,1,30,19.887,68.102,417,0,1,31,0,0,0,0,0,0,0,0,0,0,0,0,0,0,0,0,0,0,40,55,0,0,0,0,20.7861
2026-07-23T05:06:05.476Z,30.922,63.924,411,0,1,29,20.499,61.301,0,957.191,0,0,21.742,62.173,423,0,1,34,20.07,69.544,562,0,2,108,16.591,79.146,402,0,1,25,19.888,68.082,412,0,1,29,0,0,0,0,0,0,0,0,0,0,0,0,0,0,0,0,0,0,40,55,0,0,0,0,20.7861
2026-07-23T05:06:10.476Z,30.922,63.924,411,0,1,29,20.499,61.301,0,957.191,0,0,21.742,62.173,423,0,1,34,20.07,69.544,520,0,2,83,16.591,79.146,402,0,1,25,19.888,68.082,420,0,1,33,0,0,0,0,0,0,0,0,0,0,0,0,0,0,0,0,0,0,40,55,0,0,0,0,20.7861
2026-07-23T05:06:15.476Z,30.922,63.924,411,0,1,29,20.499,61.301,0,957.191,0,0,21.742,62.173,423,0,1,34,20.07,69.544,520,0,2,83,16.591,79.146,402,0,1,25,19.888,68.082,420,0,1,33,0,0,0,0,0,0,0,0,0,0,0,0,0,0,0,0,0,0,40,55,0,0,0,0,20.7861
2026-07-23T05:06:20.472Z,30.922,63.924,411,0,1,29,20.499,61.301,0,957.191,0,0,21.742,62.173,423,0,1,34,20.07,69.544,520,0,2,83,16.591,79.146,402,0,1,25,19.888,68.082,420,0,1,33,0,0,0,0,0,0,0,0,0,0,0,0,0,0,0,0,0,0,40,55,0,0,0,0,20.7861
2026-07-23T05:06:25.475Z,30.922,63.924,411,0,1,29,20.499,61.301,0,957.191,0,0,21.742,62.173,423,0,1,34,20.07,69.544,520,0,2,83,16.591,79.146,402,0,1,25,19.888,68.082,420,0,1,33,0,0,0,0,0,0,0,0,0,0,0,0,0,0,0,0,0,0,40,55,0,0,0,0,20.7861
2026-07-23T05:06:30.474Z,30.922,63.924,411,0,1,29,20.499,61.301,0,957.191,0,0,21.742,62.173,423,0,1,34,20.07,69.544,520,0,2,83,16.591,79.146,402,0,1,25,19.888,68.082,420,0,1,33,0,0,0,0,0,0,0,0,0,0,0,0,0,0,0,0,0,0,40,55,0,0,0,0,20.7861
2026-07-23T05:06:35.475Z,30.922,63.924,411,0,1,29,20.459,61.134,0,957.238,0,0,21.529,62.657,423,0,1,34,20.08,69.423,553,0,2,102,16.659,79.15,408,0,1,27,19.813,67.822,419,0,1,32,0,0,0,0,0,0,0,0,0,0,0,0,0,0,0,0,0,0,40,55,0,0,0,0,20.7042
2026-07-23T05:06:40.476Z,30.922,63.924,411,0,1,29,20.459,61.134,0,957.238,0,0,21.529,62.657,423,0,1,34,20.08,69.423,584,0,2,121,16.659,79.15,418,0,1,32,19.813,67.822,440,0,1,42,0,0,0,0,0,0,0,0,0,0,0,0,0,0,0,0,0,0,40,55,0,0,0,0,20.7042
2026-07-23T05:06:45.476Z,30.922,63.924,411,0,1,29,20.454,61.122,0,957.23,0,0,21.525,62.7,423,0,1,34,20.053,69.398,557,0,2,105,16.663,79.163,421,0,1,33,19.841,67.878,415,0,1,30,0,0,0,0,0,0,0,0,0,0,0,0,0,0,0,0,0,0,40,55,0,0,0,0,20.6951
2026-07-23T05:06:50.475Z,30.922,63.924,411,0,1,29,20.454,61.099,0,957.23,0,0,21.511,62.799,423,0,1,34,20.043,69.422,547,0,2,99,16.683,79.105,437,0,1,41,19.845,67.776,432,0,1,38,0,0,0,0,0,0,0,0,0,0,0,0,0,0,0,0,0,0,40,55,0,0,0,0,20.6889
2026-07-23T05:06:55.475Z,30.922,63.924,411,0,1,29,20.459,61.031,0,957.211,0,0,21.455,62.771,423,0,1,34,20.036,69.404,543,0,2,96,16.673,79.081,429,0,1,37,19.851,67.764,434,0,1,39,0,0,0,0,0,0,0,0,0,0,0,0,0,0,0,0,0,0,40,55,0,0,0,0,20.6732
2026-07-23T05:07:00.475Z,30.922,63.924,411,0,1,29,20.439,61.047,0,957.207,0,0,21.456,62.908,423,0,1,34,20.025,69.394,549,0,2,100,16.652,78.976,421,0,1,33,19.852,67.718,422,0,1,34,0,0,0,0,0,0,0,0,0,0,0,0,0,0,0,0,0,0,40,55,0,0,0,0,20.6613
2026-07-23T05:07:05.474Z,30.922,63.924,411,0,1,29,20.434,61.041,0,957.171,0,0,21.408,62.9,423,0,1,34,20.012,69.377,553,0,2,102,16.652,78.945,417,0,1,31,19.814,67.694,406,0,1,26,0,0,0,0,0,0,0,0,0,0,0,0,0,0,0,0,0,0,40,55,0,0,0,0,20.641800000000003
2026-07-23T05:07:10.474Z,30.922,63.924,411,0,1,29,20.439,60.99,0,957.207,0,0,21.397,62.97,423,0,1,34,20.019,69.333,509,0,2,77,16.691,78.893,404,0,1,25,19.807,67.696,403,0,1,25,0,0,0,0,0,0,0,0,0,0,0,0,0,0,0,0,0,0,40,55,0,0,0,0,20.6424
2026-07-23T05:07:15.473Z,30.922,63.924,411,0,1,29,20.439,60.99,0,957.207,0,0,21.397,62.97,423,0,1,34,20.019,69.333,541,0,2,95,16.691,78.893,492,0,2,68,19.807,67.696,407,0,1,27,0,0,0,0,0,0,0,0,0,0,0,0,0,0,0,0,0,0,40,55,0,0,0,0,20.6424
2026-07-23T05:07:20.475Z,30.922,63.924,411,0,1,29,20.439,60.99,0,957.207,0,0,21.397,62.97,423,0,1,34,20.019,69.333,541,0,2,95,16.691,78.893,492,0,2,68,19.807,67.696,407,0,1,27,0,0,0,0,0,0,0,0,0,0,0,0,0,0,0,0,0,0,40,55,0,0,0,0,20.6424
2026-07-23T05:07:25.474Z,30.922,63.924,411,0,1,29,20.439,60.99,0,957.207,0,0,21.397,62.97,423,0,1,34,20.019,69.333,541,0,2,95,16.691,78.893,492,0,2,68,19.807,67.696,407,0,1,27,0,0,0,0,0,0,0,0,0,0,0,0,0,0,0,0,0,0,40,55,0,0,0,0,20.6424
2026-07-23T05:07:30.473Z,30.922,63.924,411,0,1,29,20.439,60.99,0,957.207,0,0,21.397,62.97,423,0,1,34,20.019,69.333,541,0,2,95,16.691,78.893,492,0,2,68,19.807,67.696,407,0,1,27,0,0,0,0,0,0,0,0,0,0,0,0,0,0,0,0,0,0,40,55,0,0,0,0,20.6424
2026-07-23T05:07:35.483Z,30.922,63.924,411,0,1,29,20.439,60.99,0,957.207,0,0,21.397,62.97,423,0,1,34,20.019,69.333,541,0,2,95,16.691,78.893,492,0,2,68,19.807,67.696,407,0,1,27,0,0,0,0,0,0,0,0,0,0,0,0,0,0,0,0,0,0,40,55,0,0,0,0,20.6424
2026-07-23T05:07:40.473Z,30.922,63.924,411,0,1,29,20.439,60.99,0,957.207,0,0,21.397,62.97,423,0,1,34,20.019,69.333,541,0,2,95,16.691,78.893,492,0,2,68,19.807,67.696,407,0,1,27,0,0,0,0,0,0,0,0,0,0,0,0,0,0,0,0,0,0,40,55,0,0,0,0,20.6424
2026-07-23T05:07:45.472Z,30.922,63.924,411,0,1,29,20.439,60.99,0,957.207,0,0,21.397,62.97,423,0,1,34,20.019,69.333,541,0,2,95,16.691,78.893,492,0,2,68,19.807,67.696,407,0,1,27,0,0,0,0,0,0,0,0,0,0,0,0,0,0,0,0,0,0,40,55,0,0,0,0,20.6424
2026-07-23T05:07:50.474Z,30.922,63.924,411,0,1,29,20.439,60.99,0,957.207,0,0,21.397,62.97,423,0,1,34,20.019,69.333,541,0,2,95,16.691,78.893,492,0,2,68,19.807,67.696,407,0,1,27,0,0,0,0,0,0,0,0,0,0,0,0,0,0,0,0,0,0,40,55,0,0,0,0,20.6424
2026-07-23T05:07:55.473Z,30.922,63.924,411,0,1,29,20.439,60.99,0,957.207,0,0,21.397,62.97,423,0,1,34,20.019,69.333,541,0,2,95,16.691,78.893,492,0,2,68,19.807,67.696,407,0,1,27,0,0,0,0,0,0,0,0,0,0,0,0,0,0,0,0,0,0,40,55,0,0,0,0,20.6424
2026-07-23T05:08:00.473Z,30.922,63.924,411,0,1,29,20.439,60.99,0,957.207,0,0,21.397,62.97,423,0,1,34,20.019,69.333,541,0,2,95,16.691,78.893,492,0,2,68,19.807,67.696,407,0,1,27,0,0,0,0,0,0,0,0,0,0,0,0,0,0,0,0,0,0,40,55,0,0,0,0,20.6424
2026-07-23T05:08:05.473Z,30.922,63.924,411,0,1,29,20.439,60.99,0,957.207,0,0,21.397,62.97,423,0,1,34,20.019,69.333,541,0,2,95,16.691,78.893,492,0,2,68,19.807,67.696,407,0,1,27,0,0,0,0,0,0,0,0,0,0,0,0,0,0,0,0,0,0,40,55,0,0,0,0,20.6424
2026-07-23T05:08:10.472Z,30.922,63.924,411,0,1,29,20.439,60.99,0,957.207,0,0,21.397,62.97,423,0,1,34,20.019,69.333,541,0,2,95,16.691,78.893,492,0,2,68,19.807,67.696,407,0,1,27,0,0,0,0,0,0,0,0,0,0,0,0,0,0,0,0,0,0,40,55,0,0,0,0,20.6424
2026-07-23T05:08:15.472Z,30.922,63.924,411,0,1,29,20.439,60.99,0,957.207,0,0,21.397,62.97,423,0,1,34,20.019,69.333,541,0,2,95,16.691,78.893,492,0,2,68,19.807,67.696,407,0,1,27,0,0,0,0,0,0,0,0,0,0,0,0,0,0,0,0,0,0,40,55,0,0,0,0,20.6424
2026-07-23T05:08:20.472Z,30.922,63.924,411,0,1,29,20.439,60.99,0,957.207,0,0,21.397,62.97,423,0,1,34,20.019,69.333,541,0,2,95,16.691,78.893,492,0,2,68,19.807,67.696,407,0,1,27,0,0,0,0,0,0,0,0,0,0,0,0,0,0,0,0,0,0,40,55,0,0,0,0,20.6424
2026-07-23T05:08:25.472Z,30.922,63.924,411,0,1,29,20.439,60.99,0,957.207,0,0,21.397,62.97,423,0,1,34,20.019,69.333,541,0,2,95,16.691,78.893,492,0,2,68,19.807,67.696,407,0,1,27,0,0,0,0,0,0,0,0,0,0,0,0,0,0,0,0,0,0,40,55,0,0,0,0,20.6424
2026-07-23T05:08:30.473Z,30.922,63.924,411,0,1,29,20.439,60.99,0,957.207,0,0,21.397,62.97,423,0,1,34,20.019,69.333,541,0,2,95,16.691,78.893,492,0,2,68,19.807,67.696,407,0,1,27,0,0,0,0,0,0,0,0,0,0,0,0,0,0,0,0,0,0,40,55,0,0,0,0,20.6424
2026-07-23T05:08:35.473Z,30.922,63.924,411,0,1,29,20.439,60.99,0,957.207,0,0,21.397,62.97,423,0,1,34,20.019,69.333,541,0,2,95,16.691,78.893,492,0,2,68,19.807,67.696,407,0,1,27,0,0,0,0,0,0,0,0,0,0,0,0,0,0,0,0,0,0,40,55,0,0,0,0,20.6424
2026-07-23T05:08:40.471Z,30.922,63.924,411,0,1,29,20.439,60.99,0,957.207,0,0,21.397,62.97,423,0,1,34,20.019,69.333,541,0,2,95,16.691,78.893,492,0,2,68,19.807,67.696,407,0,1,27,0,0,0,0,0,0,0,0,0,0,0,0,0,0,0,0,0,0,40,55,0,0,0,0,20.6424
2026-07-23T05:08:45.471Z,30.922,63.924,411,0,1,29,20.439,60.99,0,957.207,0,0,21.397,62.97,423,0,1,34,20.019,69.333,541,0,2,95,16.691,78.893,492,0,2,68,19.807,67.696,407,0,1,27,0,0,0,0,0,0,0,0,0,0,0,0,0,0,0,0,0,0,40,55,0,0,0,0,20.6424
2026-07-23T05:08:50.471Z,30.922,63.924,411,0,1,29,20.439,60.99,0,957.207,0,0,21.397,62.97,423,0,1,34,20.019,69.333,541,0,2,95,16.691,78.893,492,0,2,68,19.807,67.696,407,0,1,27,0,0,0,0,0,0,0,0,0,0,0,0,0,0,0,0,0,0,40,55,0,0,0,0,20.6424
2026-07-23T05:08:55.471Z,30.922,63.924,411,0,1,29,20.439,60.99,0,957.207,0,0,21.397,62.97,423,0,1,34,20.019,69.333,541,0,2,95,16.691,78.893,492,0,2,68,19.807,67.696,407,0,1,27,0,0,0,0,0,0,0,0,0,0,0,0,0,0,0,0,0,0,40,55,0,0,0,0,20.6424
2026-07-23T05:09:00.471Z,30.922,63.924,411,0,1,29,20.439,60.99,0,957.207,0,0,21.397,62.97,423,0,1,34,20.019,69.333,541,0,2,95,16.691,78.893,492,0,2,68,19.807,67.696,407,0,1,27,0,0,0,0,0,0,0,0,0,0,0,0,0,0,0,0,0,0,40,55,0,0,0,0,20.6424
2026-07-23T05:09:05.471Z,30.922,63.924,411,0,1,29,20.439,60.99,0,957.207,0,0,21.397,62.97,423,0,1,34,20.019,69.333,541,0,2,95,16.691,78.893,492,0,2,68,19.807,67.696,407,0,1,27,0,0,0,0,0,0,0,0,0,0,0,0,0,0,0,0,0,0,40,55,0,0,0,0,20.6424
2026-07-23T05:09:10.471Z,30.922,63.924,411,0,1,29,20.439,60.99,0,957.207,0,0,21.397,62.97,423,0,1,34,20.019,69.333,541,0,2,95,16.691,78.893,492,0,2,68,19.807,67.696,407,0,1,27,0,0,0,0,0,0,0,0,0,0,0,0,0,0,0,0,0,0,40,55,0,0,0,0,20.6424
2026-07-23T05:09:15.471Z,30.922,63.924,411,0,1,29,20.439,60.99,0,957.207,0,0,21.397,62.97,423,0,1,34,20.019,69.333,541,0,2,95,16.691,78.893,492,0,2,68,19.807,67.696,407,0,1,27,0,0,0,0,0,0,0,0,0,0,0,0,0,0,0,0,0,0,40,55,0,0,0,0,20.6424
2026-07-23T05:09:20.471Z,30.922,63.924,411,0,1,29,20.439,60.99,0,957.207,0,0,21.397,62.97,423,0,1,34,20.019,69.333,541,0,2,95,16.691,78.893,492,0,2,68,19.807,67.696,407,0,1,27,0,0,0,0,0,0,0,0,0,0,0,0,0,0,0,0,0,0,40,55,0,0,0,0,20.6424
2026-07-23T05:09:25.471Z,30.922,63.924,411,0,1,29,20.439,60.99,0,957.207,0,0,21.397,62.97,423,0,1,34,20.019,69.333,541,0,2,95,16.691,78.893,492,0,2,68,19.807,67.696,407,0,1,27,0,0,0,0,0,0,0,0,0,0,0,0,0,0,0,0,0,0,40,55,0,0,0,0,20.6424
2026-07-23T05:09:30.471Z,30.922,63.924,411,0,1,29,20.439,60.99,0,957.207,0,0,21.397,62.97,423,0,1,34,20.019,69.333,541,0,2,95,16.691,78.893,492,0,2,68,19.807,67.696,407,0,1,27,0,0,0,0,0,0,0,0,0,0,0,0,0,0,0,0,0,0,40,55,0,0,0,0,20.6424
2026-07-23T05:09:35.471Z,30.922,63.924,411,0,1,29,20.439,60.99,0,957.207,0,0,21.397,62.97,423,0,1,34,20.019,69.333,541,0,2,95,16.691,78.893,492,0,2,68,19.807,67.696,407,0,1,27,0,0,0,0,0,0,0,0,0,0,0,0,0,0,0,0,0,0,40,55,0,0,0,0,20.6424
2026-07-23T05:09:40.471Z,30.922,63.924,411,0,1,29,20.439,60.99,0,957.207,0,0,21.397,62.97,423,0,1,34,20.019,69.333,541,0,2,95,16.691,78.893,492,0,2,68,19.807,67.696,407,0,1,27,0,0,0,0,0,0,0,0,0,0,0,0,0,0,0,0,0,0,40,55,0,0,0,0,20.6424
2026-07-23T05:09:45.471Z,30.922,63.924,411,0,1,29,20.439,60.99,0,957.207,0,0,21.397,62.97,423,0,1,34,20.019,69.333,541,0,2,95,16.691,78.893,492,0,2,68,19.807,67.696,407,0,1,27,0,0,0,0,0,0,0,0,0,0,0,0,0,0,0,0,0,0,40,55,0,0,0,0,20.6424
2026-07-23T05:09:50.470Z,30.922,63.924,411,0,1,29,20.439,60.99,0,957.207,0,0,21.397,62.97,423,0,1,34,20.019,69.333,541,0,2,95,16.691,78.893,492,0,2,68,19.807,67.696,407,0,1,27,0,0,0,0,0,0,0,0,0,0,0,0,0,0,0,0,0,0,40,55,0,0,0,0,20.6424
2026-07-23T05:09:55.476Z,30.922,63.924,411,0,1,29,20.439,60.99,0,957.207,0,0,21.397,62.97,423,0,1,34,20.019,69.333,541,0,2,95,16.691,78.893,492,0,2,68,19.807,67.696,407,0,1,27,0,0,0,0,0,0,0,0,0,0,0,0,0,0,0,0,0,0,40,55,0,0,0,0,20.6424
2026-07-23T05:10:00.471Z,30.922,63.924,411,0,1,29,20.439,60.99,0,957.207,0,0,21.397,62.97,423,0,1,34,20.019,69.333,541,0,2,95,16.691,78.893,492,0,2,68,19.807,67.696,407,0,1,27,0,0,0,0,0,0,0,0,0,0,0,0,0,0,0,0,0,0,40,55,0,0,0,0,20.6424
2026-07-23T05:10:05.476Z,30.922,63.924,411,0,1,29,20.439,60.99,0,957.207,0,0,21.397,62.97,423,0,1,34,20.019,69.333,541,0,2,95,16.691,78.893,492,0,2,68,19.807,67.696,407,0,1,27,0,0,0,0,0,0,0,0,0,0,0,0,0,0,0,0,0,0,40,55,0,0,0,0,20.6424
2026-07-23T05:10:10.476Z,30.922,63.924,411,0,1,29,20.439,60.99,0,957.207,0,0,21.397,62.97,423,0,1,34,20.019,69.333,541,0,2,95,16.691,78.893,492,0,2,68,19.807,67.696,407,0,1,27,0,0,0,0,0,0,0,0,0,0,0,0,0,0,0,0,0,0,40,55,0,0,0,0,20.6424
2026-07-23T05:10:15.555Z,30.922,63.924,411,0,1,29,20.439,60.99,0,957.207,0,0,21.397,62.97,423,0,1,34,20.019,69.333,541,0,2,95,16.691,78.893,492,0,2,68,19.807,67.696,407,0,1,27,0,0,0,0,0,0,0,0,0,0,0,0,0,0,0,0,0,0,40,55,0,0,0,0,20.6424
2026-07-23T05:10:20.476Z,30.922,63.924,411,0,1,29,20.439,60.99,0,957.207,0,0,21.397,62.97,423,0,1,34,20.019,69.333,541,0,2,95,16.691,78.893,492,0,2,68,19.807,67.696,407,0,1,27,0,0,0,0,0,0,0,0,0,0,0,0,0,0,0,0,0,0,40,55,0,0,0,0,20.6424
2026-07-23T05:10:25.476Z,30.922,63.924,411,0,1,29,20.439,60.99,0,957.207,0,0,21.397,62.97,423,0,1,34,20.019,69.333,541,0,2,95,16.691,78.893,492,0,2,68,19.807,67.696,407,0,1,27,0,0,0,0,0,0,0,0,0,0,0,0,0,0,0,0,0,0,40,55,0,0,0,0,20.6424
2026-07-23T05:10:30.475Z,30.922,63.924,411,0,1,29,20.439,60.99,0,957.207,0,0,21.397,62.97,423,0,1,34,20.019,69.333,541,0,2,95,16.691,78.893,492,0,2,68,19.807,67.696,407,0,1,27,0,0,0,0,0,0,0,0,0,0,0,0,0,0,0,0,0,0,40,55,0,0,0,0,20.6424
2026-07-23T05:10:35.476Z,30.922,63.924,411,0,1,29,20.439,60.99,0,957.207,0,0,21.397,62.97,423,0,1,34,20.019,69.333,541,0,2,95,16.691,78.893,492,0,2,68,19.807,67.696,407,0,1,27,0,0,0,0,0,0,0,0,0,0,0,0,0,0,0,0,0,0,40,55,0,0,0,0,20.6424
2026-07-23T05:10:40.475Z,30.922,63.924,411,0,1,29,20.439,60.99,0,957.207,0,0,21.397,62.97,423,0,1,34,20.019,69.333,541,0,2,95,16.691,78.893,492,0,2,68,19.807,67.696,407,0,1,27,0,0,0,0,0,0,0,0,0,0,0,0,0,0,0,0,0,0,40,55,0,0,0,0,20.6424
2026-07-23T05:10:45.471Z,30.922,63.924,411,0,1,29,20.439,60.99,0,957.207,0,0,21.397,62.97,423,0,1,34,20.019,69.333,541,0,2,95,16.691,78.893,492,0,2,68,19.807,67.696,407,0,1,27,0,0,0,0,0,0,0,0,0,0,0,0,0,0,0,0,0,0,40,55,0,0,0,0,20.6424
2026-07-23T05:10:50.475Z,30.922,63.924,411,0,1,29,20.439,60.99,0,957.207,0,0,21.397,62.97,423,0,1,34,20.019,69.333,541,0,2,95,16.691,78.893,492,0,2,68,19.807,67.696,407,0,1,27,0,0,0,0,0,0,0,0,0,0,0,0,0,0,0,0,0,0,40,55,0,0,0,0,20.6424
2026-07-23T05:10:55.471Z,30.922,63.924,411,0,1,29,20.439,60.99,0,957.207,0,0,21.397,62.97,423,0,1,34,20.019,69.333,541,0,2,95,16.691,78.893,492,0,2,68,19.807,67.696,407,0,1,27,0,0,0,0,0,0,0,0,0,0,0,0,0,0,0,0,0,0,40,55,0,0,0,0,20.6424
2026-07-23T05:11:00.473Z,30.922,63.924,411,0,1,29,20.439,60.99,0,957.207,0,0,21.397,62.97,423,0,1,34,20.019,69.333,541,0,2,95,16.691,78.893,492,0,2,68,19.807,67.696,407,0,1,27,0,0,0,0,0,0,0,0,0,0,0,0,0,0,0,0,0,0,40,55,0,0,0,0,20.6424
2026-07-23T05:11:05.475Z,30.922,0.0,0,0,0,0,20.247,60.211,0,957.017,0,0,20.824,63.701,0,0,0,0,20.646,67.153,537,0,2,93,17.644,77.42,462,0,1,53,20.42,65.939,417,0,0,31,0,0,0,0,0,0,0,0,0,0,0,0,0,0,0,0,0,0,0,0,0,0,0,0,20.4999
2026-07-23T05:11:10.475Z,30.922,0.0,0,0,0,0,20.247,60.211,0,957.017,0,0,20.824,63.701,0,0,0,0,20.646,67.153,506,0,2,76,17.644,77.42,464,0,1,54,20.42,65.939,427,0,0,36,0,0,0,0,0,0,0,0,0,0,0,0,0,0,0,0,0,0,0,0,0,0,0,0,20.4999
2026-07-23T05:11:15.476Z,30.922,0.0,0,0,0,0,20.247,60.246,0,957.053,0,0,20.836,63.71,0,0,0,0,20.894,66.582,541,0,2,95,18.093,76.734,486,0,2,65,20.748,65.216,430,0,0,37,0,0,0,0,0,0,0,0,0,0,0,0,0,0,0,0,0,0,0,0,0,0,0,0,20.5531
2026-07-23T05:11:20.475Z,30.922,0.0,0,0,0,0,20.247,60.234,0,957.08,0,0,20.815,63.725,0,0,0,0,21.049,66.208,524,0,2,85,18.093,76.734,490,0,2,67,20.748,65.216,401,0,0,24,0,0,0,0,0,0,0,0,0,0,0,0,0,0,0,0,0,0,0,0,0,0,0,0,20.577800000000003
2026-07-23T05:11:25.474Z,30.922,0.0,0,0,0,0,20.247,60.234,0,957.08,0,0,20.815,63.725,0,0,0,0,21.049,66.208,548,0,2,99,18.337,76.248,483,0,1,63,20.952,64.647,403,0,0,25,0,0,0,0,0,0,0,0,0,0,0,0,0,0,0,0,0,0,0,0,0,0,0,0,20.577800000000003
2026-07-23T05:11:30.474Z,30.922,0.0,0,0,0,0,20.247,60.228,0,957.025,0,0,20.833,63.772,0,0,0,0,21.221,65.921,555,0,2,103,18.577,75.646,516,0,2,81,21.115,64.126,421,0,0,33,0,0,0,0,0,0,0,0,0,0,0,0,0,0,0,0,0,0,0,0,0,0,0,0,20.6176
2026-07-23T05:11:35.470Z,30.922,0.0,0,0,0,0,20.257,60.234,0,957.088,0,0,20.845,63.756,0,0,0,0,21.31,65.434,567,0,2,111,18.857,75.024,495,0,2,69,21.293,63.593,421,0,0,33,0,0,0,0,0,0,0,0,0,0,0,0,0,0,0,0,0,0,0,0,0,0,0,0,20.644
2026-07-23T05:11:40.472Z,30.922,0.0,0,0,0,0,20.257,60.246,0,957.005,0,0,20.821,63.769,0,0,0,0,21.448,65.215,549,0,2,100,19.051,74.47,500,0,2,72,21.412,63.189,415,0,0,31,0,0,0,0,0,0,0,0,0,0,0,0,0,0,0,0,0,0,0,0,0,0,0,0,20.6644
2026-07-23T05:11:45.473Z,30.922,0.0,0,0,0,0,20.257,60.246,0,957.005,0,0,20.821,63.769,0,0,0,0,21.448,65.215,551,0,2,101,19.051,74.47,489,0,2,66,21.412,63.189,421,0,0,33,0,0,0,0,0,0,0,0,0,0,0,0,0,0,0,0,0,0,0,0,0,0,0,0,20.6644
2026-07-23T05:11:50.492Z,30.922,0.0,0,0,0,0,20.272,60.235,0,956.974,0,0,20.828,63.765,0,0,0,0,21.543,64.992,554,0,2,103,19.249,73.93,511,0,2,78,21.559,62.772,407,0,0,27,0,0,0,0,0,0,0,0,0,0,0,0,0,0,0,0,0,0,0,0,0,0,0,0,20.693
2026-07-23T05:11:55.472Z,30.922,0.0,0,0,0,0,20.262,60.28,0,957.068,0,0,20.828,63.789,0,0,0,0,21.669,64.641,551,0,2,101,19.439,73.29,502,0,2,73,21.68,62.364,411,0,0,28,0,0,0,0,0,0,0,0,0,0,0,0,0,0,0,0,0,0,0,0,0,0,0,0,20.7132
2026-07-23T05:12:00.471Z,30.922,0.0,0,0,0,0,20.277,60.252,0,957.009,0,0,20.812,63.803,0,0,0,0,21.8015,64.204,400,0,1,20,19.682,72.586,496,0,2,70,21.814,61.895,425,0,0,35,0,0,0,0,0,0,0,0,0,0,0,0,0,0,0,0,0,0,0,0,0,0,0,0,20.742400000000004
2026-07-23T05:12:05.472Z,30.922,0.0,0,0,0,0,20.272,60.246,0,957.084,0,0,20.836,63.78,0,0,0,0,21.934,63.933,569,0,2,112,19.885,71.902,504,0,2,74,21.915,61.549,433,0,0,39,0,0,0,0,0,0,0,0,0,0,0,0,0,0,0,0,0,0,0,0,0,0,0,0,20.7736
2026-07-23T05:12:10.471Z,30.922,0.0,0,0,0,0,20.272,60.246,0,957.084,0,0,20.836,63.78,0,0,0,0,21.934,63.933,584,0,2,121,19.885,71.902,507,0,2,76,21.915,61.549,427,0,0,36,0,0,0,0,0,0,0,0,0,0,0,0,0,0,0,0,0,0,0,0,0,0,0,0,20.7736
2026-07-23T05:12:15.473Z,30.922,0.0,0,0,0,0,20.272,60.246,0,957.084,0,0,20.836,63.78,0,0,0,0,21.934,63.933,553,0,2,102,19.885,71.902,499,0,2,71,21.915,61.549,441,0,0,42,0,0,0,0,0,0,0,0,0,0,0,0,0,0,0,0,0,0,0,0,0,0,0,0,20.7736
2026-07-23T05:12:20.485Z,30.922,0.0,0,0,0,0,20.287,60.236,0,957.025,0,0,20.839,63.832,0,0,0,0,22.129,63.053,549,0,2,100,20.272,70.628,506,0,2,76,22.188,60.734,445,0,0,44,0,0,0,0,0,0,0,0,0,0,0,0,0,0,0,0,0,0,0,0,0,0,0,0,20.821
2026-07-23T05:12:25.472Z,30.922,0.0,0,0,0,0,20.297,60.225,0,957.124,0,0,20.824,63.835,0,0,0,0,22.20925,62.591,400,0,1,13,20.459,69.928,486,0,2,65,22.229,60.33,437,0,0,41,0,0,0,0,0,0,0,0,0,0,0,0,0,0,0,0,0,0,0,0,0,0,0,0,20.83755
2026-07-23T05:12:30.471Z,30.922,0.0,0,0,0,0,20.297,60.225,0,957.069,0,0,20.829,63.839,0,0,0,0,22.2895,62.591,400,0,1,9,20.659,69.299,512,0,2,78,22.36,60.039,423,0,0,34,0,0,0,0,0,0,0,0,0,0,0,0,0,0,0,0,0,0,0,0,0,0,0,0,20.8551
2026-07-23T05:12:35.607Z,30.922,0.0,0,0,0,0,20.297,60.225,0,957.069,0,0,20.829,63.839,0,0,0,0,22.36975,62.591,404,0,1,25,20.659,69.299,494,0,2,69,22.36,60.039,430,0,0,37,0,0,0,0,0,0,0,0,0,0,0,0,0,0,0,0,0,0,0,0,0,0,0,0,20.87115
2026-07-23T05:12:40.474Z,30.922,0.0,0,0,0,0,20.307,60.197,0,957.057,0,0,20.851,63.85,0,0,0,0,22.45,62.169,564,0,2,109,20.859,68.694,495,0,2,70,22.456,59.687,425,0,0,35,0,0,0,0,0,0,0,0,0,0,0,0,0,0,0,0,0,0,44,0,0,0,0,0,20.8988
2026-07-23T05:12:45.553Z,30.922,0.0,0,0,0,0,20.307,60.197,0,957.057,0,0,20.851,63.85,0,0,0,0,22.45,62.169,573,0,2,114,21.02,67.998,493,0,2,68,22.525,59.355,445,0,0,44,0,0,0,0,0,0,0,0,0,0,0,0,0,0,0,0,0,0,44,55,0,0,0,0,20.8988
2026-07-23T05:12:50.473Z,30.922,0.0,0,0,0,0,20.313,60.191,0,957.01,0,0,20.817,63.842,0,0,0,0,22.45,62.169,622,0,2,147,21.178,67.555,519,0,2,83,22.603,59.112,447,0,0,45,0,0,0,0,0,0,0,0,0,0,0,0,0,0,0,0,0,0,44,55,0,0,0,0,20.8916
2026-07-23T05:12:55.472Z,30.922,0.0,0,0,0,0,20.318,60.191,0,957.073,0,0,20.834,63.877,0,0,0,0,22.554,62.006,578,0,2,117,21.014,67.936,518,0,2,82,22.097,59.02,446,0,0,45,0,0,0,0,0,0,0,0,0,0,0,0,0,0,0,0,0,0,44,55,0,0,0,0,20.92
2026-07-23T05:13:00.472Z,30.922,0.0,0,0,0,0,20.313,60.146,0,957.092,0,0,20.825,63.917,0,0,0,0,22.324,61.588,582,0,2,120,19.905,65.846,400,0,1,23,21.465,59.368,436,0,0,40,0,0,0,0,0,0,0,0,0,0,0,0,0,0,0,0,0,0,44,55,0,0,0,0,20.8688
2026-07-23T05:13:05.472Z,30.922,0.0,0,0,0,0,20.313,60.146,0,957.092,0,0,20.825,63.917,0,0,0,0,22.324,61.588,543,0,2,96,19.905,65.846,400,0,1,23,21.465,59.368,438,0,0,41,0,0,0,0,0,0,0,0,0,0,0,0,0,0,0,0,0,0,44,55,0,0,0,0,20.8688
2026-07-23T05:13:10.472Z,30.922,0.0,0,0,0,0,20.313,60.146,0,957.092,0,0,20.825,63.917,0,0,0,0,22.324,61.588,538,0,2,93,18.913,65.2,406,0,1,26,20.969,60.291,432,0,0,38,0,0,0,0,0,0,0,0,0,0,0,0,0,0,0,0,0,0,44,55,0,0,0,0,20.8688
2026-07-23T05:13:15.472Z,30.922,0.0,0,0,0,0,20.328,60.141,0,957.171,0,0,20.842,63.861,0,0,0,0,21.7,61.418,527,0,2,87,18.397,65.997,401,0,1,24,20.712,61.088,430,0,0,37,0,0,0,0,0,0,0,0,0,0,0,0,0,0,0,0,0,0,44,55,0,0,0,0,20.7566
2026-07-23T05:13:20.472Z,30.922,0.0,0,0,0,0,20.323,60.118,0,957.191,0,0,20.828,63.881,0,0,0,0,21.7,61.418,532,0,2,90,18.071,67.396,456,0,1,49,20.515,61.816,425,0,0,35,0,0,0,0,0,0,0,0,0,0,0,0,0,0,0,0,0,0,44,55,0,0,0,0,20.7499
2026-07-23T05:13:25.472Z,30.922,0.0,0,0,0,0,20.338,60.078,0,957.077,0,0,20.827,63.805,0,0,0,0,21.346,62.274,521,0,2,84,17.882,68.954,458,0,1,51,20.335,62.368,447,0,0,45,0,0,0,0,0,0,0,0,0,0,0,0,0,0,0,0,0,0,44,55,0,0,0,0,20.686300000000003
2026-07-23T05:13:30.472Z,30.922,0.0,0,0,0,0,20.333,59.873,0,957.069,0,0,20.809,63.771,0,0,0,0,21.125,62.853,533,0,2,91,17.686,70.845,439,0,1,41,20.224,63.075,446,0,0,45,0,0,0,0,0,0,0,0,0,0,0,0,0,0,0,0,0,0,44,55,0,0,0,0,20.6342
2026-07-23T05:13:35.473Z,30.922,0.0,0,0,0,0,20.338,59.776,0,957.159,0,0,20.825,63.65,0,0,0,0,20.98,63.3,516,0,2,81,17.554,71.902,462,0,1,52,20.131,63.511,459,0,0,51,0,0,0,0,0,0,0,0,0,0,0,0,0,0,0,0,0,0,44,55,0,0,0,0,20.6125
2026-07-23T05:13:40.471Z,30.922,0.0,0,0,0,0,20.338,59.776,0,957.159,0,0,20.825,63.65,0,0,0,0,20.98,63.3,533,0,2,90,17.554,71.902,460,0,1,52,20.131,63.511,425,0,0,35,0,0,0,0,0,0,0,0,0,0,0,0,0,0,0,0,0,0,44,55,0,0,0,0,20.6125
2026-07-23T05:13:45.471Z,30.922,0.0,0,0,0,0,20.338,59.804,0,957.159,0,0,20.826,63.638,0,0,0,0,20.888,63.685,538,0,2,94,17.441,72.715,444,0,1,44,20.095,63.887,413,0,0,29,0,0,0,0,0,0,0,0,0,0,0,0,0,0,0,0,0,0,44,55,0,0,0,0,20.594400000000004
2026-07-23T05:13:50.470Z,30.922,0.0,0,0,0,0,20.338,59.844,0,957.159,0,0,20.855,63.642,0,0,0,0,20.7855,64.081,876,0,3,532,17.313,73.425,436,0,1,40,20.07,64.145,420,0,0,33,0,0,0,0,0,0,0,0,0,0,0,0,0,0,0,0,0,0,44,55,0,0,0,0,20.5826
2026-07-23T05:13:55.471Z,30.922,0.0,0,0,0,0,20.338,59.759,0,957.132,0,0,20.822,63.58,0,0,0,0,20.683,64.46,870,0,3,511,17.197,74.082,453,0,1,48,20.067,64.486,431,0,0,38,0,0,0,0,0,0,0,0,0,0,0,0,0,0,0,0,0,0,44,55,0,0,0,0,20.552200000000003
2026-07-23T05:14:00.471Z,30.922,0.0,0,0,0,0,20.333,59.758,0,957.151,0,0,20.84,63.625,0,0,0,0,20.608,64.775,519,0,2,83,17.166,74.561,412,0,1,29,20.041,64.609,424,0,0,34,0,0,0,0,0,0,0,0,0,0,0,0,0,0,0,0,0,0,44,55,0,0,0,0,20.5401
2026-07-23T05:14:05.470Z,30.922,0.0,0,0,0,0,20.333,59.747,0,957.151,0,0,20.825,63.642,0,0,0,0,20.608,64.775,487,0,2,65,17.166,74.561,434,0,1,39,20.041,64.609,408,0,0,27,0,0,0,0,0,0,0,0,0,0,0,0,0,0,0,0,0,0,44,55,0,0,0,0,20.5356
2026-07-23T05:14:10.477Z,30.922,0.0,0,0,0,0,20.333,59.747,0,957.151,0,0,20.825,63.642,0,0,0,0,20.608,64.775,507,0,2,76,17.072,74.934,445,0,1,44,20.028,64.782,423,0,0,34,0,0,0,0,0,0,0,0,0,0,0,0,0,0,0,0,0,0,44,55,0,0,0,0,20.5356
2026-07-23T05:14:15.470Z,30.922,0.0,0,0,0,0,20.338,59.724,0,957.132,0,0,20.813,63.586,0,0,0,0,20.501,65.214,499,0,2,72,17.008,75.269,427,0,1,36,19.998,64.847,428,0,0,36,0,0,0,0,0,0,0,0,0,0,0,0,0,0,0,0,0,0,44,55,0,0,0,0,20.5131
2026-07-23T05:14:20.477Z,30.922,0.0,0,0,0,0,20.338,59.724,0,957.132,0,0,20.813,63.586,0,0,0,0,20.501,65.214,499,0,2,72,17.008,75.269,427,0,1,36,19.998,64.847,428,0,0,36,0,0,0,0,0,0,0,0,0,0,0,0,0,0,0,0,0,0,44,55,0,0,0,0,20.5131
2026-07-23T05:14:25.470Z,30.922,0.0,0,0,0,0,20.323,59.684,0,957.136,0,0,20.816,63.582,0,0,0,0,20.39,65.709,510,0,2,77,16.92,75.87,439,0,1,42,19.933,65.119,427,0,0,36,0,0,0,0,0,0,0,0,0,0,0,0,0,0,0,0,0,0,44,55,0,0,0,0,20.4843
2026-07-23T05:14:30.471Z,30.922,0.0,0,0,0,0,20.323,59.684,0,957.136,0,0,20.816,63.582,0,0,0,0,20.39,65.709,513,0,2,79,16.92,75.87,440,0,1,42,19.933,65.119,419,0,0,32,0,0,0,0,0,0,0,0,0,0,0,0,0,0,0,0,0,0,44,55,0,0,0,0,20.4843
2026-07-23T05:14:35.471Z,30.922,0.0,0,0,0,0,20.323,59.684,0,957.136,0,0,20.816,63.582,0,0,0,0,20.39,65.709,513,0,2,79,16.92,75.87,440,0,1,42,19.933,65.119,419,0,0,32,0,0,0,0,0,0,0,0,0,0,0,0,0,0,0,0,0,0,44,55,0,0,0,0,20.4843
2026-07-23T05:14:40.471Z,30.922,0.0,0,0,0,0,20.323,59.684,0,957.136,0,0,20.816,63.582,0,0,0,0,20.39,65.709,513,0,2,79,16.92,75.87,440,0,1,42,19.933,65.119,419,0,0,32,0,0,0,0,0,0,0,0,0,0,0,0,0,0,0,0,0,0,44,55,0,0,0,0,20.4843
2026-07-23T05:14:45.476Z,30.922,0.0,0,0,0,0,20.323,59.684,0,957.136,0,0,20.816,63.582,0,0,0,0,20.39,65.709,513,0,2,79,16.92,75.87,440,0,1,42,19.933,65.119,419,0,0,32,0,0,0,0,0,0,0,0,0,0,0,0,0,0,0,0,0,0,44,55,0,0,0,0,20.4843
2026-07-23T05:14:50.476Z,30.922,0.0,0,0,0,0,20.323,59.684,0,957.136,0,0,20.816,63.582,0,0,0,0,20.39,65.709,513,0,2,79,16.92,75.87,440,0,1,42,19.933,65.119,419,0,0,32,0,0,0,0,0,0,0,0,0,0,0,0,0,0,0,0,0,0,44,55,0,0,0,0,20.4843
2026-07-23T05:14:55.470Z,30.922,0.0,0,0,0,0,20.323,59.684,0,957.136,0,0,20.816,63.582,0,0,0,0,20.39,65.709,513,0,2,79,16.92,75.87,440,0,1,42,19.933,65.119,419,0,0,32,0,0,0,0,0,0,0,0,0,0,0,0,0,0,0,0,0,0,44,55,0,0,0,0,20.4843
2026-07-23T05:15:00.470Z,30.922,0.0,0,0,0,0,20.323,59.684,0,957.136,0,0,20.816,63.582,0,0,0,0,20.39,65.709,513,0,2,79,16.92,75.87,440,0,1,42,19.933,65.119,419,0,0,32,0,0,0,0,0,0,0,0,0,0,0,0,0,0,0,0,0,0,44,55,0,0,0,0,20.4843
2026-07-23T05:15:05.469Z,30.922,0.0,0,0,0,0,20.323,59.684,0,957.136,0,0,20.816,63.582,0,0,0,0,20.39,65.709,513,0,2,79,16.92,75.87,440,0,1,42,19.933,65.119,419,0,0,32,0,0,0,0,0,0,0,0,0,0,0,0,0,0,0,0,0,0,44,55,0,0,0,0,20.4843
2026-07-23T05:15:10.476Z,30.922,0.0,0,0,0,0,20.323,59.684,0,957.136,0,0,20.816,63.582,0,0,0,0,20.39,65.709,513,0,2,79,16.92,75.87,440,0,1,42,19.933,65.119,419,0,0,32,0,0,0,0,0,0,0,0,0,0,0,0,0,0,0,0,0,0,44,55,0,0,0,0,20.4843
2026-07-23T05:15:15.470Z,30.922,0.0,0,0,0,0,20.323,59.684,0,957.136,0,0,20.816,63.582,0,0,0,0,20.39,65.709,513,0,2,79,16.92,75.87,440,0,1,42,19.933,65.119,419,0,0,32,0,0,0,0,0,0,0,0,0,0,0,0,0,0,0,0,0,0,44,55,0,0,0,0,20.4843
2026-07-23T05:15:20.475Z,30.922,0.0,0,0,0,0,20.323,59.684,0,957.136,0,0,20.816,63.582,0,0,0,0,20.39,65.709,513,0,2,79,16.92,75.87,440,0,1,42,19.933,65.119,419,0,0,32,0,0,0,0,0,0,0,0,0,0,0,0,0,0,0,0,0,0,44,55,0,0,0,0,20.4843
2026-07-23T05:15:25.476Z,30.922,0.0,0,0,0,0,20.323,59.684,0,957.136,0,0,20.816,63.582,0,0,0,0,20.39,65.709,513,0,2,79,16.92,75.87,440,0,1,42,19.933,65.119,419,0,0,32,0,0,0,0,0,0,0,0,0,0,0,0,0,0,0,0,0,0,44,55,0,0,0,0,20.4843
2026-07-23T05:15:30.476Z,30.922,0.0,0,0,0,0,20.323,59.684,0,957.136,0,0,20.816,63.582,0,0,0,0,20.39,65.709,513,0,2,79,16.92,75.87,440,0,1,42,19.933,65.119,419,0,0,32,0,0,0,0,0,0,0,0,0,0,0,0,0,0,0,0,0,0,44,55,0,0,0,0,20.4843
