timestamp,outside_t,outside_h,outside_c,outside_p,outside_a,outside_v,room_1_t,room_1_h,room_1_c,room_1_p,room_1_a,room_1_v,room_2_t,room_2_h,room_2_c,room_2_p,room_2_a,room_2_v,room_3_t,room_3_h,room_3_c,room_3_p,room_3_a,room_3_v,supply_t,supply_h,supply_c,supply_p,supply_a,supply_v,return_t,return_h,return_c,return_p,return_a,return_v,mixed_t,mixed_h,mixed_c,mixed_p,mixed_a,mixed_v,cooler_t,cooler_h,cooler_c,cooler_p,cooler_a,cooler_v,heated_t,heated_h,heated_c,heated_p,heated_a,heated_v,mixer,fan,flowrate,coolerState,heaterState,humidifierState,m_sa_kgs
2026-07-31T03:55:17.380Z,29.6,72.7,416.0,0,1,31,23.7,55.4,,955.4,0,0,27.3,51.9,413.0,0,1,29,,0.0,,0,0,0,17.6,77.9,412.0,0,1,29,,0.0,,0,0,0,,0.0,,0,0,0,,0.0,,0,0,0,,0.0,,0,0,0,100,50,0,0,0,0,0.0593
2026-07-31T03:55:22.379Z,29.6,72.69,414.9,0,1,26,23.7,55.4,,955.5,0,0,27.3,51.89,414.1,0,1,34,,0.0,,0,0,0,17.6,77.91,412.1,0,1,29,,0.0,,0,0,0,,0.0,,0,0,0,,0.0,,0,0,0,,0.0,,0,0,0,100,50,0,0,0,0,0.0593
2026-07-31T03:55:27.379Z,29.6,72.64,413.41,0,1,16,23.7,55.4,,955.5,0,0,27.3,51.88,415.59,0,1,37,,0.0,,0,0,0,17.6,77.92,412.19,0,1,30,,0.0,,0,0,0,,0.0,,0,0,0,,0.0,,0,0,0,,0.0,,0,0,0,100,50,0,0,0,0,0.0593
2026-07-31T03:55:32.379Z,29.59,72.55,412.07,0,1,18,23.7,55.4,,955.4,0,0,27.3,51.87,416.83,0,1,36,,0.0,,0,0,0,17.6,77.93,414.17,0,1,38,,0.0,,0,0,0,,0.0,,0,0,0,,0.0,,0,0,0,,0.0,,0,0,0,100,50,0,0,0,0,0.0593
2026-07-31T03:55:37.380Z,29.59,72.39,410.86,0,1,19,23.7,55.4,,955.4,0,0,27.3,51.87,417.75,0,1,35,,0.0,,0,0,0,17.6,77.93,414.95,0,1,34,,0.0,,0,0,0,,0.0,,0,0,0,,0.0,,0,0,0,,0.0,,0,0,0,100,50,0,0,0,0,0.0593
2026-07-31T03:55:42.478Z,29.59,72.24,409.78,0,1,22,23.7,55.39,,955.4,0,0,27.3,51.86,418.97,0,1,37,,0.0,,0,0,0,17.6,77.93,415.76,0,1,34,,0.0,,0,0,0,,0.0,,0,0,0,,0.0,,0,0,0,,0.0,,0,0,0,100,50,0,0,0,0,0.0593
2026-07-31T03:55:47.381Z,29.59,72.09,408.9,0,1,24,23.7,55.39,,955.5,0,0,27.3,51.85,420.68,0,1,40,,0.0,,0,0,0,17.6,77.92,417.68,0,1,39,,0.0,,0,0,0,,0.0,,0,0,0,,0.0,,0,0,0,,0.0,,0,0,0,100,50,0,0,0,0,0.0593
2026-07-31T03:55:52.384Z,29.58,71.92,408.01,0,1,19,23.7,55.38,,955.4,0,0,27.3,51.84,418.61,0,1,23,,0.0,,0,0,0,17.6,77.91,418.01,0,1,33,,0.0,,0,0,0,,0.0,,0,0,0,,0.0,,0,0,0,,0.0,,0,0,0,100,50,0,0,0,0,0.0593
2026-07-31T03:55:57.378Z,29.58,71.7,407.61,0,1,25,23.7,55.37,,955.4,0,0,27.3,51.82,419.55,0,1,36,,0.0,,0,0,0,17.6,77.9,418.01,0,1,32,,0.0,,0,0,0,,0.0,,0,0,0,,0.0,,0,0,0,,0.0,,0,0,0,100,50,0,0,0,0,0.0593
2026-07-31T03:56:02.482Z,29.57,71.49,407.05,0,1,25,23.7,55.37,,955.4,0,0,27.3,51.81,418.79,0,1,29,,0.0,,0,0,0,17.6,77.88,416.31,0,1,24,,0.0,,0,0,0,,0.0,,0,0,0,,0.0,,0,0,0,,0.0,,0,0,0,100,50,0,0,0,0,0.0593
2026-07-31T03:56:07.378Z,29.56,71.32,406.34,0,1,10,23.7,55.36,,955.5,0,0,27.3,51.8,416.91,0,1,23,,0.0,,0,0,0,17.6,77.86,414.68,0,1,23,,0.0,,0,0,0,,0.0,,0,0,0,,0.0,,0,0,0,,0.0,,0,0,0,100,50,0,0,0,0,0.0593
2026-07-31T03:56:12.383Z,29.55,71.18,405.71,0,1,13,23.7,55.35,,955.5,0,0,27.3,51.79,416.32,0,1,28,,0.0,,0,0,0,17.6,77.84,414.01,0,1,27,,0.0,,0,0,0,,0.0,,0,0,0,,0.0,,0,0,0,,0.0,,0,0,0,100,50,0,0,0,0,0.0593
2026-07-31T03:56:17.384Z,29.56,71.09,405.14,0,1,20,23.7,55.34,,955.5,0,0,27.3,51.78,417.19,0,1,35,,0.0,,0,0,0,17.59,77.81,414.31,0,1,31,,0.0,,0,0,0,,0.0,,0,0,0,,0.0,,0,0,0,,0.0,,0,0,0,100,50,0,0,0,0,0.0593
2026-07-31T03:56:22.384Z,29.56,70.98,404.92,0,1,25,23.7,55.32,,955.5,0,0,27.3,51.77,417.77,0,1,34,,0.0,,0,0,0,17.58,77.78,413.38,0,1,26,,0.0,,0,0,0,,0.0,,0,0,0,,0.0,,0,0,0,,0.0,,0,0,0,100,50,0,0,0,0,0.0593
2026-07-31T03:56:27.384Z,29.57,70.84,404.63,0,1,25,23.7,55.31,,955.5,0,0,27.3,51.76,419.69,0,1,40,,0.0,,0,0,0,17.57,77.73,413.24,0,1,29,,0.0,,0,0,0,,0.0,,0,0,0,,0.0,,0,0,0,,0.0,,0,0,0,100,50,0,0,0,0,0.0593
2026-07-31T03:56:32.384Z,29.56,70.71,404.17,0,1,22,23.7,55.29,,955.4,0,0,27.29,51.74,422.22,0,1,44,,0.0,,0,0,0,17.57,77.69,412.52,0,1,26,,0.0,,0,0,0,,0.0,,0,0,0,,0.0,,0,0,0,,0.0,,0,0,0,100,50,0,0,0,0,0.0593
2026-07-31T03:56:37.379Z,29.55,70.62,404.95,0,1,29,23.7,55.27,,955.4,0,0,27.28,51.73,420.9,0,1,28,,0.0,,0,0,0,17.56,77.65,413.77,0,1,35,,0.0,,0,0,0,,0.0,,0,0,0,,0.0,,0,0,0,,0.0,,0,0,0,100,50,0,0,0,0,0.0593
2026-07-31T03:56:42.382Z,29.55,70.57,406.66,0,1,34,23.7,55.25,,955.4,0,0,27.27,51.71,420.51,0,1,31,,0.0,,0,0,0,17.55,77.61,413.69,0,1,30,,0.0,,0,0,0,,0.0,,0,0,0,,0.0,,0,0,0,,0.0,,0,0,0,100,50,0,0,0,0,0.0593
2026-07-31T03:56:47.383Z,29.55,70.57,408.39,0,1,34,23.7,55.24,,955.4,0,0,27.27,51.7,422.16,0,1,41,,0.0,,0,0,0,17.55,77.58,415.82,0,1,39,,0.0,,0,0,0,,0.0,,0,0,0,,0.0,,0,0,0,,0.0,,0,0,0,100,50,0,0,0,0,0.0593
2026-07-31T03:56:52.383Z,29.56,70.62,410.45,0,1,37,23.69,55.23,,955.4,0,0,27.26,51.69,421.74,0,1,32,,0.0,,0,0,0,17.54,77.57,415.74,0,1,31,,0.0,,0,0,0,,0.0,,0,0,0,,0.0,,0,0,0,,0.0,,0,0,0,100,50,0,0,0,0,0.0593
2026-07-31T03:56:57.383Z,29.56,70.71,413.21,0,1,41,23.69,55.2,,955.4,0,0,27.25,51.68,420.97,0,1,30,,0.0,,0,0,0,17.54,77.57,416.56,0,1,34,,0.0,,0,0,0,,0.0,,0,0,0,,0.0,,0,0,0,,0.0,,0,0,0,100,50,0,0,0,0,0.0593
2026-07-31T03:57:02.383Z,29.57,70.79,417.09,0,1,48,23.69,55.18,,955.4,0,0,27.25,51.67,418.87,0,1,19,,0.0,,0,0,0,17.53,77.56,417.71,0,1,36,,0.0,,0,0,0,,0.0,,0,0,0,,0.0,,0,0,0,,0.0,,0,0,0,100,50,0,0,0,0,0.0593
2026-07-31T03:57:07.382Z,29.56,70.87,421.98,0,1,54,23.68,55.16,,955.4,0,0,27.24,51.66,417.79,0,1,27,,0.0,,0,0,0,17.53,77.56,417.94,0,1,33,,0.0,,0,0,0,,0.0,,0,0,0,,0.0,,0,0,0,,0.0,,0,0,0,100,50,0,0,0,0,0.0593
2026-07-31T03:57:12.382Z,29.55,70.96,425.48,0,1,50,23.67,55.15,,955.4,0,0,27.24,51.64,420.11,0,1,42,,0.0,,0,0,0,17.53,77.57,417.74,0,1,31,,0.0,,0,0,0,,0.0,,0,0,0,,0.0,,0,0,0,,0.0,,0,0,0,100,50,0,0,0,0,0.0593
2026-07-31T03:57:17.383Z,29.56,71.1,428.33,0,1,48,23.67,55.13,,955.5,0,0,27.23,51.62,421.4,0,1,39,,0.0,,0,0,0,17.53,77.57,418.47,0,1,35,,0.0,,0,0,0,,0.0,,0,0,0,,0.0,,0,0,0,,0.0,,0,0,0,100,50,0,0,0,0,0.0593
2026-07-31T03:57:22.382Z,29.55,71.23,429.3,0,1,41,23.66,55.12,,955.5,0,0,27.23,51.61,422.56,0,1,39,,0.0,,0,0,0,17.52,77.59,417.52,0,1,28,,0.0,,0,0,0,,0.0,,0,0,0,,0.0,,0,0,0,,0.0,,0,0,0,100,50,0,0,0,0,0.0593
2026-07-31T03:57:27.383Z,29.56,71.36,431.97,0,1,50,23.65,55.1,,955.4,0,0,27.23,51.59,424.7,0,1,44,,0.0,,0,0,0,17.52,77.61,416.67,0,1,28,,0.0,,0,0,0,,0.0,,0,0,0,,0.0,,0,0,0,,0.0,,0,0,0,100,50,0,0,0,0,0.0593
2026-07-31T03:57:32.382Z,29.55,71.49,432.77,0,1,42,23.65,55.08,,955.4,0,0,27.23,51.59,424.93,0,1,36,,0.0,,0,0,0,17.52,77.64,416.5,0,1,31,,0.0,,0,0,0,,0.0,,0,0,0,,0.0,,0,0,0,,0.0,,0,0,0,100,50,0,0,0,0,0.0593
2026-07-31T03:57:37.382Z,29.56,71.61,431.09,0,1,31,23.64,55.06,,955.5,0,0,27.22,51.57,427.04,0,1,45,,0.0,,0,0,0,17.52,77.68,414.85,0,1,23,,0.0,,0,0,0,,0.0,,0,0,0,,0.0,,0,0,0,,0.0,,0,0,0,100,50,0,0,0,0,0.0593
2026-07-31T03:57:42.382Z,29.55,71.72,434.59,0,1,54,23.64,55.04,,955.5,0,0,27.22,51.55,427.23,0,1,37,,0.0,,0,0,0,17.52,77.71,413.97,0,1,26,,0.0,,0,0,0,,0.0,,0,0,0,,0.0,,0,0,0,,0.0,,0,0,0,100,50,0,0,0,0,0.0593
2026-07-31T03:57:47.382Z,29.55,71.82,438.63,0,1,59,23.64,55.03,,955.5,0,0,27.22,51.53,427.31,0,1,36,,0.0,,0,0,0,17.51,77.76,418.27,0,1,50,,0.0,,0,0,0,,0.0,,0,0,0,,0.0,,0,0,0,,0.0,,0,0,0,100,50,0,0,0,0,0.0593
2026-07-31T03:57:52.382Z,29.55,71.89,439.46,0,1,45,23.63,55.02,,955.5,0,0,27.21,51.51,426.88,0,1,34,,0.0,,0,0,0,17.51,77.82,420.44,0,1,42,,0.0,,0,0,0,,0.0,,0,0,0,,0.0,,0,0,0,,0.0,,0,0,0,100,50,0,0,0,0,0.0593
2026-07-31T03:57:57.444Z,29.56,71.97,439.02,0,1,40,23.63,55.01,,955.5,0,0,27.2,51.5,427.39,0,1,38,,0.0,,0,0,0,17.51,77.89,418.6,0,1,25,,0.0,,0,0,0,,0.0,,0,0,0,,0.0,,0,0,0,,0.0,,0,0,0,100,50,0,0,0,0,0.0593
2026-07-31T03:58:02.382Z,29.56,72.03,437.12,0,1,32,23.63,54.99,,955.5,0,0,27.19,51.49,427.55,0,1,37,,0.0,,0,0,0,17.51,77.95,416.74,0,1,22,,0.0,,0,0,0,,0.0,,0,0,0,,0.0,,0,0,0,,0.0,,0,0,0,100,50,0,0,0,0,0.0593
2026-07-31T03:58:07.383Z,29.56,72.1,437.2,0,1,41,23.62,54.98,,955.5,0,0,27.18,51.48,428.5,0,1,41,,0.0,,0,0,0,17.51,78.02,417.47,0,1,35,,0.0,,0,0,0,,0.0,,0,0,0,,0.0,,0,0,0,,0.0,,0,0,0,100,50,0,0,0,0,0.0593
2026-07-31T03:58:12.382Z,29.57,72.16,435.58,0,1,33,23.62,54.96,,955.5,0,0,27.17,51.47,428.25,0,1,35,,0.0,,0,0,0,17.51,78.08,416.22,0,1,26,,0.0,,0,0,0,,0.0,,0,0,0,,0.0,,0,0,0,,0.0,,0,0,0,100,50,0,0,0,0,0.0593
2026-07-31T03:58:17.381Z,29.57,72.17,433.63,0,1,31,23.62,54.95,,955.5,0,0,27.16,51.46,429.32,0,1,42,,0.0,,0,0,0,17.51,78.12,414.6,0,1,21,,0.0,,0,0,0,,0.0,,0,0,0,,0.0,,0,0,0,,0.0,,0,0,0,100,50,0,0,0,0,0.0593
2026-07-31T03:58:22.382Z,29.57,72.11,430.26,0,1,24,23.62,54.94,,955.5,0,0,27.16,51.45,428.99,0,1,35,,0.0,,0,0,0,17.51,78.18,413.54,0,1,26,,0.0,,0,0,0,,0.0,,0,0,0,,0.0,,0,0,0,,0.0,,0,0,0,100,50,0,0,0,0,0.0593
2026-07-31T03:58:27.379Z,29.58,72.06,431.44,0,1,43,23.62,54.92,,955.5,0,0,27.15,51.45,427.39,0,1,29,,0.0,,0,0,0,17.51,78.23,414.68,0,1,35,,0.0,,0,0,0,,0.0,,0,0,0,,0.0,,0,0,0,,0.0,,0,0,0,100,50,0,0,0,0,0.0593
2026-07-31T03:58:32.381Z,29.57,72.01,429.69,0,1,30,23.6,54.91,,955.5,0,0,27.15,51.43,428.25,0,1,40,,0.0,,0,0,0,17.51,78.27,414.22,0,1,28,,0.0,,0,0,0,,0.0,,0,0,0,,0.0,,0,0,0,,0.0,,0,0,0,100,50,0,0,0,0,0.0593
2026-07-31T03:58:37.382Z,29.57,71.96,430.02,0,1,39,23.59,54.9,,955.4,0,0,27.14,51.42,427.63,0,1,34,,0.0,,0,0,0,17.5,78.29,414.99,0,1,33,,0.0,,0,0,0,,0.0,,0,0,0,,0.0,,0,0,0,,0.0,,0,0,0,100,50,0,0,0,0,0.0593
2026-07-31T03:58:42.380Z,29.56,71.86,427.82,0,1,27,23.58,54.89,,955.4,0,0,27.14,51.41,426.86,0,1,33,,0.0,,0,0,0,17.5,78.31,413.49,0,1,23,,0.0,,0,0,0,,0.0,,0,0,0,,0.0,,0,0,0,,0.0,,0,0,0,100,50,0,0,0,0,0.0593
2026-07-31T03:58:47.384Z,29.56,71.74,425.54,0,1,26,23.58,54.88,,955.5,0,0,27.13,51.4,424.78,0,1,26,,0.0,,0,0,0,17.5,78.31,413.54,0,1,30,,0.0,,0,0,0,,0.0,,0,0,0,,0.0,,0,0,0,,0.0,,0,0,0,100,50,0,0,0,0,0.0593
2026-07-31T03:58:52.379Z,29.55,71.66,423.89,0,1,28,23.57,54.87,,955.5,0,0,27.13,51.39,426.1,0,1,41,,0.0,,0,0,0,17.5,78.31,415.39,0,1,38,,0.0,,0,0,0,,0.0,,0,0,0,,0.0,,0,0,0,,0.0,,0,0,0,100,50,0,0,0,0,0.0593
2026-07-31T03:58:57.480Z,29.55,71.6,422.6,0,1,29,23.56,54.87,,955.5,0,0,27.13,51.38,427.49,0,1,42,,0.0,,0,0,0,17.5,78.3,413.95,0,1,24,,0.0,,0,0,0,,0.0,,0,0,0,,0.0,,0,0,0,,0.0,,0,0,0,100,50,0,0,0,0,0.0593
2026-07-31T03:59:02.379Z,29.54,71.57,426.64,0,1,53,23.56,54.86,,955.4,0,0,27.12,51.37,424.84,0,1,24,,0.0,,0,0,0,17.5,78.29,413.96,0,1,30,,0.0,,0,0,0,,0.0,,0,0,0,,0.0,,0,0,0,,0.0,,0,0,0,100,50,0,0,0,0,0.0593
2026-07-31T03:59:07.380Z,29.54,71.6,431.27,0,1,58,23.55,54.85,,955.4,0,0,27.12,51.36,425.46,0,1,38,,0.0,,0,0,0,17.5,78.27,414.86,0,1,34,,0.0,,0,0,0,,0.0,,0,0,0,,0.0,,0,0,0,,0.0,,0,0,0,100,50,0,0,0,0,0.0593
2026-07-31T03:59:12.380Z,29.54,71.65,435.55,0,1,59,23.54,54.85,,955.4,0,0,27.12,51.36,423.81,0,1,28,,0.0,,0,0,0,17.5,78.25,415.47,0,1,33,,0.0,,0,0,0,,0.0,,0,0,0,,0.0,,0,0,0,,0.0,,0,0,0,100,50,0,0,0,0,0.0593
2026-07-31T03:59:17.379Z,29.54,71.71,439.99,0,1,62,23.54,54.83,,955.5,0,0,27.12,51.35,422.33,0,1,28,,0.0,,0,0,0,17.5,78.24,415.13,0,1,29,,0.0,,0,0,0,,0.0,,0,0,0,,0.0,,0,0,0,,0.0,,0,0,0,100,50,0,0,0,0,0.0593
2026-07-31T03:59:22.379Z,29.54,71.76,440.99,0,1,47,23.54,54.82,,955.5,0,0,27.12,51.35,423.8,0,1,41,,0.0,,0,0,0,17.5,78.22,413.61,0,1,22,,0.0,,0,0,0,,0.0,,0,0,0,,0.0,,0,0,0,,0.0,,0,0,0,100,50,0,0,0,0,0.0593
2026-07-31T03:59:27.379Z,29.53,71.74,438.09,0,1,29,23.53,54.81,,955.5,0,0,27.11,51.34,426.62,0,1,48,,0.0,,0,0,0,17.5,78.21,413.95,0,1,31,,0.0,,0,0,0,,0.0,,0,0,0,,0.0,,0,0,0,,0.0,,0,0,0,100,50,0,0,0,0,0.0593
2026-07-31T03:59:32.380Z,29.53,71.62,434.28,0,1,14,23.53,54.8,,955.5,0,0,27.11,51.33,426.86,0,1,37,,0.0,,0,0,0,17.5,78.2,414.96,0,1,34,,0.0,,0,0,0,,0.0,,0,0,0,,0.0,,0,0,0,,0.0,,0,0,0,100,50,0,0,0,0,0.0593
2026-07-31T03:59:37.379Z,29.53,71.46,430.86,0,1,17,23.53,54.79,,955.4,0,0,27.1,51.31,427.87,0,1,40,,0.0,,0,0,0,17.5,78.19,415.66,0,1,33,,0.0,,0,0,0,,0.0,,0,0,0,,0.0,,0,0,0,,0.0,,0,0,0,100,50,0,0,0,0,0.0593
2026-07-31T03:59:42.379Z,29.52,71.4,434.97,0,1,57,23.52,54.78,,955.4,0,0,27.09,51.3,430.08,0,1,47,,0.0,,0,0,0,17.51,78.2,417.0,0,1,37,,0.0,,0,0,0,,0.0,,0,0,0,,0.0,,0,0,0,,0.0,,0,0,0,100,50,0,0,0,0,0.0593
2026-07-31T03:59:47.378Z,29.52,71.34,432.67,0,1,29,23.52,54.77,,955.4,0,0,27.09,51.29,432.17,0,1,47,,0.0,,0,0,0,17.52,78.22,415.6,0,1,25,,0.0,,0,0,0,,0.0,,0,0,0,,0.0,,0,0,0,,0.0,,0,0,0,100,50,0,0,0,0,0.0593
2026-07-31T03:59:52.378Z,29.52,71.32,430.01,0,1,26,23.52,54.76,,955.4,0,0,27.09,51.28,432.26,0,1,38,,0.0,,0,0,0,17.53,78.24,416.24,0,1,34,,0.0,,0,0,0,,0.0,,0,0,0,,0.0,,0,0,0,,0.0,,0,0,0,100,50,0,0,0,0,0.0593
2026-07-31T03:59:57.378Z,29.51,71.31,427.0,0,1,22,23.52,54.76,,955.5,0,0,27.08,51.28,433.13,0,1,42,,0.0,,0,0,0,17.53,78.24,415.81,0,1,29,,0.0,,0,0,0,,0.0,,0,0,0,,0.0,,0,0,0,,0.0,,0,0,0,100,50,0,0,0,0,0.0593
2026-07-31T04:00:02.378Z,29.5,71.29,425.6,0,1,29,23.52,54.76,,955.5,0,0,27.08,51.27,432.12,0,1,34,,0.0,,0,0,0,17.52,78.25,416.43,0,1,33,,0.0,,0,0,0,,0.0,,0,0,0,,0.0,,0,0,0,,0.0,,0,0,0,100,50,0,0,0,0,0.0593
2026-07-31T04:00:07.378Z,29.49,71.27,424.34,0,1,30,23.51,54.77,,955.5,0,0,27.07,51.26,428.91,0,1,22,,0.0,,0,0,0,17.52,78.26,415.89,0,1,29,,0.0,,0,0,0,,0.0,,0,0,0,,0.0,,0,0,0,,0.0,,0,0,0,100,50,0,0,0,0,0.0593
2026-07-31T04:00:12.379Z,29.49,71.24,427.11,0,1,47,23.51,54.76,,955.5,0,0,27.06,51.25,428.72,0,1,36,,0.0,,0,0,0,17.52,78.26,415.3,0,1,28,,0.0,,0,0,0,,0.0,,0,0,0,,0.0,,0,0,0,,0.0,,0,0,0,100,50,0,0,0,0,0.0593
2026-07-31T04:00:17.378Z,29.48,71.27,431.1,0,1,55,23.51,54.74,,955.2,0,0,27.05,51.25,429.24,0,1,39,,0.0,,0,0,0,17.5,78.26,414.67,0,1,28,,0.0,,0,0,0,,0.0,,0,0,0,,0.0,,0,0,0,,0.0,,0,0,0,100,50,0,0,0,0,0.0593
2026-07-31T04:00:22.378Z,29.48,71.3,432.59,0,1,45,23.51,54.73,,955.2,0,0,27.05,51.24,433.72,0,1,58,,0.0,,0,0,0,17.48,78.27,416.2,0,1,37,,0.0,,0,0,0,,0.0,,0,0,0,,0.0,,0,0,0,,0.0,,0,0,0,100,50,0,0,0,0,0.0593
2026-07-31T04:00:27.383Z,29.47,71.34,431.63,0,1,34,23.51,55.26,,955.4,0,0,27.04,51.56,438.05,0,1,60,,0.0,,0,0,0,17.47,78.33,417.28,0,1,36,,0.0,,0,0,0,,0.0,,0,0,0,,0.0,,0,0,0,,0.0,,0,0,0,100,50,0,0,0,0,0.0593
2026-07-31T04:00:32.385Z,29.47,71.34,431.67,0,1,38,23.51,55.55,,955.5,0,0,27.04,51.86,439.34,0,1,47,,0.0,,0,0,0,17.47,78.41,419.25,0,1,41,,0.0,,0,0,0,,0.0,,0,0,0,,0.0,,0,0,0,,0.0,,0,0,0,100,50,0,0,0,0,0.0593
2026-07-31T04:00:37.384Z,29.46,71.32,432.6,0,1,42,23.51,55.82,,955.5,0,0,27.04,52.14,442.41,0,1,57,,0.0,,0,0,0,17.48,78.48,418.43,0,1,29,,0.0,,0,0,0,,0.0,,0,0,0,,0.0,,0,0,0,,0.0,,0,0,0,100,50,0,0,0,0,0.0593
2026-07-31T04:00:42.378Z,29.45,71.32,432.84,0,1,40,23.51,55.93,,955.5,0,0,27.03,52.31,440.57,0,1,34,,0.0,,0,0,0,17.48,78.54,418.89,0,1,34,,0.0,,0,0,0,,0.0,,0,0,0,,0.0,,0,0,0,,0.0,,0,0,0,100,50,0,0,0,0,0.0593
2026-07-31T04:00:47.378Z,29.45,71.31,432.66,0,1,38,23.51,56.04,,955.5,0,0,27.03,52.47,441.21,0,1,45,,0.0,,0,0,0,17.48,78.56,420.2,0,1,38,,0.0,,0,0,0,,0.0,,0,0,0,,0.0,,0,0,0,,0.0,,0,0,0,100,50,0,0,0,0,0.0593
2026-07-31T04:00:52.381Z,29.44,71.31,434.09,0,1,45,23.51,56.07,,955.5,0,0,27.03,52.58,440.89,0,1,41,,0.0,,0,0,0,17.48,78.58,419.78,0,1,31,,0.0,,0,0,0,,0.0,,0,0,0,,0.0,,0,0,0,,0.0,,0,0,0,100,50,0,0,0,0,0.0593
2026-07-31T04:00:57.382Z,29.44,71.31,433.98,0,1,39,23.5,56.09,,955.5,0,0,27.02,52.67,437.6,0,1,27,,0.0,,0,0,0,17.48,78.6,420.4,0,1,35,,0.0,,0,0,0,,0.0,,0,0,0,,0.0,,0,0,0,,0.0,,0,0,0,100,50,0,0,0,0,0.0593
2026-07-31T04:01:02.382Z,29.44,71.27,433.58,0,1,37,23.5,56.18,,955.5,0,0,27.02,52.81,437.94,0,1,43,,0.0,,0,0,0,17.49,78.62,422.46,0,1,42,,0.0,,0,0,0,,0.0,,0,0,0,,0.0,,0,0,0,,0.0,,0,0,0,100,50,0,0,0,0,0.0593
2026-07-31T04:01:07.443Z,29.43,71.2,433.63,0,1,39,23.5,56.27,,955.6,0,0,27.02,52.95,437.35,0,1,38,,0.0,,0,0,0,17.48,78.63,420.91,0,1,27,,0.0,,0,0,0,,0.0,,0,0,0,,0.0,,0,0,0,,0.0,,0,0,0,100,50,0,0,0,0,0.0593
2026-07-31T04:01:12.383Z,29.43,71.18,433.56,0,1,39,23.5,56.36,,955.6,0,0,27.02,53.07,440.01,0,1,53,,0.0,,0,0,0,17.47,78.64,421.32,0,1,35,,0.0,,0,0,0,,0.0,,0,0,0,,0.0,,0,0,0,,0.0,,0,0,0,100,50,0,0,0,0,0.0593
2026-07-31T04:01:17.383Z,29.43,71.13,432.31,0,1,33,23.5,56.45,,955.5,0,0,27.02,53.17,440.71,0,1,45,,0.0,,0,0,0,17.46,78.62,421.39,0,1,34,,0.0,,0,0,0,,0.0,,0,0,0,,0.0,,0,0,0,,0.0,,0,0,0,100,50,0,0,0,0,0.0593
2026-07-31T04:01:22.384Z,29.42,71.05,432.08,0,1,37,23.5,56.52,,955.5,0,0,27.01,53.28,443.24,0,1,54,,0.0,,0,0,0,17.46,78.61,421.45,0,1,34,,0.0,,0,0,0,,0.0,,0,0,0,,0.0,,0,0,0,,0.0,,0,0,0,100,50,0,0,0,0,0.0593
2026-07-31T04:01:27.382Z,29.42,70.94,431.77,0,1,37,23.5,56.59,,955.5,0,0,27.01,53.38,442.52,0,1,40,,0.0,,0,0,0,17.45,78.61,420.61,0,1,30,,0.0,,0,0,0,,0.0,,0,0,0,,0.0,,0,0,0,,0.0,,0,0,0,100,50,0,0,0,0,0.0593
2026-07-31T04:01:32.502Z,29.41,70.87,429.99,0,1,30,23.5,56.66,,955.6,0,0,27.01,53.47,442.66,0,1,44,,0.0,,0,0,0,17.45,78.62,420.55,0,1,32,,0.0,,0,0,0,,0.0,,0,0,0,,0.0,,0,0,0,,0.0,,0,0,0,100,50,0,0,0,0,0.0593
2026-07-31T04:01:37.383Z,29.4,70.79,426.99,0,1,22,23.5,56.75,,955.5,0,0,27.01,53.56,442.2,0,1,41,,0.0,,0,0,0,17.44,78.63,419.49,0,1,28,,0.0,,0,0,0,,0.0,,0,0,0,,0.0,,0,0,0,,0.0,,0,0,0,100,50,0,0,0,0,0.0593
2026-07-31T04:01:42.382Z,29.4,70.74,425.19,0,1,28,23.5,56.82,,955.5,0,0,27.01,53.63,444.28,0,1,53,,0.0,,0,0,0,17.44,78.64,419.54,0,1,32,,0.0,,0,0,0,,0.0,,0,0,0,,0.0,,0,0,0,,0.0,,0,0,0,100,50,0,0,0,0,0.0593
2026-07-31T04:01:47.382Z,29.4,70.7,423.27,0,1,26,23.5,56.89,,955.5,0,0,27.01,53.69,442.95,0,1,38,,0.0,,0,0,0,17.43,78.69,419.89,0,1,34,,0.0,,0,0,0,,0.0,,0,0,0,,0.0,,0,0,0,,0.0,,0,0,0,100,50,0,0,0,0,0.0593
2026-07-31T04:01:52.382Z,29.39,70.65,420.95,0,1,23,23.5,56.95,,955.5,0,0,27.01,53.74,444.46,0,1,51,,0.0,,0,0,0,17.43,78.73,421.3,0,1,39,,0.0,,0,0,0,,0.0,,0,0,0,,0.0,,0,0,0,,0.0,,0,0,0,100,50,0,0,0,0,0.0593
2026-07-31T04:01:57.382Z,29.38,70.61,418.85,0,1,23,23.5,57.02,,955.5,0,0,27.01,53.8,447.01,0,1,57,,0.0,,0,0,0,17.43,78.77,423.17,0,1,42,,0.0,,0,0,0,,0.0,,0,0,0,,0.0,,0,0,0,,0.0,,0,0,0,100,50,0,0,0,0,0.0593
2026-07-31T04:02:02.382Z,29.37,70.61,416.97,0,1,24,23.5,57.07,,955.5,0,0,27.01,53.85,445.21,0,1,37,,0.0,,0,0,0,17.42,78.8,424.15,0,1,39,,0.0,,0,0,0,,0.0,,0,0,0,,0.0,,0,0,0,,0.0,,0,0,0,100,50,0,0,0,0,0.0593
2026-07-31T04:02:07.382Z,29.36,70.6,415.87,0,1,26,23.5,57.18,,955.5,0,0,27.01,53.92,446.89,0,1,53,,0.0,,0,0,0,17.42,78.84,426.94,0,1,47,,0.0,,0,0,0,,0.0,,0,0,0,,0.0,,0,0,0,,0.0,,0,0,0,100,50,0,0,0,0,0.0593
2026-07-31T04:02:12.382Z,29.37,70.64,420.38,0,1,52,23.5,57.34,,955.5,0,0,27.0,54.03,446.7,0,1,44,,0.0,,0,0,0,17.42,78.88,427.84,0,1,40,,0.0,,0,0,0,,0.0,,0,0,0,,0.0,,0,0,0,,0.0,,0,0,0,100,50,0,0,0,0,0.0593
2026-07-31T04:02:17.383Z,29.37,70.75,424.94,0,1,55,23.5,57.49,,955.5,0,0,27.0,54.13,448.23,0,1,52,,0.0,,0,0,0,17.42,78.93,427.56,0,1,35,,0.0,,0,0,0,,0.0,,0,0,0,,0.0,,0,0,0,,0.0,,0,0,0,100,50,0,0,0,0,0.0593
2026-07-31T04:02:22.383Z,29.37,70.87,428.85,0,1,53,23.5,57.59,,955.5,0,0,27.0,54.19,449.41,0,1,52,,0.0,,0,0,0,17.42,78.99,428.9,0,1,42,,0.0,,0,0,0,,0.0,,0,0,0,,0.0,,0,0,0,,0.0,,0,0,0,100,50,0,0,0,0,0.0593
2026-07-31T04:02:27.379Z,29.38,71.04,431.67,0,1,50,23.5,57.69,,955.5,0,0,27.0,54.25,451.07,0,1,54,,0.0,,0,0,0,17.41,79.04,428.31,0,1,34,,0.0,,0,0,0,,0.0,,0,0,0,,0.0,,0,0,0,,0.0,,0,0,0,100,50,0,0,0,0,0.0593
2026-07-31T04:02:32.393Z,29.38,71.2,434.8,0,1,53,23.5,57.78,,955.5,0,0,27.0,54.31,451.86,0,1,51,,0.0,,0,0,0,17.41,79.11,426.58,0,1,29,,0.0,,0,0,0,,0.0,,0,0,0,,0.0,,0,0,0,,0.0,,0,0,0,100,50,0,0,0,0,0.0593
2026-07-31T04:02:37.380Z,29.39,71.28,435.52,0,1,43,23.5,57.85,,955.5,0,0,27.0,54.36,454.47,0,1,61,,0.0,,0,0,0,17.41,79.2,426.72,0,1,36,,0.0,,0,0,0,,0.0,,0,0,0,,0.0,,0,0,0,,0.0,,0,0,0,100,50,0,0,0,0,0.0593
2026-07-31T04:02:42.382Z,29.39,71.36,432.37,0,1,25,23.5,57.91,,955.6,0,0,27.0,54.41,457.63,0,2,65,,0.0,,0,0,0,17.41,79.28,426.25,0,1,34,,0.0,,0,0,0,,0.0,,0,0,0,,0.0,,0,0,0,,0.0,,0,0,0,100,50,0,0,0,0,0.0593
2026-07-31T04:02:47.380Z,29.39,71.44,433.93,0,1,46,23.5,57.96,,955.6,0,0,27.0,54.46,459.46,0,1,60,,0.0,,0,0,0,17.41,79.35,427.23,0,1,40,,0.0,,0,0,0,,0.0,,0,0,0,,0.0,,0,0,0,,0.0,,0,0,0,100,50,0,0,0,0,0.0593
2026-07-31T04:02:52.390Z,29.39,71.49,432.24,0,1,31,23.5,58.01,,955.6,0,0,27.0,54.5,460.72,0,1,57,,0.0,,0,0,0,17.42,79.43,427.1,0,1,35,,0.0,,0,0,0,,0.0,,0,0,0,,0.0,,0,0,0,,0.0,,0,0,0,100,50,0,0,0,0,0.0593
2026-07-31T04:02:57.382Z,29.39,71.46,429.01,0,1,23,23.5,58.06,,955.6,0,0,27.0,54.54,461.35,0,1,55,,0.0,,0,0,0,17.43,79.5,425.39,0,1,28,,0.0,,0,0,0,,0.0,,0,0,0,,0.0,,0,0,0,,0.0,,0,0,0,100,50,0,0,0,0,0.0593
2026-07-31T04:03:02.380Z,29.39,71.43,427.81,0,1,31,23.5,58.11,,955.5,0,0,27.0,54.6,464.41,0,2,68,,0.0,,0,0,0,17.43,79.56,427.05,0,1,43,,0.0,,0,0,0,,0.0,,0,0,0,,0.0,,0,0,0,,0.0,,0,0,0,100,50,0,0,0,0,0.0593
2026-07-31T04:03:07.380Z,29.4,71.44,427.43,0,1,34,23.5,58.16,,955.5,0,0,27.0,54.65,466.47,0,1,64,,0.0,,0,0,0,17.44,79.61,429.35,0,1,47,,0.0,,0,0,0,,0.0,,0,0,0,,0.0,,0,0,0,,0.0,,0,0,0,100,50,0,0,0,0,0.0593
2026-07-31T04:03:12.381Z,29.4,71.46,427.79,0,1,38,23.5,58.22,,955.6,0,0,27.0,54.7,466.12,0,1,53,,0.0,,0,0,0,17.45,79.66,429.91,0,1,40,,0.0,,0,0,0,,0.0,,0,0,0,,0.0,,0,0,0,,0.0,,0,0,0,100,50,0,0,0,0,0.0593
2026-07-31T04:03:17.380Z,29.39,71.47,430.11,0,1,47,23.5,58.28,,955.5,0,0,27.0,54.75,465.91,0,1,53,,0.0,,0,0,0,17.46,79.7,431.92,0,1,47,,0.0,,0,0,0,,0.0,,0,0,0,,0.0,,0,0,0,,0.0,,0,0,0,100,50,0,0,0,0,0.0593
2026-07-31T04:03:22.380Z,29.39,71.48,429.8,0,1,36,23.5,58.35,,955.5,0,0,27.0,54.8,464.92,0,1,50,,0.0,,0,0,0,17.48,79.74,435.73,0,1,56,,0.0,,0,0,0,,0.0,,0,0,0,,0.0,,0,0,0,,0.0,,0,0,0,100,50,0,0,0,0,0.0593
2026-07-31T04:03:27.380Z,29.39,71.46,429.62,0,1,36,23.5,58.39,,955.5,0,0,27.01,54.84,466.13,0,1,60,,0.0,,0,0,0,17.49,79.77,435.96,0,1,41,,0.0,,0,0,0,,0.0,,0,0,0,,0.0,,0,0,0,,0.0,,0,0,0,100,50,0,0,0,0,0.0593
2026-07-31T04:03:32.380Z,29.39,71.43,427.16,0,1,26,23.5,58.43,,955.5,0,0,27.02,54.88,466.11,0,1,55,,0.0,,0,0,0,17.5,79.76,435.86,0,1,40,,0.0,,0,0,0,,0.0,,0,0,0,,0.0,,0,0,0,,0.0,,0,0,0,100,50,0,0,0,0,0.0593
2026-07-31T04:03:37.380Z,29.39,71.36,428.74,0,1,43,23.5,58.47,,955.5,0,0,27.03,54.91,467.5,0,1,62,,0.0,,0,0,0,17.51,79.76,434.88,0,1,35,,0.0,,0,0,0,,0.0,,0,0,0,,0.0,,0,0,0,,0.0,,0,0,0,100,50,0,0,0,0,0.0593
2026-07-31T04:03:42.380Z,29.38,71.27,427.97,0,1,33,23.5,58.5,,955.5,0,0,27.04,54.94,467.95,0,1,57,,0.0,,0,0,0,17.52,79.73,434.69,0,1,39,,0.0,,0,0,0,,0.0,,0,0,0,,0.0,,0,0,0,,0.0,,0,0,0,100,50,0,0,0,0,0.0593
2026-07-31T04:03:47.380Z,29.37,71.19,426.57,0,1,30,23.5,58.54,,955.5,0,0,27.03,54.96,469.26,0,1,62,,0.0,,0,0,0,17.53,79.71,432.32,0,1,28,,0.0,,0,0,0,,0.0,,0,0,0,,0.0,,0,0,0,,0.0,,0,0,0,100,50,0,0,0,0,0.0593
2026-07-31T04:03:52.379Z,29.37,71.13,423.91,0,1,16,23.5,58.58,,955.5,0,0,27.03,54.99,471.33,0,2,67,,0.0,,0,0,0,17.53,79.68,433.29,0,1,43,,0.0,,0,0,0,,0.0,,0,0,0,,0.0,,0,0,0,,0.0,,0,0,0,100,50,0,0,0,0,0.0593
2026-07-31T04:03:57.380Z,29.36,71.13,422.02,0,1,26,23.5,58.63,,955.4,0,0,27.04,55.03,472.4,0,1,63,,0.0,,0,0,0,17.54,79.64,435.26,0,1,48,,0.0,,0,0,0,,0.0,,0,0,0,,0.0,,0,0,0,,0.0,,0,0,0,100,50,0,0,0,0,0.0593
2026-07-31T04:04:02.379Z,29.35,71.16,419.82,0,1,13,23.5,58.67,,955.4,0,0,27.04,55.07,474.76,0,2,70,,0.0,,0,0,0,17.55,79.59,436.43,0,1,45,,0.0,,0,0,0,,0.0,,0,0,0,,0.0,,0,0,0,,0.0,,0,0,0,100,50,0,0,0,0,0.0593
2026-07-31T04:04:07.380Z,29.35,71.22,420.04,0,1,33,23.5,58.7,,955.4,0,0,27.05,55.1,474.98,0,1,60,,0.0,,0,0,0,17.55,79.56,437.49,0,1,45,,0.0,,0,0,0,,0.0,,0,0,0,,0.0,,0,0,0,,0.0,,0,0,0,100,50,0,0,0,0,0.0593
2026-07-31T04:04:12.379Z,29.34,71.23,418.83,0,1,27,23.5,58.74,,955.5,0,0,27.05,55.14,477.18,0,2,71,,0.0,,0,0,0,17.56,79.5,437.64,0,1,41,,0.0,,0,0,0,,0.0,,0,0,0,,0.0,,0,0,0,,0.0,,0,0,0,100,50,0,0,0,0,0.0593
2026-07-31T04:04:17.379Z,29.34,71.21,420.55,0,1,40,23.5,58.78,,955.5,0,0,27.06,55.18,477.17,0,1,60,,0.0,,0,0,0,17.56,79.45,437.28,0,1,39,,0.0,,0,0,0,,0.0,,0,0,0,,0.0,,0,0,0,,0.0,,0,0,0,100,50,0,0,0,0,0.0593
2026-07-31T04:04:22.379Z,29.34,71.21,421.3,0,1,36,23.5,58.8,,955.5,0,0,27.06,55.21,479.85,0,2,74,,0.0,,0,0,0,17.56,79.37,434.25,0,1,27,,0.0,,0,0,0,,0.0,,0,0,0,,0.0,,0,0,0,,0.0,,0,0,0,100,50,0,0,0,0,0.0593
2026-07-31T04:04:27.379Z,29.33,71.19,424.77,0,1,50,23.5,58.82,,955.5,0,0,27.07,55.24,480.16,0,1,63,,0.0,,0,0,0,17.57,79.31,435.22,0,1,44,,0.0,,0,0,0,,0.0,,0,0,0,,0.0,,0,0,0,,0.0,,0,0,0,100,50,0,0,0,0,0.0593
2026-07-31T04:04:32.379Z,29.33,71.21,427.79,0,1,49,23.5,58.84,,955.5,0,0,27.07,55.25,480.85,0,2,65,,0.0,,0,0,0,17.57,79.24,435.8,0,1,43,,0.0,,0,0,0,,0.0,,0,0,0,,0.0,,0,0,0,,0.0,,0,0,0,100,50,0,0,0,0,0.0593
2026-07-31T04:04:37.379Z,29.33,71.23,430.81,0,1,51,23.5,58.85,,955.5,0,0,27.07,55.27,480.66,0,1,61,,0.0,,0,0,0,17.57,79.17,435.82,0,1,40,,0.0,,0,0,0,,0.0,,0,0,0,,0.0,,0,0,0,,0.0,,0,0,0,100,50,0,0,0,0,0.0593
2026-07-31T04:04:42.378Z,29.32,71.24,433.53,0,1,50,23.5,58.87,,955.5,0,0,27.08,55.27,480.3,0,1,60,,0.0,,0,0,0,17.58,79.12,435.84,0,1,40,,0.0,,0,0,0,,0.0,,0,0,0,,0.0,,0,0,0,,0.0,,0,0,0,100,50,0,0,0,0,0.0593
2026-07-31T04:04:47.378Z,29.31,71.24,434.58,0,1,44,23.5,58.88,,955.5,0,0,27.08,55.27,480.97,0,2,65,,0.0,,0,0,0,17.58,79.06,436.66,0,1,44,,0.0,,0,0,0,,0.0,,0,0,0,,0.0,,0,0,0,,0.0,,0,0,0,100,50,0,0,0,0,0.0593
2026-07-31T04:04:52.379Z,29.3,71.25,434.32,0,1,38,23.5,58.88,,955.5,0,0,27.08,55.28,482.97,0,2,73,,0.0,,0,0,0,17.58,79.02,437.09,0,1,42,,0.0,,0,0,0,,0.0,,0,0,0,,0.0,,0,0,0,,0.0,,0,0,0,100,50,0,0,0,0,0.0593
2026-07-31T04:04:57.378Z,29.29,71.24,433.49,0,1,35,23.5,58.88,,955.5,0,0,27.08,55.28,486.17,0,2,80,,0.0,,0,0,0,17.58,78.98,436.98,0,1,40,,0.0,,0,0,0,,0.0,,0,0,0,,0.0,,0,0,0,,0.0,,0,0,0,100,50,0,0,0,0,0.0593
2026-07-31T04:05:02.378Z,29.28,71.19,433.54,0,1,39,23.5,58.89,,955.5,0,0,27.08,55.27,487.66,0,2,73,,0.0,,0,0,0,17.58,78.93,435.68,0,1,34,,0.0,,0,0,0,,0.0,,0,0,0,,0.0,,0,0,0,,0.0,,0,0,0,100,50,0,0,0,0,0.0593
2026-07-31T04:05:07.378Z,29.27,71.18,431.98,0,1,32,23.5,58.89,,955.5,0,0,27.09,55.27,487.59,0,2,65,,0.0,,0,0,0,17.59,78.89,434.51,0,1,34,,0.0,,0,0,0,,0.0,,0,0,0,,0.0,,0,0,0,,0.0,,0,0,0,100,50,0,0,0,0,0.0593
2026-07-31T04:05:12.384Z,29.27,71.19,431.69,0,1,37,23.5,58.89,,955.5,0,0,27.09,55.28,489.13,0,2,74,,0.0,,0,0,0,17.59,78.82,434.26,0,1,38,,0.0,,0,0,0,,0.0,,0,0,0,,0.0,,0,0,0,,0.0,,0,0,0,100,50,0,0,0,0,0.0593
2026-07-31T04:05:17.378Z,29.26,71.19,430.72,0,1,33,23.5,58.89,,955.5,0,0,27.09,55.28,488.72,0,1,64,,0.0,,0,0,0,17.59,78.77,434.14,0,1,39,,0.0,,0,0,0,,0.0,,0,0,0,,0.0,,0,0,0,,0.0,,0,0,0,100,50,0,0,0,0,0.0593
2026-07-31T04:05:22.382Z,29.26,71.16,431.15,0,1,40,23.5,58.89,,955.5,0,0,27.09,55.28,487.45,0,1,60,,0.0,,0,0,0,17.59,78.72,432.82,0,1,33,,0.0,,0,0,0,,0.0,,0,0,0,,0.0,,0,0,0,,0.0,,0,0,0,100,50,0,0,0,0,0.0593
2026-07-31T04:05:27.383Z,29.27,71.15,430.23,0,1,34,23.5,58.89,,955.5,0,0,27.09,55.28,489.1,0,2,74,,0.0,,0,0,0,17.59,78.68,433.44,0,1,41,,0.0,,0,0,0,,0.0,,0,0,0,,0.0,,0,0,0,,0.0,,0,0,0,100,50,0,0,0,0,0.0593
2026-07-31T04:05:32.384Z,29.27,71.1,429.81,0,1,35,23.5,58.89,,955.5,0,0,27.09,55.28,490.19,0,2,72,,0.0,,0,0,0,17.59,78.64,433.2,0,1,38,,0.0,,0,0,0,,0.0,,0,0,0,,0.0,,0,0,0,,0.0,,0,0,0,100,50,0,0,0,0,0.0593
2026-07-31T04:05:37.384Z,29.27,71.01,429.73,0,1,37,23.5,58.89,,955.5,0,0,27.09,55.29,492.07,0,2,77,,0.0,,0,0,0,17.59,78.61,432.48,0,1,35,,0.0,,0,0,0,,0.0,,0,0,0,,0.0,,0,0,0,,0.0,,0,0,0,100,50,0,0,0,0,0.0593
2026-07-31T04:05:42.383Z,29.29,70.95,432.05,0,1,48,23.5,58.87,,955.4,0,0,27.09,55.29,490.77,0,1,61,,0.0,,0,0,0,17.59,78.57,430.43,0,1,29,,0.0,,0,0,0,,0.0,,0,0,0,,0.0,,0,0,0,,0.0,,0,0,0,100,50,0,0,0,0,0.0593
2026-07-31T04:05:47.383Z,29.3,70.97,438.05,0,2,68,23.5,58.86,,955.4,0,0,27.09,55.29,491.29,0,2,70,,0.0,,0,0,0,17.59,78.52,428.89,0,1,30,,0.0,,0,0,0,,0.0,,0,0,0,,0.0,,0,0,0,,0.0,,0,0,0,100,50,0,0,0,0,0.0593
2026-07-31T04:05:52.383Z,29.31,71.05,441.24,0,1,56,23.5,58.85,,955.5,0,0,27.09,55.29,494.76,0,2,86,,0.0,,0,0,0,17.59,78.46,427.7,0,1,31,,0.0,,0,0,0,,0.0,,0,0,0,,0.0,,0,0,0,,0.0,,0,0,0,100,50,0,0,0,0,0.0593
2026-07-31T04:05:57.383Z,29.32,71.17,447.72,0,2,76,23.5,58.85,,955.5,0,0,27.09,55.29,495.88,0,2,76,,0.0,,0,0,0,17.6,78.4,429.03,0,1,42,,0.0,,0,0,0,,0.0,,0,0,0,,0.0,,0,0,0,,0.0,,0,0,0,100,50,0,0,0,0,0.0593
2026-07-31T04:06:02.383Z,29.33,71.33,452.75,0,2,71,23.5,58.84,,955.5,0,0,27.1,55.28,497.8,0,2,80,,0.0,,0,0,0,17.6,78.36,429.83,0,1,40,,0.0,,0,0,0,,0.0,,0,0,0,,0.0,,0,0,0,,0.0,,0,0,0,100,50,0,0,0,0,0.0593
2026-07-31T04:06:07.383Z,29.33,71.49,457.17,0,2,71,23.5,58.84,,955.5,0,0,27.1,55.26,501.42,0,2,91,,0.0,,0,0,0,17.6,78.33,430.14,0,1,39,,0.0,,0,0,0,,0.0,,0,0,0,,0.0,,0,0,0,,0.0,,0,0,0,100,50,0,0,0,0,0.0593
2026-07-31T04:06:12.386Z,29.34,71.65,461.46,0,2,72,23.5,58.83,,955.5,0,0,27.1,55.25,500.27,0,2,67,,0.0,,0,0,0,17.6,78.31,430.93,0,1,41,,0.0,,0,0,0,,0.0,,0,0,0,,0.0,,0,0,0,,0.0,,0,0,0,100,50,0,0,0,0,0.0593
2026-07-31T04:06:17.383Z,29.35,71.8,464.71,0,2,69,23.5,58.83,,955.5,0,0,27.1,55.23,502.35,0,2,84,,0.0,,0,0,0,17.6,78.3,432.94,0,1,47,,0.0,,0,0,0,,0.0,,0,0,0,,0.0,,0,0,0,,0.0,,0,0,0,100,50,0,0,0,0,0.0593
2026-07-31T04:06:22.393Z,29.35,71.93,466.24,0,1,62,23.5,58.83,,955.4,0,0,27.11,55.23,502.11,0,2,72,,0.0,,0,0,0,17.6,78.3,434.94,0,1,48,,0.0,,0,0,0,,0.0,,0,0,0,,0.0,,0,0,0,,0.0,,0,0,0,100,50,0,0,0,0,0.0593
2026-07-31T04:06:27.381Z,29.36,72.05,468.22,0,2,65,23.5,58.82,,955.4,0,0,27.12,55.23,504.1,0,2,84,,0.0,,0,0,0,17.6,78.3,435.15,0,1,41,,0.0,,0,0,0,,0.0,,0,0,0,,0.0,,0,0,0,,0.0,,0,0,0,100,50,0,0,0,0,0.0593
2026-07-31T04:06:32.380Z,29.36,72.17,469.49,0,1,62,23.51,58.81,,955.5,0,0,27.12,55.21,505.49,0,2,82,,0.0,,0,0,0,17.6,78.3,436.33,0,1,45,,0.0,,0,0,0,,0.0,,0,0,0,,0.0,,0,0,0,,0.0,,0,0,0,100,50,0,0,0,0,0.0593
2026-07-31T04:06:37.380Z,29.36,72.29,468.94,0,1,53,23.52,58.8,,955.5,0,0,27.13,55.19,509.74,0,2,99,,0.0,,0,0,0,17.6,78.3,437.2,0,1,44,,0.0,,0,0,0,,0.0,,0,0,0,,0.0,,0,0,0,,0.0,,0,0,0,100,50,0,0,0,0,0.0593
2026-07-31T04:06:42.389Z,29.37,72.42,469.9,0,2,87,23.53,58.79,,955.5,0,0,27.14,55.17,510.27,0,2,80,,0.0,,0,0,0,17.6,78.3,437.68,0,1,43,,0.0,,0,0,0,,0.0,,0,0,0,,0.0,,0,0,0,,0.0,,0,0,0,100,50,0,0,0,0,0.0593
2026-07-31T04:06:47.386Z,29.38,72.52,472.21,0,2,68,23.53,58.78,,955.5,0,0,27.15,55.16,512.54,0,2,91,,0.0,,0,0,0,17.6,78.29,436.61,0,1,36,,0.0,,0,0,0,,0.0,,0,0,0,,0.0,,0,0,0,,0.0,,0,0,0,100,50,0,0,0,0,0.0593
2026-07-31T04:06:52.380Z,29.39,72.62,471.19,0,1,53,23.54,58.77,,955.5,0,0,27.15,55.14,513.29,0,2,83,,0.0,,0,0,0,17.6,78.28,435.65,0,1,36,,0.0,,0,0,0,,0.0,,0,0,0,,0.0,,0,0,0,,0.0,,0,0,0,100,50,0,0,0,0,0.0593
2026-07-31T04:06:57.379Z,29.39,72.7,472.97,0,2,66,23.55,58.77,,955.5,0,0,27.16,55.13,514.06,0,2,83,,0.0,,0,0,0,17.6,78.27,434.49,0,1,34,,0.0,,0,0,0,,0.0,,0,0,0,,0.0,,0,0,0,,0.0,,0,0,0,100,50,0,0,0,0,0.0593
2026-07-31T04:07:02.379Z,29.4,72.78,475.97,0,2,74,23.55,58.77,,955.5,0,0,27.16,55.11,515.85,0,2,90,,0.0,,0,0,0,17.59,78.29,432.24,0,1,29,,0.0,,0,0,0,,0.0,,0,0,0,,0.0,,0,0,0,,0.0,,0,0,0,100,50,0,0,0,0,0.0593
2026-07-31T04:07:07.381Z,29.41,72.84,475.08,0,1,55,23.56,58.77,,955.5,0,0,27.16,55.1,516.47,0,2,84,,0.0,,0,0,0,17.58,78.3,429.71,0,1,27,,0.0,,0,0,0,,0.0,,0,0,0,,0.0,,0,0,0,,0.0,,0,0,0,100,50,0,0,0,0,0.0593
2026-07-31T04:07:12.382Z,29.42,72.91,475.17,0,1,60,23.56,58.78,,955.5,0,0,27.17,55.09,518.62,0,2,93,,0.0,,0,0,0,17.58,78.32,428.14,0,1,30,,0.0,,0,0,0,,0.0,,0,0,0,,0.0,,0,0,0,,0.0,,0,0,0,100,50,0,0,0,0,0.0593
2026-07-31T04:07:17.386Z,29.43,72.97,475.45,0,1,61,23.57,58.77,,955.5,0,0,27.17,55.08,520.06,0,2,90,,0.0,,0,0,0,17.58,78.34,427.33,0,1,33,,0.0,,0,0,0,,0.0,,0,0,0,,0.0,,0,0,0,,0.0,,0,0,0,100,50,0,0,0,0,0.0593
2026-07-31T04:07:22.380Z,29.44,73.02,475.11,0,1,57,23.57,58.76,,955.5,0,0,27.17,55.07,520.55,0,2,86,,0.0,,0,0,0,17.59,78.34,427.09,0,1,35,,0.0,,0,0,0,,0.0,,0,0,0,,0.0,,0,0,0,,0.0,,0,0,0,100,50,0,0,0,0,0.0593
2026-07-31T04:07:27.382Z,29.44,73.06,475.2,0,1,60,23.57,58.75,,955.5,0,0,27.18,55.06,522.4,0,2,94,,0.0,,0,0,0,17.59,78.36,425.09,0,1,27,,0.0,,0,0,0,,0.0,,0,0,0,,0.0,,0,0,0,,0.0,,0,0,0,100,50,0,0,0,0,0.0593
2026-07-31T04:07:32.379Z,29.45,73.08,473.88,0,1,52,23.57,58.75,,955.6,0,0,27.18,55.05,522.96,0,2,87,,0.0,,0,0,0,17.58,78.37,424.98,0,1,34,,0.0,,0,0,0,,0.0,,0,0,0,,0.0,,0,0,0,,0.0,,0,0,0,100,50,0,0,0,0,0.0593
2026-07-31T04:07:37.382Z,29.45,73.1,471.59,0,1,47,23.58,58.74,,955.4,0,0,27.18,55.05,523.76,0,2,90,,0.0,,0,0,0,17.57,78.38,424.18,0,1,31,,0.0,,0,0,0,,0.0,,0,0,0,,0.0,,0,0,0,,0.0,,0,0,0,100,50,0,0,0,0,0.0593
2026-07-31T04:07:42.380Z,29.46,73.12,472.03,0,1,60,23.58,58.74,,955.4,0,0,27.18,55.04,524.79,0,2,91,,0.0,,0,0,0,17.57,78.41,424.76,0,1,37,,0.0,,0,0,0,,0.0,,0,0,0,,0.0,,0,0,0,,0.0,,0,0,0,100,50,0,0,0,0,0.0593
2026-07-31T04:07:47.379Z,29.46,73.1,470.83,0,1,51,23.58,58.75,,955.5,0,0,27.18,55.04,525.91,0,2,92,,0.0,,0,0,0,17.58,78.42,423.59,0,1,29,,0.0,,0,0,0,,0.0,,0,0,0,,0.0,,0,0,0,,0.0,,0,0,0,100,50,0,0,0,0,0.0593
2026-07-31T04:07:52.379Z,29.47,73.11,470.94,0,1,57,23.58,58.75,,955.5,0,0,27.19,55.03,528.02,0,2,98,,0.0,,0,0,0,17.58,78.42,424.43,0,1,38,,0.0,,0,0,0,,0.0,,0,0,0,,0.0,,0,0,0,,0.0,,0,0,0,100,50,0,0,0,0,0.0593
2026-07-31T04:07:57.379Z,29.47,73.12,472.05,0,1,63,23.58,58.75,,955.5,0,0,27.19,55.02,529.51,0,2,96,,0.0,,0,0,0,17.58,78.42,424.98,0,1,37,,0.0,,0,0,0,,0.0,,0,0,0,,0.0,,0,0,0,,0.0,,0,0,0,100,50,0,0,0,0,0.0593
2026-07-31T04:08:02.379Z,29.47,73.12,471.64,0,1,55,23.59,58.74,,955.4,0,0,27.19,55.02,528.06,0,2,80,,0.0,,0,0,0,17.58,78.41,424.09,0,1,31,,0.0,,0,0,0,,0.0,,0,0,0,,0.0,,0,0,0,,0.0,,0,0,0,100,50,0,0,0,0,0.0593
2026-07-31T04:08:07.379Z,29.48,73.04,470.48,0,1,51,23.59,58.74,,955.4,0,0,27.19,55.02,527.86,0,2,86,,0.0,,0,0,0,17.58,78.4,423.38,0,1,31,,0.0,,0,0,0,,0.0,,0,0,0,,0.0,,0,0,0,,0.0,,0,0,0,100,50,0,0,0,0,0.0593
2026-07-31T04:08:12.379Z,29.48,72.9,468.63,0,1,48,23.59,58.73,,955.4,0,0,27.19,55.01,527.67,0,2,86,,0.0,,0,0,0,17.59,78.39,422.74,0,1,31,,0.0,,0,0,0,,0.0,,0,0,0,,0.0,,0,0,0,,0.0,,0,0,0,100,50,0,0,0,0,0.0593
2026-07-31T04:08:17.378Z,29.48,72.74,463.87,0,1,33,23.59,58.73,,955.4,0,0,27.19,55.02,526.7,0,2,82,,0.0,,0,0,0,17.59,78.37,424.77,0,1,43,,0.0,,0,0,0,,0.0,,0,0,0,,0.0,,0,0,0,,0.0,,0,0,0,100,50,0,0,0,0,0.0593
2026-07-31T04:08:22.379Z,29.48,72.61,459.08,0,1,31,23.59,58.73,,955.5,0,0,27.19,55.03,526.63,0,2,86,,0.0,,0,0,0,17.59,78.34,425.89,0,1,40,,0.0,,0,0,0,,0.0,,0,0,0,,0.0,,0,0,0,,0.0,,0,0,0,100,50,0,0,0,0,0.0593
2026-07-31T04:08:27.379Z,29.48,72.47,457.87,0,1,45,23.59,58.71,,955.5,0,0,27.19,55.04,528.97,0,2,100,,0.0,,0,0,0,17.59,78.32,426.7,0,1,39,,0.0,,0,0,0,,0.0,,0,0,0,,0.0,,0,0,0,,0.0,,0,0,0,100,50,0,0,0,0,0.0593
2026-07-31T04:08:32.383Z,29.49,72.35,457.99,0,1,51,23.59,58.7,,955.5,0,0,27.19,55.04,530.37,0,2,96,,0.0,,0,0,0,17.59,78.3,429.83,0,1,50,,0.0,,0,0,0,,0.0,,0,0,0,,0.0,,0,0,0,,0.0,,0,0,0,100,50,0,0,0,0,0.0593
2026-07-31T04:08:37.382Z,29.49,72.25,457.39,0,1,47,23.59,58.71,,955.4,0,0,27.19,55.05,530.94,0,2,92,,0.0,,0,0,0,17.59,78.28,431.95,0,1,47,,0.0,,0,0,0,,0.0,,0,0,0,,0.0,,0,0,0,,0.0,,0,0,0,100,50,0,0,0,0,0.0593
2026-07-31T04:08:42.380Z,29.48,72.18,458.15,0,1,54,23.59,58.71,,955.5,0,0,27.2,55.05,528.14,0,2,74,,0.0,,0,0,0,17.59,78.26,436.35,0,1,60,,0.0,,0,0,0,,0.0,,0,0,0,,0.0,,0,0,0,,0.0,,0,0,0,100,50,0,0,0,0,0.0593
2026-07-31T04:08:47.385Z,29.47,72.1,458.33,0,1,52,23.59,58.71,,955.5,0,0,27.2,55.06,528.23,0,2,88,,0.0,,0,0,0,17.59,78.24,439.22,0,1,54,,0.0,,0,0,0,,0.0,,0,0,0,,0.0,,0,0,0,,0.0,,0,0,0,100,50,0,0,0,0,0.0593
2026-07-31T04:08:52.384Z,29.46,72.02,457.5,0,1,47,23.6,58.71,,955.4,0,0,27.2,55.05,530.11,0,2,99,,0.0,,0,0,0,17.58,78.25,441.4,0,1,52,,0.0,,0,0,0,,0.0,,0,0,0,,0.0,,0,0,0,,0.0,,0,0,0,100,50,0,0,0,0,0.0593
2026-07-31T04:08:57.379Z,29.47,71.93,456.85,0,1,47,23.6,58.71,,955.5,0,0,27.2,55.05,530.39,0,2,90,,0.0,,0,0,0,17.58,78.25,444.66,0,1,58,,0.0,,0,0,0,,0.0,,0,0,0,,0.0,,0,0,0,,0.0,,0,0,0,100,50,0,0,0,0,0.0593
2026-07-31T04:09:02.378Z,29.46,71.81,455.67,0,1,44,23.6,58.71,,955.5,0,0,27.2,55.04,529.56,0,2,84,,0.0,,0,0,0,17.57,78.26,445.89,0,1,50,,0.0,,0,0,0,,0.0,,0,0,0,,0.0,,0,0,0,,0.0,,0,0,0,100,50,0,0,0,0,0.0593
2026-07-31T04:09:07.379Z,29.46,71.68,454.4,0,1,43,23.6,58.71,,955.5,0,0,27.2,55.04,528.8,0,2,84,,0.0,,0,0,0,17.56,78.26,447.0,0,1,50,,0.0,,0,0,0,,0.0,,0,0,0,,0.0,,0,0,0,,0.0,,0,0,0,100,50,0,0,0,0,0.0593
2026-07-31T04:09:12.378Z,29.46,71.54,452.26,0,1,38,23.6,58.71,,955.5,0,0,27.2,55.03,528.32,0,2,86,,0.0,,0,0,0,17.56,78.26,445.7,0,1,39,,0.0,,0,0,0,,0.0,,0,0,0,,0.0,,0,0,0,,0.0,,0,0,0,100,50,0,0,0,0,0.0593
2026-07-31T04:09:17.378Z,29.45,71.4,451.03,0,1,42,23.6,58.71,,955.5,0,0,27.2,55.05,532.09,0,2,110,,0.0,,0,0,0,17.55,78.25,447.63,0,1,54,,0.0,,0,0,0,,0.0,,0,0,0,,0.0,,0,0,0,,0.0,,0,0,0,100,50,0,0,0,0,0.0593
2026-07-31T04:09:22.531Z,29.45,71.3,451.33,0,1,48,23.6,58.7,,955.4,0,0,27.2,55.08,531.28,0,2,85,,0.0,,0,0,0,17.54,78.25,448.07,0,1,48,,0.0,,0,0,0,,0.0,,0,0,0,,0.0,,0,0,0,,0.0,,0,0,0,100,50,0,0,0,0,0.0593
2026-07-31T04:09:27.383Z,29.44,71.21,452.6,0,1,53,23.6,58.7,,955.4,0,0,27.2,55.1,531.85,0,2,93,,0.0,,0,0,0,17.54,78.24,447.36,0,1,42,,0.0,,0,0,0,,0.0,,0,0,0,,0.0,,0,0,0,,0.0,,0,0,0,100,50,0,0,0,0,0.0593
2026-07-31T04:09:32.378Z,29.45,71.14,455.34,0,1,62,23.6,58.69,,955.5,0,0,27.2,55.1,532.97,0,2,96,,0.0,,0,0,0,17.54,78.26,445.22,0,1,35,,0.0,,0,0,0,,0.0,,0,0,0,,0.0,,0,0,0,,0.0,,0,0,0,100,50,0,0,0,0,0.0593
2026-07-31T04:09:37.378Z,29.45,71.08,454.4,0,1,45,23.6,58.68,,955.5,0,0,27.2,55.1,535.27,0,2,104,,0.0,,0,0,0,17.53,78.27,445.7,0,1,47,,0.0,,0,0,0,,0.0,,0,0,0,,0.0,,0,0,0,,0.0,,0,0,0,100,50,0,0,0,0,0.0593
2026-07-31T04:09:42.378Z,29.45,71.05,452.96,0,1,42,23.6,58.68,,955.5,0,0,27.2,55.09,537.14,0,2,103,,0.0,,0,0,0,17.52,78.28,445.83,0,1,45,,0.0,,0,0,0,,0.0,,0,0,0,,0.0,,0,0,0,,0.0,,0,0,0,100,50,0,0,0,0,0.0593
2026-07-31T04:09:47.383Z,29.44,71.05,447.67,0,1,13,23.6,58.67,,955.5,0,0,27.2,55.08,537.33,0,2,94,,0.0,,0,0,0,17.51,78.3,442.55,0,1,29,,0.0,,0,0,0,,0.0,,0,0,0,,0.0,,0,0,0,,0.0,,0,0,0,100,50,0,0,0,0,0.0593
2026-07-31T04:09:52.383Z,29.44,71.05,442.9,0,1,18,23.6,58.66,,955.5,0,0,27.2,55.07,539.3,0,2,105,,0.0,,0,0,0,17.5,78.32,439.19,0,1,28,,0.0,,0,0,0,,0.0,,0,0,0,,0.0,,0,0,0,,0.0,,0,0,0,100,50,0,0,0,0,0.0593
2026-07-31T04:09:57.380Z,29.43,71.03,438.61,0,1,21,23.6,58.66,,955.5,0,0,27.2,55.04,539.87,0,2,98,,0.0,,0,0,0,17.48,78.36,437.87,0,1,35,,0.0,,0,0,0,,0.0,,0,0,0,,0.0,,0,0,0,,0.0,,0,0,0,100,50,0,0,0,0,0.0593
2026-07-31T04:10:02.383Z,29.43,71.0,436.55,0,1,32,23.6,58.65,,955.5,0,0,27.2,55.02,541.08,0,2,101,,0.0,,0,0,0,17.46,78.41,435.59,0,1,30,,0.0,,0,0,0,,0.0,,0,0,0,,0.0,,0,0,0,,0.0,,0,0,0,100,50,0,0,0,0,0.0593
2026-07-31T04:10:07.383Z,29.43,71.01,434.79,0,1,32,23.6,58.64,,955.6,0,0,27.2,55.0,540.67,0,2,93,,0.0,,0,0,0,17.44,78.48,434.33,0,1,34,,0.0,,0,0,0,,0.0,,0,0,0,,0.0,,0,0,0,,0.0,,0,0,0,100,50,0,0,0,0,0.0593
2026-07-31T04:10:12.384Z,29.43,71.01,434.31,0,1,37,23.6,58.64,,955.1,0,0,27.2,54.98,542.3,0,2,105,,0.0,,0,0,0,17.42,78.57,436.2,0,1,48,,0.0,,0,0,0,,0.0,,0,0,0,,0.0,,0,0,0,,0.0,,0,0,0,100,50,0,0,0,0,0.0593
2026-07-31T04:10:17.378Z,29.42,71.01,431.58,0,1,27,23.6,58.64,,955.1,0,0,27.2,54.96,541.87,0,2,93,,0.0,,0,0,0,17.4,78.65,437.88,0,1,48,,0.0,,0,0,0,,0.0,,0,0,0,,0.0,,0,0,0,,0.0,,0,0,0,100,50,0,0,0,0,0.0593
2026-07-31T04:10:22.382Z,29.42,71.03,428.42,0,1,22,23.6,58.63,,955.5,0,0,27.2,55.09,543.59,0,2,106,,0.0,,0,0,0,17.39,78.82,438.79,0,1,45,,0.0,,0,0,0,,0.0,,0,0,0,,0.0,,0,0,0,,0.0,,0,0,0,100,50,0,0,0,0,0.0593
2026-07-31T04:10:27.382Z,29.42,71.02,426.78,0,1,29,23.6,58.63,,955.5,0,0,27.2,55.22,546.23,0,2,112,,0.0,,0,0,0,17.38,78.97,439.31,0,1,44,,0.0,,0,0,0,,0.0,,0,0,0,,0.0,,0,0,0,,0.0,,0,0,0,100,50,0,0,0,0,0.0593
2026-07-31T04:10:32.381Z,29.42,70.98,428.3,0,1,43,23.6,58.77,,955.5,0,0,27.21,55.41,549.2,0,2,116,,0.0,,0,0,0,17.38,79.11,440.88,0,1,49,,0.0,,0,0,0,,0.0,,0,0,0,,0.0,,0,0,0,,0.0,,0,0,0,100,50,0,0,0,0,0.0593
2026-07-31T04:10:37.382Z,29.41,70.97,429.57,0,1,42,23.6,58.89,,955.5,0,0,27.22,55.59,551.88,0,2,116,,0.0,,0,0,0,17.38,79.24,442.29,0,1,49,,0.0,,0,0,0,,0.0,,0,0,0,,0.0,,0,0,0,,0.0,,0,0,0,100,50,0,0,0,0,0.0593
2026-07-31T04:10:42.382Z,29.39,71.02,427.52,0,1,28,23.6,59.0,,955.5,0,0,27.23,55.75,551.9,0,2,101,,0.0,,0,0,0,17.38,79.35,443.26,0,1,48,,0.0,,0,0,0,,0.0,,0,0,0,,0.0,,0,0,0,,0.0,,0,0,0,100,50,0,0,0,0,0.0593
2026-07-31T04:10:47.382Z,29.4,71.08,427.56,0,1,36,23.6,59.07,,955.6,0,0,27.22,55.86,551.81,0,2,101,,0.0,,0,0,0,17.39,79.46,445.74,0,1,55,,0.0,,0,0,0,,0.0,,0,0,0,,0.0,,0,0,0,,0.0,,0,0,0,100,50,0,0,0,0,0.0593
2026-07-31T04:10:52.382Z,29.39,71.13,427.51,0,1,36,23.6,59.13,,955.6,0,0,27.22,55.95,551.73,0,2,101,,0.0,,0,0,0,17.39,79.55,447.96,0,1,55,,0.0,,0,0,0,,0.0,,0,0,0,,0.0,,0,0,0,,0.0,,0,0,0,100,50,0,0,0,0,0.0593
2026-07-31T04:10:57.382Z,29.38,71.17,424.76,0,1,23,23.6,59.2,,955.5,0,0,27.23,56.08,555.55,0,2,125,,0.0,,0,0,0,17.39,79.64,449.57,0,1,53,,0.0,,0,0,0,,0.0,,0,0,0,,0.0,,0,0,0,,0.0,,0,0,0,100,50,0,0,0,0,0.0593
2026-07-31T04:11:02.382Z,29.37,71.19,423.08,0,1,27,23.6,59.26,,955.5,0,0,27.24,56.19,556.4,0,2,109,,0.0,,0,0,0,17.39,79.71,450.01,0,1,49,,0.0,,0,0,0,,0.0,,0,0,0,,0.0,,0,0,0,,0.0,,0,0,0,100,50,0,0,0,0,0.0593
2026-07-31T04:11:07.382Z,29.36,71.22,423.07,0,1,34,23.6,59.29,,955.6,0,0,27.24,56.3,557.56,0,2,111,,0.0,,0,0,0,17.39,79.78,448.81,0,1,41,,0.0,,0,0,0,,0.0,,0,0,0,,0.0,,0,0,0,,0.0,,0,0,0,100,50,0,0,0,0,0.0593
2026-07-31T04:11:12.381Z,29.36,71.27,422.87,0,1,33,23.6,59.33,,955.5,0,0,27.25,56.38,558.9,0,2,113,,0.0,,0,0,0,17.39,79.85,448.33,0,1,44,,0.0,,0,0,0,,0.0,,0,0,0,,0.0,,0,0,0,,0.0,,0,0,0,100,50,0,0,0,0,0.0593
2026-07-31T04:11:17.381Z,29.35,71.3,423.58,0,1,37,23.6,59.37,,955.5,0,0,27.25,56.45,558.31,0,2,102,,0.0,,0,0,0,17.39,79.92,446.39,0,1,37,,0.0,,0,0,0,,0.0,,0,0,0,,0.0,,0,0,0,,0.0,,0,0,0,100,50,0,0,0,0,0.0593
2026-07-31T04:11:22.385Z,29.35,71.32,422.52,0,1,29,23.6,59.42,,955.5,0,0,27.26,56.54,559.78,0,2,114,,0.0,,0,0,0,17.39,79.98,446.96,0,1,48,,0.0,,0,0,0,,0.0,,0,0,0,,0.0,,0,0,0,,0.0,,0,0,0,100,50,0,0,0,0,0.0593
2026-07-31T04:11:27.378Z,29.34,71.39,422.97,0,1,36,23.6,59.47,,955.6,0,0,27.26,56.63,561.9,0,2,120,,0.0,,0,0,0,17.39,80.05,445.56,0,1,39,,0.0,,0,0,0,,0.0,,0,0,0,,0.0,,0,0,0,,0.0,,0,0,0,100,50,0,0,0,0,0.0593
2026-07-31T04:11:32.428Z,29.34,71.42,421.37,0,1,27,23.6,59.53,,955.6,0,0,27.28,56.73,563.51,0,2,117,,0.0,,0,0,0,17.39,80.12,444.5,0,1,39,,0.0,,0,0,0,,0.0,,0,0,0,,0.0,,0,0,0,,0.0,,0,0,0,100,50,0,0,0,0,0.0593
2026-07-31T04:11:37.410Z,29.33,71.42,419.24,0,1,22,23.61,59.58,,955.6,0,0,27.29,56.83,566.06,0,2,125,,0.0,,0,0,0,17.41,80.21,445.25,0,1,47,,0.0,,0,0,0,,0.0,,0,0,0,,0.0,,0,0,0,,0.0,,0,0,0,100,50,0,0,0,0,0.0593
2026-07-31T04:11:42.403Z,29.33,71.41,418.21,0,1,28,23.62,59.62,,955.6,0,0,27.3,56.91,569.36,0,2,131,,0.0,,0,0,0,17.41,80.29,446.73,0,1,52,,0.0,,0,0,0,,0.0,,0,0,0,,0.0,,0,0,0,,0.0,,0,0,0,100,50,0,0,0,0,0.0593
2026-07-31T04:11:47.387Z,29.32,71.41,416.79,0,1,25,23.63,59.66,,955.6,0,0,27.31,56.99,572.32,0,2,131,,0.0,,0,0,0,17.42,80.36,448.06,0,1,52,,0.0,,0,0,0,,0.0,,0,0,0,,0.0,,0,0,0,,0.0,,0,0,0,100,50,0,0,0,0,0.0593
2026-07-31T04:11:52.451Z,29.32,71.42,415.11,0,1,11,23.63,59.69,,955.4,0,0,27.32,57.06,574.19,0,2,126,,0.0,,0,0,0,17.43,80.45,446.35,0,1,38,,0.0,,0,0,0,,0.0,,0,0,0,,0.0,,0,0,0,,0.0,,0,0,0,100,50,0,0,0,0,0.0593
2026-07-31T04:11:57.380Z,29.31,71.44,413.6,0,1,21,23.64,59.73,,955.5,0,0,27.33,57.13,575.27,0,2,122,,0.0,,0,0,0,17.44,80.51,445.91,0,1,43,,0.0,,0,0,0,,0.0,,0,0,0,,0.0,,0,0,0,,0.0,,0,0,0,100,50,0,0,0,0,0.0593
2026-07-31T04:12:02.393Z,29.31,71.47,412.34,0,1,24,23.65,59.75,,955.5,0,0,27.33,57.15,574.94,0,2,114,,0.0,,0,0,0,17.44,80.57,447.02,0,1,50,,0.0,,0,0,0,,0.0,,0,0,0,,0.0,,0,0,0,,0.0,,0,0,0,100,50,0,0,0,0,0.0593
2026-07-31T04:12:07.380Z,29.31,71.46,411.71,0,1,26,23.65,59.78,,955.5,0,0,27.34,57.18,576.45,0,2,125,,0.0,,0,0,0,17.45,80.62,446.82,0,1,44,,0.0,,0,0,0,,0.0,,0,0,0,,0.0,,0,0,0,,0.0,,0,0,0,100,50,0,0,0,0,0.0593
2026-07-31T04:12:12.451Z,29.32,71.46,412.84,0,1,34,23.66,59.8,,955.5,0,0,27.35,57.14,576.5,0,2,117,,0.0,,0,0,0,17.45,80.66,447.24,0,1,47,,0.0,,0,0,0,,0.0,,0,0,0,,0.0,,0,0,0,,0.0,,0,0,0,100,50,0,0,0,0,0.0593
2026-07-31T04:12:17.380Z,29.32,71.46,417.85,0,1,53,23.66,59.82,,955.5,0,0,27.35,57.09,578.85,0,2,132,,0.0,,0,0,0,17.46,80.69,450.01,0,1,59,,0.0,,0,0,0,,0.0,,0,0,0,,0.0,,0,0,0,,0.0,,0,0,0,100,50,0,0,0,0,0.0593
2026-07-31T04:12:22.451Z,29.32,71.41,418.47,0,1,35,23.67,59.84,,955.5,0,0,27.36,57.04,578.47,0,2,116,,0.0,,0,0,0,17.47,80.74,451.81,0,1,56,,0.0,,0,0,0,,0.0,,0,0,0,,0.0,,0,0,0,,0.0,,0,0,0,100,50,0,0,0,0,0.0593
2026-07-31T04:12:27.381Z,29.31,71.35,419.72,0,1,38,23.67,59.85,,955.5,0,0,27.36,56.99,578.12,0,2,116,,0.0,,0,0,0,17.49,80.77,453.43,0,1,56,,0.0,,0,0,0,,0.0,,0,0,0,,0.0,,0,0,0,,0.0,,0,0,0,100,50,0,0,0,0,0.0593
2026-07-31T04:12:32.453Z,29.32,71.32,421.45,0,1,41,23.67,59.92,,955.5,0,0,27.37,56.96,576.61,0,2,108,,0.0,,0,0,0,17.5,80.8,454.89,0,1,55,,0.0,,0,0,0,,0.0,,0,0,0,,0.0,,0,0,0,,0.0,,0,0,0,100,50,0,0,0,0,0.0593
2026-07-31T04:12:37.379Z,29.33,71.29,420.5,0,1,29,23.67,60.0,,955.5,0,0,27.37,56.91,575.25,0,2,108,,0.0,,0,0,0,17.51,80.82,455.8,0,1,54,,0.0,,0,0,0,,0.0,,0,0,0,,0.0,,0,0,0,,0.0,,0,0,0,100,50,0,0,0,0,0.0593
2026-07-31T04:12:42.442Z,29.33,71.28,421.75,0,1,39,23.68,60.07,,955.5,0,0,27.37,56.87,576.32,0,2,123,,0.0,,0,0,0,17.52,80.84,456.12,0,1,51,,0.0,,0,0,0,,0.0,,0,0,0,,0.0,,0,0,0,,0.0,,0,0,0,100,50,0,0,0,0,0.0593
2026-07-31T04:12:47.378Z,29.32,71.28,420.88,0,1,29,23.68,60.1,,955.5,0,0,27.37,56.82,574.19,0,2,103,,0.0,,0,0,0,17.52,80.86,456.81,0,1,53,,0.0,,0,0,0,,0.0,,0,0,0,,0.0,,0,0,0,,0.0,,0,0,0,100,50,0,0,0,0,0.0593
2026-07-31T04:12:52.379Z,29.32,71.25,422.59,0,1,41,23.68,60.12,,955.5,0,0,27.38,56.77,574.17,0,2,115,,0.0,,0,0,0,17.51,80.89,455.93,0,1,46,,0.0,,0,0,0,,0.0,,0,0,0,,0.0,,0,0,0,,0.0,,0,0,0,100,50,0,0,0,0,0.0593
2026-07-31T04:12:57.379Z,29.32,71.22,422.93,0,1,36,23.68,60.14,,955.5,0,0,27.38,56.71,574.95,0,2,120,,0.0,,0,0,0,17.51,80.92,456.73,0,1,54,,0.0,,0,0,0,,0.0,,0,0,0,,0.0,,0,0,0,,0.0,,0,0,0,100,50,0,0,0,0,0.0593
2026-07-31T04:13:02.379Z,29.32,71.17,426.24,0,1,49,23.68,60.15,,955.5,0,0,27.38,56.66,574.76,0,2,114,,0.0,,0,0,0,17.51,80.95,457.26,0,1,53,,0.0,,0,0,0,,0.0,,0,0,0,,0.0,,0,0,0,,0.0,,0,0,0,100,50,0,0,0,0,0.0593
2026-07-31T04:13:07.378Z,29.32,71.16,427.21,0,1,40,23.69,60.17,,955.5,0,0,27.38,56.62,574.58,0,2,114,,0.0,,0,0,0,17.51,80.98,457.73,0,1,53,,0.0,,0,0,0,,0.0,,0,0,0,,0.0,,0,0,0,,0.0,,0,0,0,100,50,0,0,0,0,0.0593
2026-07-31T04:13:12.384Z,29.32,71.13,431.19,0,1,55,23.69,60.17,,955.5,0,0,27.38,56.57,574.72,0,2,116,,0.0,,0,0,0,17.51,81.0,459.16,0,1,57,,0.0,,0,0,0,,0.0,,0,0,0,,0.0,,0,0,0,,0.0,,0,0,0,100,50,0,0,0,0,0.0593
2026-07-31T04:13:17.384Z,29.33,71.16,435.97,0,1,61,23.69,60.17,,955.5,0,0,27.39,56.54,576.45,0,2,126,,0.0,,0,0,0,17.51,81.02,458.15,0,1,46,,0.0,,0,0,0,,0.0,,0,0,0,,0.0,,0,0,0,,0.0,,0,0,0,100,50,0,0,0,0,0.0593
2026-07-31T04:13:22.379Z,29.34,71.22,439.18,0,1,56,23.69,60.17,,955.4,0,0,27.39,56.49,574.31,0,2,103,,0.0,,0,0,0,17.52,81.05,456.53,0,1,43,,0.0,,0,0,0,,0.0,,0,0,0,,0.0,,0,0,0,,0.0,,0,0,0,100,50,0,0,0,0,0.0593
2026-07-31T04:13:27.385Z,29.36,71.3,440.86,0,1,50,23.7,60.16,,955.4,0,0,27.39,56.45,572.58,0,2,105,,0.0,,0,0,0,17.53,81.07,455.58,0,1,45,,0.0,,0,0,0,,0.0,,0,0,0,,0.0,,0,0,0,,0.0,,0,0,0,100,50,0,0,0,0,0.0593
2026-07-31T04:13:32.378Z,29.37,71.39,443.37,0,1,55,23.71,60.15,,955.4,0,0,27.39,56.42,574.52,0,2,126,,0.0,,0,0,0,17.53,81.09,454.12,0,1,42,,0.0,,0,0,0,,0.0,,0,0,0,,0.0,,0,0,0,,0.0,,0,0,0,100,50,0,0,0,0,0.0593
2026-07-31T04:13:37.384Z,29.38,71.5,444.04,0,1,47,23.72,60.16,,955.5,0,0,27.39,56.39,574.77,0,2,117,,0.0,,0,0,0,17.54,81.11,454.11,0,1,48,,0.0,,0,0,0,,0.0,,0,0,0,,0.0,,0,0,0,,0.0,,0,0,0,100,50,0,0,0,0,0.0593
2026-07-31T04:13:42.378Z,29.39,71.61,446.83,0,1,58,23.73,60.16,,955.5,0,0,27.39,56.36,575.19,0,2,118,,0.0,,0,0,0,17.55,81.13,454.6,0,1,51,,0.0,,0,0,0,,0.0,,0,0,0,,0.0,,0,0,0,,0.0,,0,0,0,100,50,0,0,0,0,0.0593
2026-07-31T04:13:47.378Z,29.4,71.72,447.65,0,1,49,23.74,60.17,,955.5,0,0,27.39,56.33,575.77,0,2,119,,0.0,,0,0,0,17.55,81.15,454.94,0,1,50,,0.0,,0,0,0,,0.0,,0,0,0,,0.0,,0,0,0,,0.0,,0,0,0,100,50,0,0,0,0,0.0593
2026-07-31T04:13:52.384Z,29.41,71.84,448.78,0,1,51,23.74,60.16,,955.5,0,0,27.4,56.34,576.99,0,2,124,,0.0,,0,0,0,17.56,81.18,454.24,0,1,46,,0.0,,0,0,0,,0.0,,0,0,0,,0.0,,0,0,0,,0.0,,0,0,0,100,50,0,0,0,0,0.0593
2026-07-31T04:13:57.384Z,29.43,71.94,451.61,0,1,60,23.75,60.15,,955.5,0,0,27.41,56.34,579.39,0,2,133,,0.0,,0,0,0,17.56,81.2,455.12,0,1,53,,0.0,,0,0,0,,0.0,,0,0,0,,0.0,,0,0,0,,0.0,,0,0,0,100,50,0,0,0,0,0.0593
2026-07-31T04:14:02.384Z,29.44,72.04,453.54,0,1,57,23.75,60.14,,955.4,0,0,27.42,56.4,582.66,0,2,140,,0.0,,0,0,0,17.56,81.22,456.81,0,1,57,,0.0,,0,0,0,,0.0,,0,0,0,,0.0,,0,0,0,,0.0,,0,0,0,100,50,0,0,0,0,0.0593
2026-07-31T04:14:07.383Z,29.46,72.13,454.69,0,1,54,23.76,60.12,,955.4,0,0,27.43,56.45,585.79,0,2,141,,0.0,,0,0,0,17.58,81.23,455.23,0,1,42,,0.0,,0,0,0,,0.0,,0,0,0,,0.0,,0,0,0,,0.0,,0,0,0,100,50,0,0,0,0,0.0593
2026-07-31T04:14:12.383Z,29.47,72.2,454.72,0,1,49,23.76,60.11,,955.4,0,0,27.44,56.5,588.61,0,2,141,,0.0,,0,0,0,17.59,81.23,453.8,0,1,42,,0.0,,0,0,0,,0.0,,0,0,0,,0.0,,0,0,0,,0.0,,0,0,0,100,50,0,0,0,0,0.0593
2026-07-31T04:14:17.383Z,29.48,72.26,456.95,0,1,60,23.77,60.09,,955.5,0,0,27.45,56.55,592.05,0,2,147,,0.0,,0,0,0,17.59,81.23,454.22,0,1,50,,0.0,,0,0,0,,0.0,,0,0,0,,0.0,,0,0,0,,0.0,,0,0,0,100,50,0,0,0,0,0.0593
2026-07-31T04:14:22.384Z,29.49,72.32,457.05,0,1,51,23.77,60.07,,955.5,0,0,27.47,56.59,595.04,0,2,147,,0.0,,0,0,0,17.59,81.23,452.8,0,1,42,,0.0,,0,0,0,,0.0,,0,0,0,,0.0,,0,0,0,,0.0,,0,0,0,100,50,0,0,0,0,0.0593
2026-07-31T04:14:27.380Z,29.51,72.36,457.75,0,1,54,23.77,60.05,,955.5,0,0,27.48,56.6,595.94,0,2,134,,0.0,,0,0,0,17.6,81.22,453.92,0,1,53,,0.0,,0,0,0,,0.0,,0,0,0,,0.0,,0,0,0,,0.0,,0,0,0,100,50,0,0,0,0,0.0593
2026-07-31T04:14:32.383Z,29.51,72.38,458.97,0,1,57,23.77,60.04,,955.5,0,0,27.49,56.61,598.15,0,2,144,,0.0,,0,0,0,17.61,81.22,454.53,0,1,52,,0.0,,0,0,0,,0.0,,0,0,0,,0.0,,0,0,0,,0.0,,0,0,0,100,50,0,0,0,0,0.0593
2026-07-31T04:14:37.383Z,29.52,72.38,459.58,0,1,54,23.78,60.04,,955.5,0,0,27.5,56.59,598.13,0,2,131,,0.0,,0,0,0,17.62,81.22,456.08,0,1,57,,0.0,,0,0,0,,0.0,,0,0,0,,0.0,,0,0,0,,0.0,,0,0,0,100,50,0,0,0,0,0.0593
2026-07-31T04:14:42.382Z,29.53,72.37,458.22,0,1,45,23.78,60.03,,955.5,0,0,27.51,56.55,595.32,0,2,113,,0.0,,0,0,0,17.63,81.21,455.87,0,1,49,,0.0,,0,0,0,,0.0,,0,0,0,,0.0,,0,0,0,,0.0,,0,0,0,100,50,0,0,0,0,0.0593
2026-07-31T04:14:47.383Z,29.55,72.37,459.0,0,1,55,23.78,60.03,,955.5,0,0,27.52,56.52,592.79,0,2,113,,0.0,,0,0,0,17.64,81.2,455.68,0,1,49,,0.0,,0,0,0,,0.0,,0,0,0,,0.0,,0,0,0,,0.0,,0,0,0,100,50,0,0,0,0,0.0593
2026-07-31T04:14:52.383Z,29.56,72.37,462.3,0,2,68,23.78,60.02,,955.4,0,0,27.53,56.48,593.81,0,2,134,,0.0,,0,0,0,17.64,81.19,456.21,0,1,52,,0.0,,0,0,0,,0.0,,0,0,0,,0.0,,0,0,0,,0.0,,0,0,0,100,50,0,0,0,0,0.0593
2026-07-31T04:14:57.382Z,29.58,72.37,461.27,0,1,47,23.79,60.0,,955.4,0,0,27.54,56.46,597.93,0,2,156,,0.0,,0,0,0,17.65,81.18,456.99,0,1,53,,0.0,,0,0,0,,0.0,,0,0,0,,0.0,,0,0,0,,0.0,,0,0,0,100,50,0,0,0,0,0.0593
2026-07-31T04:15:02.382Z,29.59,72.38,458.94,0,1,41,23.79,59.99,,955.4,0,0,27.54,56.43,601.63,0,2,156,,0.0,,0,0,0,17.65,81.17,457.69,0,1,53,,0.0,,0,0,0,,0.0,,0,0,0,,0.0,,0,0,0,,0.0,,0,0,0,100,50,0,0,0,0,0.0593
2026-07-31T04:15:07.383Z,29.6,72.38,460.45,0,1,58,23.79,59.97,,955.6,0,0,27.56,56.44,602.27,0,2,137,,0.0,,0,0,0,17.66,81.17,456.02,0,1,42,,0.0,,0,0,0,,0.0,,0,0,0,,0.0,,0,0,0,,0.0,,0,0,0,100,50,0,0,0,0,0.0593
2026-07-31T04:15:12.381Z,29.6,72.33,458.5,0,1,42,23.79,59.96,,955.6,0,0,27.57,56.45,602.64,0,2,136,,0.0,,0,0,0,17.66,81.19,456.72,0,1,53,,0.0,,0,0,0,,0.0,,0,0,0,,0.0,,0,0,0,,0.0,,0,0,0,100,50,0,0,0,0,0.0593
2026-07-31T04:15:17.378Z,29.6,72.22,454.85,0,1,33,23.79,59.95,,955.5,0,0,27.59,56.48,606.08,0,2,157,,0.0,,0,0,0,17.66,81.21,459.55,0,1,64,,0.0,,0,0,0,,0.0,,0,0,0,,0.0,,0,0,0,,0.0,,0,0,0,100,50,0,0,0,0,0.0593
2026-07-31T04:15:22.452Z,29.6,72.07,449.37,0,1,20,23.79,59.95,,955.5,0,0,27.6,56.5,606.17,0,2,137,,0.0,,0,0,0,17.65,81.23,461.79,0,1,63,,0.0,,0,0,0,,0.0,,0,0,0,,0.0,,0,0,0,,0.0,,0,0,0,100,50,0,0,0,0,0.0593
2026-07-31T04:15:27.382Z,29.6,71.95,444.73,0,1,25,23.79,59.94,,955.5,0,0,27.61,56.53,607.05,0,2,142,,0.0,,0,0,0,17.65,81.25,462.61,0,1,57,,0.0,,0,0,0,,0.0,,0,0,0,,0.0,,0,0,0,,0.0,,0,0,0,100,50,0,0,0,0,0.0593
2026-07-31T04:15:32.450Z,29.6,71.84,441.16,0,1,28,23.79,59.93,,955.5,0,0,27.62,56.56,607.75,0,2,141,,0.0,,0,0,0,17.64,81.28,464.25,0,1,61,,0.0,,0,0,0,,0.0,,0,0,0,,0.0,,0,0,0,,0.0,,0,0,0,100,50,0,0,0,0,0.0593
2026-07-31T04:15:37.382Z,29.6,71.76,438.34,0,1,29,23.79,59.91,,955.5,0,0,27.62,56.58,611.27,0,2,162,,0.0,,0,0,0,17.64,81.32,465.33,0,1,59,,0.0,,0,0,0,,0.0,,0,0,0,,0.0,,0,0,0,,0.0,,0,0,0,100,50,0,0,0,0,0.0593
2026-07-31T04:15:42.381Z,29.6,71.68,437.91,0,1,39,23.79,59.9,,955.5,0,0,27.64,56.6,611.05,0,2,138,,0.0,,0,0,0,17.63,81.39,466.1,0,1,58,,0.0,,0,0,0,,0.0,,0,0,0,,0.0,,0,0,0,,0.0,,0,0,0,100,50,0,0,0,0,0.0593
2026-07-31T04:15:47.380Z,29.59,71.6,434.12,0,1,17,23.8,59.89,,955.6,0,0,27.66,56.6,614.44,0,2,163,,0.0,,0,0,0,17.63,81.45,466.49,0,1,56,,0.0,,0,0,0,,0.0,,0,0,0,,0.0,,0,0,0,,0.0,,0,0,0,100,50,0,0,0,0,0.0593
2026-07-31T04:15:52.381Z,29.58,71.53,434.6,0,1,42,23.81,59.88,,955.6,0,0,27.67,56.6,619.4,0,2,177,,0.0,,0,0,0,17.63,81.5,466.74,0,1,56,,0.0,,0,0,0,,0.0,,0,0,0,,0.0,,0,0,0,,0.0,,0,0,0,100,50,0,0,0,0,0.0593
2026-07-31T04:15:57.381Z,29.57,71.47,433.44,0,1,34,23.82,59.88,,955.5,0,0,27.69,56.59,619.36,0,2,145,,0.0,,0,0,0,17.62,81.59,467.36,0,1,58,,0.0,,0,0,0,,0.0,,0,0,0,,0.0,,0,0,0,,0.0,,0,0,0,100,50,0,0,0,0,0.0593
2026-07-31T04:16:02.381Z,29.58,71.41,433.5,0,1,39,23.83,59.87,,955.5,0,0,27.7,56.58,621.62,0,2,161,,0.0,,0,0,0,17.62,81.69,469.03,0,1,64,,0.0,,0,0,0,,0.0,,0,0,0,,0.0,,0,0,0,,0.0,,0,0,0,100,50,0,0,0,0,0.0593
2026-07-31T04:16:07.438Z,29.58,71.32,435.05,0,1,46,23.84,59.86,,955.5,0,0,27.71,56.55,621.76,0,2,147,,0.0,,0,0,0,17.62,81.79,470.92,0,2,66,,0.0,,0,0,0,,0.0,,0,0,0,,0.0,,0,0,0,,0.0,,0,0,0,100,50,0,0,0,0,0.0593
2026-07-31T04:16:12.379Z,29.58,71.2,435.04,0,1,39,23.84,59.85,,955.5,0,0,27.72,56.51,623.08,0,2,156,,0.0,,0,0,0,17.62,81.87,470.93,0,2,57,,0.0,,0,0,0,,0.0,,0,0,0,,0.0,,0,0,0,,0.0,,0,0,0,100,50,0,0,0,0,0.0593
2026-07-31T04:16:17.379Z,29.57,71.06,435.74,0,1,43,23.85,59.85,,955.5,0,0,27.72,56.46,621.68,0,2,138,,0.0,,0,0,0,17.62,81.99,471.44,0,1,60,,0.0,,0,0,0,,0.0,,0,0,0,,0.0,,0,0,0,,0.0,,0,0,0,100,50,0,0,0,0,0.0593
2026-07-31T04:16:22.379Z,29.57,70.93,435.87,0,1,40,23.85,59.84,,955.5,0,0,27.73,56.41,621.41,0,2,145,,0.0,,0,0,0,17.61,82.1,471.69,0,1,58,,0.0,,0,0,0,,0.0,,0,0,0,,0.0,,0,0,0,,0.0,,0,0,0,100,50,0,0,0,0,0.0593
2026-07-31T04:16:27.380Z,29.56,70.81,435.88,0,1,40,23.86,59.84,,955.5,0,0,27.74,56.35,621.17,0,2,144,,0.0,,0,0,0,17.62,82.22,473.13,0,2,65,,0.0,,0,0,0,,0.0,,0,0,0,,0.0,,0,0,0,,0.0,,0,0,0,100,50,0,0,0,0,0.0593
2026-07-31T04:16:32.380Z,29.55,70.7,437.49,0,1,47,23.86,59.84,,955.6,0,0,27.75,56.29,620.85,0,2,144,,0.0,,0,0,0,17.63,82.34,474.01,0,1,62,,0.0,,0,0,0,,0.0,,0,0,0,,0.0,,0,0,0,,0.0,,0,0,0,100,50,0,0,0,0,0.0593
2026-07-31T04:16:37.380Z,29.55,70.63,437.24,0,1,40,23.87,59.83,,955.6,0,0,27.75,56.23,619.87,0,2,139,,0.0,,0,0,0,17.64,82.45,474.11,0,1,59,,0.0,,0,0,0,,0.0,,0,0,0,,0.0,,0,0,0,,0.0,,0,0,0,100,50,0,0,0,0,0.0593
2026-07-31T04:16:42.378Z,29.54,70.59,437.92,0,1,44,23.87,59.83,,955.6,0,0,27.76,56.18,619.38,0,2,142,,0.0,,0,0,0,17.64,82.54,475.1,0,1,64,,0.0,,0,0,0,,0.0,,0,0,0,,0.0,,0,0,0,,0.0,,0,0,0,100,50,0,0,0,0,0.0593
2026-07-31T04:16:47.380Z,29.54,70.58,436.53,0,1,34,23.87,59.84,,955.5,0,0,27.76,56.13,616.94,0,2,129,,0.0,,0,0,0,17.65,82.62,475.29,0,1,60,,0.0,,0,0,0,,0.0,,0,0,0,,0.0,,0,0,0,,0.0,,0,0,0,100,50,0,0,0,0,0.0593
2026-07-31T04:16:52.379Z,29.52,70.6,434.57,0,1,31,23.88,59.84,,955.5,0,0,27.76,56.08,616.15,0,2,138,,0.0,,0,0,0,17.65,82.66,476.06,0,1,63,,0.0,,0,0,0,,0.0,,0,0,0,,0.0,,0,0,0,,0.0,,0,0,0,100,50,0,0,0,0,0.0593
2026-07-31T04:16:57.379Z,29.51,70.63,434.12,0,1,37,23.88,59.85,,955.5,0,0,27.77,56.03,615.03,0,2,135,,0.0,,0,0,0,17.66,82.7,478.16,0,2,70,,0.0,,0,0,0,,0.0,,0,0,0,,0.0,,0,0,0,,0.0,,0,0,0,100,50,0,0,0,0,0.0593
2026-07-31T04:17:02.379Z,29.5,70.68,433.6,0,1,37,23.88,59.85,,955.5,0,0,27.77,55.98,614.33,0,2,138,,0.0,,0,0,0,17.66,82.73,478.94,0,2,65,,0.0,,0,0,0,,0.0,,0,0,0,,0.0,,0,0,0,,0.0,,0,0,0,100,50,0,0,0,0,0.0593
2026-07-31T04:17:07.378Z,29.49,70.73,431.54,0,1,29,23.88,59.85,,955.4,0,0,27.77,55.95,613.3,0,2,134,,0.0,,0,0,0,17.67,82.76,480.85,0,2,71,,0.0,,0,0,0,,0.0,,0,0,0,,0.0,,0,0,0,,0.0,,0,0,0,100,50,0,0,0,0,0.0593
2026-07-31T04:17:12.378Z,29.49,70.73,429.69,0,1,29,23.88,59.84,,955.4,0,0,27.78,55.91,613.17,0,2,140,,0.0,,0,0,0,17.67,82.78,480.26,0,2,59,,0.0,,0,0,0,,0.0,,0,0,0,,0.0,,0,0,0,,0.0,,0,0,0,100,50,0,0,0,0,0.0593
2026-07-31T04:17:17.378Z,29.49,70.76,432.22,0,1,49,23.89,59.85,,955.4,0,0,27.78,55.9,613.35,0,2,142,,0.0,,0,0,0,17.67,82.77,480.24,0,1,61,,0.0,,0,0,0,,0.0,,0,0,0,,0.0,,0,0,0,,0.0,,0,0,0,100,50,0,0,0,0,0.0593
2026-07-31T04:17:22.385Z,29.49,70.82,437.7,0,2,65,23.89,59.85,,955.4,0,0,27.78,55.89,614.71,0,2,150,,0.0,,0,0,0,17.68,82.76,481.81,0,2,70,,0.0,,0,0,0,,0.0,,0,0,0,,0.0,,0,0,0,,0.0,,0,0,0,100,50,0,0,0,0,0.0593
2026-07-31T04:17:27.379Z,29.49,70.92,442.13,0,1,63,23.89,59.86,,955.4,0,0,27.78,55.89,612.14,0,2,125,,0.0,,0,0,0,17.69,82.75,481.53,0,1,61,,0.0,,0,0,0,,0.0,,0,0,0,,0.0,,0,0,0,,0.0,,0,0,0,100,50,0,0,0,0,0.0593
2026-07-31T04:17:32.378Z,29.49,71.04,445.12,0,1,57,23.89,59.86,,955.3,0,0,27.78,55.88,612.73,0,2,144,,0.0,,0,0,0,17.7,82.73,480.08,0,1,55,,0.0,,0,0,0,,0.0,,0,0,0,,0.0,,0,0,0,,0.0,,0,0,0,100,50,0,0,0,0,0.0593
2026-07-31T04:17:37.384Z,29.51,71.18,448.5,0,1,61,23.89,59.87,,955.3,0,0,27.79,55.87,611.26,0,2,130,,0.0,,0,0,0,17.71,82.72,481.67,0,2,70,,0.0,,0,0,0,,0.0,,0,0,0,,0.0,,0,0,0,,0.0,,0,0,0,100,50,0,0,0,0,0.0593
2026-07-31T04:17:42.378Z,29.51,71.31,451.15,0,1,59,23.89,59.87,,955.4,0,0,27.79,55.86,610.83,0,2,137,,0.0,,0,0,0,17.72,82.7,479.3,0,1,50,,0.0,,0,0,0,,0.0,,0,0,0,,0.0,,0,0,0,,0.0,,0,0,0,100,50,0,0,0,0,0.0593
2026-07-31T04:17:47.378Z,29.52,71.43,452.94,0,1,56,23.89,59.87,,955.4,0,0,27.79,55.83,609.25,0,2,128,,0.0,,0,0,0,17.73,82.68,478.77,0,1,58,,0.0,,0,0,0,,0.0,,0,0,0,,0.0,,0,0,0,,0.0,,0,0,0,100,50,0,0,0,0,0.0593
2026-07-31T04:17:52.379Z,29.54,71.55,453.34,0,1,50,23.89,59.88,,955.4,0,0,27.79,55.81,609.72,0,2,141,,0.0,,0,0,0,17.73,82.64,476.4,0,1,49,,0.0,,0,0,0,,0.0,,0,0,0,,0.0,,0,0,0,,0.0,,0,0,0,100,50,0,0,0,0,0.0593
2026-07-31T04:17:57.385Z,29.56,71.64,457.81,0,2,71,23.89,59.86,,955.4,0,0,27.79,55.78,608.55,0,2,131,,0.0,,0,0,0,17.74,82.6,475.86,0,1,57,,0.0,,0,0,0,,0.0,,0,0,0,,0.0,,0,0,0,,0.0,,0,0,0,100,50,0,0,0,0,0.0593
2026-07-31T04:18:02.378Z,29.57,71.73,462.33,0,2,73,23.89,59.84,,955.4,0,0,27.79,55.75,610.6,0,2,152,,0.0,,0,0,0,17.75,82.56,478.27,0,2,72,,0.0,,0,0,0,,0.0,,0,0,0,,0.0,,0,0,0,,0.0,,0,0,0,100,50,0,0,0,0,0.0593
2026-07-31T04:18:07.378Z,29.58,71.81,465.6,0,2,70,23.9,59.85,,955.4,0,0,27.79,55.72,610.54,0,2,138,,0.0,,0,0,0,17.76,82.51,478.24,0,1,60,,0.0,,0,0,0,,0.0,,0,0,0,,0.0,,0,0,0,,0.0,,0,0,0,100,50,0,0,0,0,0.0593
2026-07-31T04:18:12.383Z,29.6,71.89,469.14,0,2,73,23.91,59.82,,955.4,0,0,27.79,55.71,611.38,0,2,144,,0.0,,0,0,0,17.78,82.45,478.92,0,1,64,,0.0,,0,0,0,,0.0,,0,0,0,,0.0,,0,0,0,,0.0,,0,0,0,100,50,0,0,0,0,0.0593
2026-07-31T04:18:17.450Z,29.61,71.95,471.52,0,2,68,23.91,59.8,,955.4,0,0,27.79,55.7,611.04,0,2,137,,0.0,,0,0,0,17.79,82.4,478.73,0,1,60,,0.0,,0,0,0,,0.0,,0,0,0,,0.0,,0,0,0,,0.0,,0,0,0,100,50,0,0,0,0,0.0593
2026-07-31T04:18:22.383Z,29.62,71.98,471.47,0,1,57,23.92,59.8,,955.4,0,0,27.8,55.7,612.84,0,2,152,,0.0,,0,0,0,17.8,82.33,476.75,0,1,51,,0.0,,0,0,0,,0.0,,0,0,0,,0.0,,0,0,0,,0.0,,0,0,0,100,50,0,0,0,0,0.0593
2026-07-31T04:18:27.384Z,29.61,71.94,470.02,0,1,50,23.93,59.8,,955.3,0,0,27.81,55.72,610.36,0,2,124,,0.0,,0,0,0,17.81,82.25,473.48,0,1,44,,0.0,,0,0,0,,0.0,,0,0,0,,0.0,,0,0,0,,0.0,,0,0,0,100,50,0,0,0,0,0.0593
2026-07-31T04:18:32.383Z,29.61,71.89,467.12,0,1,42,23.94,59.8,,955.4,0,0,27.82,55.74,612.92,0,2,157,,0.0,,0,0,0,17.82,82.19,474.33,0,1,63,,0.0,,0,0,0,,0.0,,0,0,0,,0.0,,0,0,0,,0.0,,0,0,0,100,50,0,0,0,0,0.0593
2026-07-31T04:18:37.383Z,29.61,71.85,464.81,0,1,44,23.94,59.8,,955.4,0,0,27.83,55.76,616.23,0,2,164,,0.0,,0,0,0,17.83,82.13,474.2,0,1,58,,0.0,,0,0,0,,0.0,,0,0,0,,0.0,,0,0,0,,0.0,,0,0,0,100,50,0,0,0,0,0.0593
2026-07-31T04:18:42.383Z,29.62,71.8,463.73,0,1,49,23.95,59.8,,955.4,0,0,27.84,55.8,619.71,0,2,168,,0.0,,0,0,0,17.83,82.07,474.98,0,1,62,,0.0,,0,0,0,,0.0,,0,0,0,,0.0,,0,0,0,,0.0,,0,0,0,100,50,0,0,0,0,0.0593
2026-07-31T04:18:47.383Z,29.63,71.74,464.56,0,1,57,23.95,59.79,,955.4,0,0,27.84,55.83,620.43,0,2,151,,0.0,,0,0,0,17.84,82.0,473.08,0,1,50,,0.0,,0,0,0,,0.0,,0,0,0,,0.0,,0,0,0,,0.0,,0,0,0,100,50,0,0,0,0,0.0593
2026-07-31T04:18:52.383Z,29.64,71.68,464.4,0,1,53,23.96,59.78,,955.4,0,0,27.85,55.86,622.29,0,2,159,,0.0,,0,0,0,17.85,81.94,472.17,0,1,53,,0.0,,0,0,0,,0.0,,0,0,0,,0.0,,0,0,0,,0.0,,0,0,0,100,50,0,0,0,0,0.0593
2026-07-31T04:18:57.383Z,29.64,71.6,465.86,0,1,61,23.96,59.77,,955.4,0,0,27.85,55.87,621.76,0,2,143,,0.0,,0,0,0,17.85,81.87,470.95,0,1,52,,0.0,,0,0,0,,0.0,,0,0,0,,0.0,,0,0,0,,0.0,,0,0,0,100,50,0,0,0,0,0.0593
2026-07-31T04:19:02.382Z,29.65,71.55,465.27,0,1,51,23.97,59.77,,955.4,0,0,27.86,55.88,622.49,0,2,152,,0.0,,0,0,0,17.86,81.8,471.16,0,1,58,,0.0,,0,0,0,,0.0,,0,0,0,,0.0,,0,0,0,,0.0,,0,0,0,100,50,0,0,0,0,0.0593
2026-07-31T04:19:07.382Z,29.65,71.54,464.25,0,1,49,23.97,59.76,,955.4,0,0,27.86,55.87,626.34,0,2,175,,0.0,,0,0,0,17.86,81.74,471.04,0,1,57,,0.0,,0,0,0,,0.0,,0,0,0,,0.0,,0,0,0,,0.0,,0,0,0,100,50,0,0,0,0,0.0593
2026-07-31T04:19:12.383Z,29.66,71.47,464.82,0,1,57,23.97,59.75,,955.4,0,0,27.87,55.89,629.5,0,2,173,,0.0,,0,0,0,17.86,81.68,468.74,0,1,45,,0.0,,0,0,0,,0.0,,0,0,0,,0.0,,0,0,0,,0.0,,0,0,0,100,50,0,0,0,0,0.0593
2026-07-31T04:19:17.382Z,29.66,71.4,462.94,0,1,45,23.98,59.73,,955.3,0,0,27.87,55.88,629.55,0,2,153,,0.0,,0,0,0,17.87,81.62,467.57,0,1,50,,0.0,,0,0,0,,0.0,,0,0,0,,0.0,,0,0,0,,0.0,,0,0,0,100,50,0,0,0,0,0.0593
2026-07-31T04:19:22.378Z,29.67,71.26,463.15,0,1,54,23.98,59.71,,955.3,0,0,27.87,55.87,630.0,0,2,156,,0.0,,0,0,0,17.87,81.57,466.31,0,1,49,,0.0,,0,0,0,,0.0,,0,0,0,,0.0,,0,0,0,,0.0,,0,0,0,100,50,0,0,0,0,0.0593
2026-07-31T04:19:27.382Z,29.67,71.09,460.33,0,1,40,23.98,59.68,,955.4,0,0,27.88,55.83,629.4,0,2,148,,0.0,,0,0,0,17.87,81.52,464.58,0,1,46,,0.0,,0,0,0,,0.0,,0,0,0,,0.0,,0,0,0,,0.0,,0,0,0,100,50,0,0,0,0,0.0593
2026-07-31T04:19:32.382Z,29.67,70.92,455.3,0,1,28,23.98,59.67,,955.4,0,0,27.88,55.81,630.86,0,2,162,,0.0,,0,0,0,17.88,81.48,463.62,0,1,49,,0.0,,0,0,0,,0.0,,0,0,0,,0.0,,0,0,0,,0.0,,0,0,0,100,50,0,0,0,0,0.0593
2026-07-31T04:19:37.381Z,29.67,70.73,451.77,0,1,33,23.98,59.65,,955.4,0,0,27.88,55.79,630.77,0,2,152,,0.0,,0,0,0,17.88,81.44,461.66,0,1,44,,0.0,,0,0,0,,0.0,,0,0,0,,0.0,,0,0,0,,0.0,,0,0,0,100,50,0,0,0,0,0.0593
2026-07-31T04:19:42.380Z,29.68,70.55,450.49,0,1,41,23.99,59.63,,955.4,0,0,27.88,55.77,631.6,0,2,159,,0.0,,0,0,0,17.88,81.41,459.09,0,1,40,,0.0,,0,0,0,,0.0,,0,0,0,,0.0,,0,0,0,,0.0,,0,0,0,100,50,0,0,0,0,0.0593
2026-07-31T04:19:47.381Z,29.68,70.39,447.04,0,1,31,23.99,59.62,,955.3,0,0,27.88,55.73,632.24,0,2,158,,0.0,,0,0,0,17.88,81.38,458.08,0,1,46,,0.0,,0,0,0,,0.0,,0,0,0,,0.0,,0,0,0,,0.0,,0,0,0,100,50,0,0,0,0,0.0593
2026-07-31T04:19:52.381Z,29.68,70.26,445.64,0,1,39,23.99,59.61,,955.3,0,0,27.89,55.7,628.41,0,2,128,,0.0,,0,0,0,17.88,81.35,458.27,0,1,52,,0.0,,0,0,0,,0.0,,0,0,0,,0.0,,0,0,0,,0.0,,0,0,0,100,50,0,0,0,0,0.0593
2026-07-31T04:19:57.381Z,29.68,70.17,446.47,0,1,49,23.99,59.59,,955.3,0,0,27.89,55.65,628.57,0,2,153,,0.0,,0,0,0,17.88,81.33,457.35,0,1,46,,0.0,,0,0,0,,0.0,,0,0,0,,0.0,,0,0,0,,0.0,,0,0,0,100,50,0,0,0,0,0.0593
2026-07-31T04:20:02.380Z,29.69,70.1,443.43,0,1,31,23.99,59.57,,955.3,0,0,27.89,55.6,628.01,0,2,147,,0.0,,0,0,0,17.87,81.3,456.21,0,1,45,,0.0,,0,0,0,,0.0,,0,0,0,,0.0,,0,0,0,,0.0,,0,0,0,100,50,0,0,0,0,0.0593
2026-07-31T04:20:07.380Z,29.69,70.09,441.48,0,1,34,23.99,59.55,,955.3,0,0,27.89,55.56,626.81,0,2,142,,0.0,,0,0,0,17.86,81.27,454.99,0,1,44,,0.0,,0,0,0,,0.0,,0,0,0,,0.0,,0,0,0,,0.0,,0,0,0,100,50,0,0,0,0,0.0593
2026-07-31T04:20:12.380Z,29.68,70.1,437.74,0,1,25,24.0,59.54,,955.3,0,0,27.89,55.52,627.13,0,2,152,,0.0,,0,0,0,17.86,81.22,454.39,0,1,46,,0.0,,0,0,0,,0.0,,0,0,0,,0.0,,0,0,0,,0.0,,0,0,0,100,50,0,0,0,0,0.0593
2026-07-31T04:20:17.381Z,29.67,70.08,435.66,0,1,31,24.01,59.51,,955.3,0,0,27.89,55.47,626.12,0,2,143,,0.0,,0,0,0,17.85,81.19,453.35,0,1,44,,0.0,,0,0,0,,0.0,,0,0,0,,0.0,,0,0,0,,0.0,,0,0,0,100,50,0,0,0,0,0.0593
2026-07-31T04:20:22.381Z,29.66,70.09,432.1,0,1,19,24.02,59.49,,955.3,0,0,27.89,55.42,626.11,0,2,150,,0.0,,0,0,0,17.85,81.16,454.62,0,1,54,,0.0,,0,0,0,,0.0,,0,0,0,,0.0,,0,0,0,,0.0,,0,0,0,100,50,0,0,0,0,0.0593
2026-07-31T04:20:27.380Z,29.66,70.1,429.09,0,1,25,24.03,59.47,,955.3,0,0,27.89,55.38,626.8,0,2,154,,0.0,,0,0,0,17.84,81.14,454.66,0,1,49,,0.0,,0,0,0,,0.0,,0,0,0,,0.0,,0,0,0,,0.0,,0,0,0,100,50,0,0,0,0,0.0593
2026-07-31T04:20:32.380Z,29.65,70.1,433.08,0,1,56,24.04,59.46,,955.3,0,0,27.89,55.34,625.52,0,2,141,,0.0,,0,0,0,17.84,81.1,455.09,0,1,51,,0.0,,0,0,0,,0.0,,0,0,0,,0.0,,0,0,0,,0.0,,0,0,0,100,50,0,0,0,0,0.0593
2026-07-31T04:20:37.452Z,29.65,70.11,437.67,0,1,61,24.04,59.44,,955.3,0,0,27.89,55.31,624.96,0,2,146,,0.0,,0,0,0,17.83,81.06,454.98,0,1,49,,0.0,,0,0,0,,0.0,,0,0,0,,0.0,,0,0,0,,0.0,,0,0,0,100,50,0,0,0,0,0.0593
2026-07-31T04:20:42.379Z,29.64,70.14,442.6,0,2,65,24.05,59.43,,955.3,0,0,27.9,55.28,625.37,0,2,152,,0.0,,0,0,0,17.83,81.03,457.98,0,1,64,,0.0,,0,0,0,,0.0,,0,0,0,,0.0,,0,0,0,,0.0,,0,0,0,100,50,0,0,0,0,0.0593
2026-07-31T04:20:47.379Z,29.64,70.19,443.24,0,1,46,24.05,59.41,,955.3,0,0,27.9,55.25,624.13,0,2,140,,0.0,,0,0,0,17.83,81.0,462.68,0,2,75,,0.0,,0,0,0,,0.0,,0,0,0,,0.0,,0,0,0,,0.0,,0,0,0,100,50,0,0,0,0,0.0593
2026-07-31T04:20:52.379Z,29.63,70.27,444.42,0,1,49,24.06,59.39,,955.0,0,0,27.9,55.22,622.32,0,2,136,,0.0,,0,0,0,17.82,81.01,466.02,0,2,70,,0.0,,0,0,0,,0.0,,0,0,0,,0.0,,0,0,0,,0.0,,0,0,0,100,50,0,0,0,0,0.0593
2026-07-31T04:20:57.379Z,29.63,70.34,446.38,0,1,53,24.06,59.37,,955.0,0,0,27.9,55.2,622.14,0,2,178,,0.0,,0,0,0,17.82,81.02,466.71,0,1,58,,0.0,,0,0,0,,0.0,,0,0,0,,0.0,,0,0,0,,0.0,,0,0,0,100,50,0,0,0,0,0.0593
2026-07-31T04:21:02.379Z,29.63,70.38,446.64,0,1,46,24.07,59.36,,955.2,0,0,27.9,55.23,623.42,0,2,156,,0.0,,0,0,0,17.82,81.07,467.94,0,1,61,,0.0,,0,0,0,,0.0,,0,0,0,,0.0,,0,0,0,,0.0,,0,0,0,100,50,0,0,0,0,0.0593
2026-07-31T04:21:07.379Z,29.62,70.38,446.77,0,1,46,24.07,59.59,,955.4,0,0,27.9,55.38,622.38,0,2,140,,0.0,,0,0,0,17.82,81.11,469.65,0,1,64,,0.0,,0,0,0,,0.0,,0,0,0,,0.0,,0,0,0,,0.0,,0,0,0,100,50,0,0,0,0,0.0593
2026-07-31T04:21:12.379Z,29.62,70.34,447.7,0,1,49,24.07,59.8,,955.4,0,0,27.9,55.51,622.44,0,2,147,,0.0,,0,0,0,17.82,81.17,472.18,0,2,69,,0.0,,0,0,0,,0.0,,0,0,0,,0.0,,0,0,0,,0.0,,0,0,0,100,50,0,0,0,0,0.0593
2026-07-31T04:21:17.379Z,29.62,70.3,445.43,0,1,35,24.08,59.87,,955.3,0,0,27.9,55.6,620.6,0,2,134,,0.0,,0,0,0,17.81,81.19,476.57,0,2,81,,0.0,,0,0,0,,0.0,,0,0,0,,0.0,,0,0,0,,0.0,,0,0,0,100,50,0,0,0,0,0.0593
2026-07-31T04:21:22.379Z,29.61,70.28,447.88,0,1,56,24.08,59.93,,955.3,0,0,27.9,55.68,618.94,0,2,134,,0.0,,0,0,0,17.81,81.21,477.31,0,1,64,,0.0,,0,0,0,,0.0,,0,0,0,,0.0,,0,0,0,,0.0,,0,0,0,100,50,0,0,0,0,0.0593
2026-07-31T04:21:27.378Z,29.61,70.28,449.0,0,1,51,24.08,59.93,,955.3,0,0,27.9,55.7,618.54,0,2,142,,0.0,,0,0,0,17.81,81.2,478.58,0,2,67,,0.0,,0,0,0,,0.0,,0,0,0,,0.0,,0,0,0,,0.0,,0,0,0,100,50,0,0,0,0,0.0593
2026-07-31T04:21:32.379Z,29.61,70.29,448.9,0,1,46,24.08,59.91,,955.3,0,0,27.89,55.71,616.09,0,2,128,,0.0,,0,0,0,17.81,81.17,478.92,0,1,62,,0.0,,0,0,0,,0.0,,0,0,0,,0.0,,0,0,0,,0.0,,0,0,0,100,50,0,0,0,0,0.0593
2026-07-31T04:21:37.379Z,29.61,70.3,448.21,0,1,43,24.08,59.89,,955.3,0,0,27.88,55.72,613.58,0,2,126,,0.0,,0,0,0,17.81,81.15,480.13,0,2,67,,0.0,,0,0,0,,0.0,,0,0,0,,0.0,,0,0,0,,0.0,,0,0,0,100,50,0,0,0,0,0.0593
2026-07-31T04:21:42.381Z,29.61,70.34,449.99,0,1,55,24.09,59.87,,955.3,0,0,27.87,55.73,612.22,0,2,132,,0.0,,0,0,0,17.81,81.12,482.92,0,2,76,,0.0,,0,0,0,,0.0,,0,0,0,,0.0,,0,0,0,,0.0,,0,0,0,100,50,0,0,0,0,0.0593
2026-07-31T04:21:47.383Z,29.6,70.38,452.09,0,1,57,24.09,59.86,,955.3,0,0,27.86,55.74,612.6,0,2,142,,0.0,,0,0,0,17.81,81.1,482.72,0,1,62,,0.0,,0,0,0,,0.0,,0,0,0,,0.0,,0,0,0,,0.0,,0,0,0,100,50,0,0,0,0,0.0593
2026-07-31T04:21:52.379Z,29.61,70.45,455.58,0,2,65,24.09,59.86,,955.3,0,0,27.86,55.74,613.64,0,2,147,,0.0,,0,0,0,17.81,81.08,481.15,0,1,55,,0.0,,0,0,0,,0.0,,0,0,0,,0.0,,0,0,0,,0.0,,0,0,0,100,50,0,0,0,0,0.0593
2026-07-31T04:21:57.382Z,29.62,70.52,458.32,0,1,63,24.09,59.83,,955.4,0,0,27.85,55.75,610.68,0,2,121,,0.0,,0,0,0,17.81,81.04,480.74,0,1,60,,0.0,,0,0,0,,0.0,,0,0,0,,0.0,,0,0,0,,0.0,,0,0,0,100,50,0,0,0,0,0.0593
2026-07-31T04:22:02.382Z,29.63,70.59,458.19,0,1,50,24.09,59.81,,955.4,0,0,27.85,55.75,606.61,0,2,113,,0.0,,0,0,0,17.81,81.01,478.76,0,1,52,,0.0,,0,0,0,,0.0,,0,0,0,,0.0,,0,0,0,,0.0,,0,0,0,100,50,0,0,0,0,0.0593
2026-07-31T04:22:07.381Z,29.64,70.61,458.07,0,1,50,24.09,59.78,,955.3,0,0,27.84,55.74,606.25,0,2,134,,0.0,,0,0,0,17.8,80.98,478.59,0,1,60,,0.0,,0,0,0,,0.0,,0,0,0,,0.0,,0,0,0,,0.0,,0,0,0,100,50,0,0,0,0,0.0593
2026-07-31T04:22:12.384Z,29.64,70.62,457.56,0,1,48,24.09,59.75,,955.3,0,0,27.84,55.72,603.72,0,2,119,,0.0,,0,0,0,17.8,80.95,477.93,0,1,57,,0.0,,0,0,0,,0.0,,0,0,0,,0.0,,0,0,0,,0.0,,0,0,0,100,50,0,0,0,0,0.0593
2026-07-31T04:22:17.378Z,29.64,70.63,456.21,0,1,44,24.09,59.72,,955.3,0,0,27.83,55.71,602.55,0,2,126,,0.0,,0,0,0,17.8,80.91,475.84,0,1,50,,0.0,,0,0,0,,0.0,,0,0,0,,0.0,,0,0,0,,0.0,,0,0,0,100,50,0,0,0,0,0.0593
2026-07-31T04:22:22.378Z,29.64,70.64,453.59,0,1,37,24.09,59.7,,955.3,0,0,27.83,55.7,601.5,0,2,126,,0.0,,0,0,0,17.8,80.88,474.95,0,1,55,,0.0,,0,0,0,,0.0,,0,0,0,,0.0,,0,0,0,,0.0,,0,0,0,100,50,0,0,0,0,0.0593
2026-07-31T04:22:27.378Z,29.63,70.64,450.83,0,1,36,24.09,59.67,,955.4,0,0,27.82,55.68,599.75,0,2,122,,0.0,,0,0,0,17.8,80.85,476.36,0,2,66,,0.0,,0,0,0,,0.0,,0,0,0,,0.0,,0,0,0,,0.0,,0,0,0,100,50,0,0,0,0,0.0593
2026-07-31T04:22:32.378Z,29.63,70.64,448.24,0,1,35,24.08,59.63,,955.4,0,0,27.81,55.65,598.47,0,2,124,,0.0,,0,0,0,17.8,80.83,478.12,0,2,69,,0.0,,0,0,0,,0.0,,0,0,0,,0.0,,0,0,0,,0.0,,0,0,0,100,50,0,0,0,0,0.0593
2026-07-31T04:22:37.384Z,29.63,70.64,444.22,0,1,27,24.08,59.6,,955.3,0,0,27.8,55.63,598.32,0,2,130,,0.0,,0,0,0,17.8,80.81,476.41,0,1,52,,0.0,,0,0,0,,0.0,,0,0,0,,0.0,,0,0,0,,0.0,,0,0,0,100,50,0,0,0,0,0.0593
2026-07-31T04:22:42.383Z,29.62,70.62,441.0,0,1,29,24.07,59.57,,955.3,0,0,27.79,55.6,596.99,0,2,122,,0.0,,0,0,0,17.8,80.79,475.37,0,1,54,,0.0,,0,0,0,,0.0,,0,0,0,,0.0,,0,0,0,,0.0,,0,0,0,100,50,0,0,0,0,0.0593
2026-07-31T04:22:47.379Z,29.62,70.59,438.0,0,1,28,24.06,59.54,,955.3,0,0,27.78,55.58,596.49,0,2,126,,0.0,,0,0,0,17.8,80.75,475.53,0,1,60,,0.0,,0,0,0,,0.0,,0,0,0,,0.0,,0,0,0,,0.0,,0,0,0,100,50,0,0,0,0,0.0593
2026-07-31T04:22:52.383Z,29.62,70.53,434.2,0,1,22,24.06,59.51,,955.3,0,0,27.77,55.56,597.94,0,2,139,,0.0,,0,0,0,17.8,80.71,473.98,0,1,52,,0.0,,0,0,0,,0.0,,0,0,0,,0.0,,0,0,0,,0.0,,0,0,0,100,50,0,0,0,0,0.0593
2026-07-31T04:22:57.383Z,29.61,70.52,432.08,0,1,29,24.05,59.47,,955.3,0,0,27.76,55.53,598.05,0,2,131,,0.0,,0,0,0,17.8,80.69,472.78,0,1,52,,0.0,,0,0,0,,0.0,,0,0,0,,0.0,,0,0,0,,0.0,,0,0,0,100,50,0,0,0,0,0.0593
2026-07-31T04:23:02.383Z,29.6,70.56,429.97,0,1,29,24.05,59.43,,955.3,0,0,27.76,55.51,596.24,0,2,119,,0.0,,0,0,0,17.8,80.67,472.3,0,1,56,,0.0,,0,0,0,,0.0,,0,0,0,,0.0,,0,0,0,,0.0,,0,0,0,100,50,0,0,0,0,0.0593
2026-07-31T04:23:07.383Z,29.59,70.61,428.67,0,1,31,24.04,59.4,,955.3,0,0,27.75,55.48,595.82,0,2,127,,0.0,,0,0,0,17.8,80.64,469.57,0,1,44,,0.0,,0,0,0,,0.0,,0,0,0,,0.0,,0,0,0,,0.0,,0,0,0,100,50,0,0,0,0,0.0593
2026-07-31T04:23:12.382Z,29.59,70.66,429.21,0,1,39,24.04,59.37,,955.3,0,0,27.75,55.45,595.54,0,2,128,,0.0,,0,0,0,17.8,80.61,469.31,0,1,55,,0.0,,0,0,0,,0.0,,0,0,0,,0.0,,0,0,0,,0.0,,0,0,0,100,50,0,0,0,0,0.0593
2026-07-31T04:23:17.382Z,29.59,70.7,426.29,0,1,24,24.03,59.34,,955.3,0,0,27.74,55.42,592.88,0,2,112,,0.0,,0,0,0,17.8,80.58,466.28,0,1,42,,0.0,,0,0,0,,0.0,,0,0,0,,0.0,,0,0,0,,0.0,,0,0,0,100,50,0,0,0,0,0.0593
2026-07-31T04:23:22.383Z,29.59,70.74,423.66,0,1,21,24.03,59.32,,955.3,0,0,27.73,55.4,590.9,0,2,115,,0.0,,0,0,0,17.8,80.55,462.25,0,1,35,,0.0,,0,0,0,,0.0,,0,0,0,,0.0,,0,0,0,,0.0,,0,0,0,100,50,0,0,0,0,0.0593
2026-07-31T04:23:27.383Z,29.59,70.75,421.29,0,1,14,24.03,59.29,,955.3,0,0,27.71,55.38,589.41,0,2,116,,0.0,,0,0,0,17.8,80.51,458.73,0,1,36,,0.0,,0,0,0,,0.0,,0,0,0,,0.0,,0,0,0,,0.0,,0,0,0,100,50,0,0,0,0,0.0593
2026-07-31T04:23:32.383Z,29.59,70.73,420.96,0,1,32,24.02,59.26,,955.3,0,0,27.7,55.36,590.17,0,2,130,,0.0,,0,0,0,17.8,80.47,455.26,0,1,34,,0.0,,0,0,0,,0.0,,0,0,0,,0.0,,0,0,0,,0.0,,0,0,0,100,50,0,0,0,0,0.0593
2026-07-31T04:23:37.382Z,29.59,70.73,422.87,0,1,42,24.02,59.23,,955.3,0,0,27.69,55.34,588.05,0,2,112,,0.0,,0,0,0,17.8,80.41,452.03,0,1,34,,0.0,,0,0,0,,0.0,,0,0,0,,0.0,,0,0,0,,0.0,,0,0,0,100,50,0,0,0,0,0.0593
2026-07-31T04:23:42.382Z,29.59,70.73,425.48,0,1,46,24.02,59.2,,955.3,0,0,27.68,55.31,585.64,0,2,109,,0.0,,0,0,0,17.8,80.36,450.73,0,1,41,,0.0,,0,0,0,,0.0,,0,0,0,,0.0,,0,0,0,,0.0,,0,0,0,100,50,0,0,0,0,0.0593
2026-07-31T04:23:47.381Z,29.59,70.74,425.43,0,1,35,24.02,59.16,,955.2,0,0,27.67,55.28,583.78,0,2,111,,0.0,,0,0,0,17.8,80.31,450.75,0,1,47,,0.0,,0,0,0,,0.0,,0,0,0,,0.0,,0,0,0,,0.0,,0,0,0,100,50,0,0,0,0,0.0593
2026-07-31T04:23:52.381Z,29.59,70.8,426.09,0,1,38,24.02,59.12,,955.2,0,0,27.67,55.25,580.9,0,2,103,,0.0,,0,0,0,17.8,80.27,450.58,0,1,46,,0.0,,0,0,0,,0.0,,0,0,0,,0.0,,0,0,0,,0.0,,0,0,0,100,50,0,0,0,0,0.0593
2026-07-31T04:23:57.382Z,29.6,70.87,427.68,0,1,43,24.0,59.09,,955.4,0,0,27.66,55.23,579.71,0,2,112,,0.0,,0,0,0,17.8,80.22,450.92,0,1,49,,0.0,,0,0,0,,0.0,,0,0,0,,0.0,,0,0,0,,0.0,,0,0,0,100,50,0,0,0,0,0.0593
2026-07-31T04:24:02.382Z,29.61,70.95,429.91,0,1,47,24.0,59.05,,955.3,0,0,27.65,55.2,577.44,0,2,104,,0.0,,0,0,0,17.8,80.18,449.63,0,1,41,,0.0,,0,0,0,,0.0,,0,0,0,,0.0,,0,0,0,,0.0,,0,0,0,100,50,0,0,0,0,0.0593
2026-07-31T04:24:07.380Z,29.62,71.05,431.22,0,1,43,23.99,59.01,,955.3,0,0,27.65,55.17,578.9,0,2,127,,0.0,,0,0,0,17.8,80.14,448.27,0,1,40,,0.0,,0,0,0,,0.0,,0,0,0,,0.0,,0,0,0,,0.0,,0,0,0,100,50,0,0,0,0,0.0593
2026-07-31T04:24:12.382Z,29.62,71.13,432.2,0,1,42,23.98,58.97,,955.3,0,0,27.64,55.14,577.01,0,2,107,,0.0,,0,0,0,17.8,80.11,447.54,0,1,42,,0.0,,0,0,0,,0.0,,0,0,0,,0.0,,0,0,0,,0.0,,0,0,0,100,50,0,0,0,0,0.0593
2026-07-31T04:24:17.381Z,29.63,71.21,432.98,0,1,42,23.98,58.93,,955.3,0,0,27.63,55.11,577.11,0,2,118,,0.0,,0,0,0,17.8,80.09,447.39,0,1,45,,0.0,,0,0,0,,0.0,,0,0,0,,0.0,,0,0,0,,0.0,,0,0,0,100,50,0,0,0,0,0.0593
2026-07-31T04:24:22.381Z,29.64,71.22,432.98,0,1,39,23.97,58.9,,955.3,0,0,27.62,55.07,575.9,0,2,110,,0.0,,0,0,0,17.8,80.07,446.05,0,1,39,,0.0,,0,0,0,,0.0,,0,0,0,,0.0,,0,0,0,,0.0,,0,0,0,100,50,0,0,0,0,0.0593
2026-07-31T04:24:27.381Z,29.64,71.17,432.28,0,1,35,23.96,58.86,,955.3,0,0,27.62,55.05,575.31,0,2,112,,0.0,,0,0,0,17.8,80.05,446.34,0,1,46,,0.0,,0,0,0,,0.0,,0,0,0,,0.0,,0,0,0,,0.0,,0,0,0,100,50,0,0,0,0,0.0593
2026-07-31T04:24:32.381Z,29.65,71.16,433.55,0,1,44,23.96,58.82,,955.3,0,0,27.61,55.01,576.48,0,2,123,,0.0,,0,0,0,17.8,80.03,445.81,0,1,42,,0.0,,0,0,0,,0.0,,0,0,0,,0.0,,0,0,0,,0.0,,0,0,0,100,50,0,0,0,0,0.0593
2026-07-31T04:24:37.381Z,29.65,71.15,436.2,0,1,51,23.95,58.79,,955.3,0,0,27.61,54.97,575.73,0,2,112,,0.0,,0,0,0,17.8,80.0,444.73,0,1,40,,0.0,,0,0,0,,0.0,,0,0,0,,0.0,,0,0,0,,0.0,,0,0,0,100,50,0,0,0,0,0.0593
2026-07-31T04:24:42.381Z,29.67,71.2,442.58,0,2,72,23.94,58.76,,955.3,0,0,27.61,54.93,576.45,0,2,121,,0.0,,0,0,0,17.8,79.98,443.65,0,1,39,,0.0,,0,0,0,,0.0,,0,0,0,,0.0,,0,0,0,,0.0,,0,0,0,100,50,0,0,0,0,0.0593
2026-07-31T04:24:47.380Z,29.68,71.25,445.72,0,1,58,23.94,58.72,,955.3,0,0,27.6,54.9,574.91,0,2,107,,0.0,,0,0,0,17.8,79.97,442.29,0,1,37,,0.0,,0,0,0,,0.0,,0,0,0,,0.0,,0,0,0,,0.0,,0,0,0,100,50,0,0,0,0,0.0593
2026-07-31T04:24:52.379Z,29.69,71.25,446.15,0,1,47,23.94,58.69,,955.3,0,0,27.59,54.87,573.62,0,2,108,,0.0,,0,0,0,17.8,79.95,441.56,0,1,39,,0.0,,0,0,0,,0.0,,0,0,0,,0.0,,0,0,0,,0.0,,0,0,0,100,50,0,0,0,0,0.0593
2026-07-31T04:24:57.381Z,29.7,71.25,446.23,0,1,45,23.93,58.65,,955.3,0,0,27.58,54.84,573.66,0,2,115,,0.0,,0,0,0,17.8,79.93,440.7,0,1,39,,0.0,,0,0,0,,0.0,,0,0,0,,0.0,,0,0,0,,0.0,,0,0,0,100,50,0,0,0,0,0.0593
2026-07-31T04:25:02.382Z,29.71,71.24,444.61,0,1,37,23.93,58.62,,955.3,0,0,27.57,54.82,572.69,0,2,109,,0.0,,0,0,0,17.8,79.92,440.53,0,1,41,,0.0,,0,0,0,,0.0,,0,0,0,,0.0,,0,0,0,,0.0,,0,0,0,100,50,0,0,0,0,0.0593
2026-07-31T04:25:07.382Z,29.72,71.24,444.95,0,1,46,23.93,58.59,,955.4,0,0,27.57,54.79,572.22,0,2,112,,0.0,,0,0,0,17.8,79.91,438.48,0,1,33,,0.0,,0,0,0,,0.0,,0,0,0,,0.0,,0,0,0,,0.0,,0,0,0,100,50,0,0,0,0,0.0593
2026-07-31T04:25:12.382Z,29.74,71.23,447.15,0,1,55,23.92,58.55,,955.4,0,0,27.56,54.76,571.6,0,2,110,,0.0,,0,0,0,17.8,79.9,439.03,0,1,44,,0.0,,0,0,0,,0.0,,0,0,0,,0.0,,0,0,0,,0.0,,0,0,0,100,50,0,0,0,0,0.0593
2026-07-31T04:25:17.379Z,29.76,71.23,447.74,0,1,48,23.92,58.51,,955.4,0,0,27.55,54.73,570.14,0,2,105,,0.0,,0,0,0,17.8,79.9,439.13,0,1,42,,0.0,,0,0,0,,0.0,,0,0,0,,0.0,,0,0,0,,0.0,,0,0,0,100,50,0,0,0,0,0.0593
2026-07-31T04:25:22.380Z,29.76,71.22,446.97,0,1,42,23.91,58.48,,955.3,0,0,27.55,54.7,567.93,0,2,99,,0.0,,0,0,0,17.8,79.9,439.12,0,1,41,,0.0,,0,0,0,,0.0,,0,0,0,,0.0,,0,0,0,,0.0,,0,0,0,100,50,0,0,0,0,0.0593
2026-07-31T04:25:27.379Z,29.77,71.24,445.17,0,1,37,23.9,58.45,,955.3,0,0,27.54,54.67,565.63,0,2,98,,0.0,,0,0,0,17.8,79.9,441.3,0,1,52,,0.0,,0,0,0,,0.0,,0,0,0,,0.0,,0,0,0,,0.0,,0,0,0,100,50,0,0,0,0,0.0593
2026-07-31T04:25:32.378Z,29.78,71.19,443.45,0,1,36,23.89,58.42,,955.3,0,0,27.53,54.64,564.77,0,2,105,,0.0,,0,0,0,17.8,79.91,440.27,0,1,38,,0.0,,0,0,0,,0.0,,0,0,0,,0.0,,0,0,0,,0.0,,0,0,0,100,50,0,0,0,0,0.0593
2026-07-31T04:25:37.379Z,29.78,71.1,439.71,0,1,26,23.88,58.39,,955.4,0,0,27.52,54.62,561.69,0,2,91,,0.0,,0,0,0,17.8,79.92,439.85,0,1,40,,0.0,,0,0,0,,0.0,,0,0,0,,0.0,,0,0,0,,0.0,,0,0,0,100,50,0,0,0,0,0.0593
2026-07-31T04:25:42.379Z,29.78,71.02,437.74,0,1,32,23.87,58.36,,955.4,0,0,27.5,54.6,558.92,0,2,91,,0.0,,0,0,0,17.8,79.93,439.46,0,1,40,,0.0,,0,0,0,,0.0,,0,0,0,,0.0,,0,0,0,,0.0,,0,0,0,100,50,0,0,0,0,0.0593
2026-07-31T04:25:47.461Z,29.77,70.95,434.36,0,1,25,23.86,58.33,,955.2,0,0,27.49,54.58,556.93,0,2,94,,0.0,,0,0,0,17.8,79.94,440.12,0,1,45,,0.0,,0,0,0,,0.0,,0,0,0,,0.0,,0,0,0,,0.0,,0,0,0,100,50,0,0,0,0,0.0593
2026-07-31T04:25:52.379Z,29.77,70.88,432.63,0,1,31,23.86,58.3,,955.3,0,0,27.48,54.55,555.64,0,2,97,,0.0,,0,0,0,17.8,79.95,441.5,0,1,49,,0.0,,0,0,0,,0.0,,0,0,0,,0.0,,0,0,0,,0.0,,0,0,0,100,50,0,0,0,0,0.0593
2026-07-31T04:25:57.379Z,29.76,70.81,430.96,0,1,31,23.85,58.27,,955.3,0,0,27.48,54.51,554.47,0,2,97,,0.0,,0,0,0,17.8,79.95,441.25,0,1,41,,0.0,,0,0,0,,0.0,,0,0,0,,0.0,,0,0,0,,0.0,,0,0,0,100,50,0,0,0,0,0.0593
2026-07-31T04:26:02.378Z,29.75,70.7,432.47,0,1,45,23.85,58.24,,955.3,0,0,27.47,54.48,554.73,0,2,104,,0.0,,0,0,0,17.8,79.96,439.63,0,1,35,,0.0,,0,0,0,,0.0,,0,0,0,,0.0,,0,0,0,,0.0,,0,0,0,100,50,0,0,0,0,0.0593
2026-07-31T04:26:07.385Z,29.76,70.64,434.22,0,1,47,23.84,58.22,,955.3,0,0,27.46,54.45,554.55,0,2,102,,0.0,,0,0,0,17.8,79.96,437.17,0,1,30,,0.0,,0,0,0,,0.0,,0,0,0,,0.0,,0,0,0,,0.0,,0,0,0,100,50,0,0,0,0,0.0593
2026-07-31T04:26:12.378Z,29.76,70.62,432.0,0,1,29,23.84,58.19,,955.3,0,0,27.46,54.42,554.4,0,2,102,,0.0,,0,0,0,17.8,79.96,435.25,0,1,32,,0.0,,0,0,0,,0.0,,0,0,0,,0.0,,0,0,0,,0.0,,0,0,0,100,50,0,0,0,0,0.0593
2026-07-31T04:26:17.378Z,29.77,70.62,429.2,0,1,26,23.83,58.16,,955.3,0,0,27.45,54.39,551.36,0,2,85,,0.0,,0,0,0,17.8,79.95,434.02,0,1,34,,0.0,,0,0,0,,0.0,,0,0,0,,0.0,,0,0,0,,0.0,,0,0,0,100,50,0,0,0,0,0.0593
2026-07-31T04:26:22.378Z,29.77,70.65,427.88,0,1,31,23.83,58.12,,955.3,0,0,27.44,54.37,549.82,0,2,92,,0.0,,0,0,0,17.8,79.95,434.42,0,1,41,,0.0,,0,0,0,,0.0,,0,0,0,,0.0,,0,0,0,,0.0,,0,0,0,100,50,0,0,0,0,0.0593
2026-07-31T04:26:27.378Z,29.77,70.69,427.59,0,1,35,23.83,58.09,,955.3,0,0,27.44,54.35,545.74,0,2,77,,0.0,,0,0,0,17.8,79.94,434.68,0,1,40,,0.0,,0,0,0,,0.0,,0,0,0,,0.0,,0,0,0,,0.0,,0,0,0,100,50,0,0,0,0,0.0593
2026-07-31T04:26:32.378Z,29.78,70.76,426.93,0,1,33,23.82,58.06,,955.3,0,0,27.44,54.32,544.27,0,2,89,,0.0,,0,0,0,17.8,79.94,434.71,0,1,40,,0.0,,0,0,0,,0.0,,0,0,0,,0.0,,0,0,0,,0.0,,0,0,0,100,50,0,0,0,0,0.0593
2026-07-31T04:26:37.378Z,29.78,70.81,424.84,0,1,26,23.82,58.03,,955.2,0,0,27.43,54.28,544.84,0,2,101,,0.0,,0,0,0,17.8,79.94,436.44,0,1,48,,0.0,,0,0,0,,0.0,,0,0,0,,0.0,,0,0,0,,0.0,,0,0,0,100,50,0,0,0,0,0.0593
2026-07-31T04:26:42.383Z,29.78,70.86,424.15,0,1,32,23.82,58.01,,955.2,0,0,27.43,54.26,544.36,0,2,95,,0.0,,0,0,0,17.8,79.95,434.9,0,1,33,,0.0,,0,0,0,,0.0,,0,0,0,,0.0,,0,0,0,,0.0,,0,0,0,100,50,0,0,0,0,0.0593
2026-07-31T04:26:47.378Z,29.78,70.91,427.14,0,1,48,23.81,57.98,,955.3,0,0,27.43,54.23,544.42,0,2,98,,0.0,,0,0,0,17.8,79.95,434.21,0,1,36,,0.0,,0,0,0,,0.0,,0,0,0,,0.0,,0,0,0,,0.0,,0,0,0,100,50,0,0,0,0,0.0593
2026-07-31T04:26:52.378Z,29.79,70.96,428.63,0,1,43,23.8,57.94,,955.3,0,0,27.42,54.21,542.68,0,2,87,,0.0,,0,0,0,17.8,79.97,433.99,0,1,38,,0.0,,0,0,0,,0.0,,0,0,0,,0.0,,0,0,0,,0.0,,0,0,0,100,50,0,0,0,0,0.0593
2026-07-31T04:26:57.384Z,29.8,71.01,428.86,0,1,37,23.79,57.91,,955.3,0,0,27.41,54.18,539.21,0,2,77,,0.0,,0,0,0,17.8,79.98,431.89,0,1,30,,0.0,,0,0,0,,0.0,,0,0,0,,0.0,,0,0,0,,0.0,,0,0,0,100,50,0,0,0,0,0.0593
2026-07-31T04:27:02.383Z,29.8,71.02,429.88,0,1,41,23.78,57.88,,955.3,0,0,27.4,54.15,538.99,0,2,93,,0.0,,0,0,0,17.8,80.0,429.8,0,1,29,,0.0,,0,0,0,,0.0,,0,0,0,,0.0,,0,0,0,,0.0,,0,0,0,100,50,0,0,0,0,0.0593
2026-07-31T04:27:07.384Z,29.81,71.05,432.19,0,1,48,23.77,57.85,,955.3,0,0,27.39,54.12,536.49,0,2,80,,0.0,,0,0,0,17.8,80.02,430.32,0,1,39,,0.0,,0,0,0,,0.0,,0,0,0,,0.0,,0,0,0,,0.0,,0,0,0,100,50,0,0,0,0,0.0593
2026-07-31T04:27:12.377Z,29.82,71.05,430.77,0,1,32,23.76,57.82,,955.3,0,0,27.38,54.1,536.94,0,2,95,,0.0,,0,0,0,17.8,80.04,428.29,0,1,28,,0.0,,0,0,0,,0.0,,0,0,0,,0.0,,0,0,0,,0.0,,0,0,0,100,50,0,0,0,0,0.0593
2026-07-31T04:27:17.384Z,29.83,71.03,430.59,0,1,37,23.76,57.8,,955.3,0,0,27.37,54.07,534.75,0,2,80,,0.0,,0,0,0,17.79,80.05,426.96,0,1,30,,0.0,,0,0,0,,0.0,,0,0,0,,0.0,,0,0,0,,0.0,,0,0,0,100,50,0,0,0,0,0.0593
2026-07-31T04:27:22.383Z,29.85,70.99,431.03,0,1,40,23.75,57.78,,955.3,0,0,27.37,54.03,531.87,0,2,76,,0.0,,0,0,0,17.78,80.05,426.06,0,1,32,,0.0,,0,0,0,,0.0,,0,0,0,,0.0,,0,0,0,,0.0,,0,0,0,100,50,0,0,0,0,0.0593
2026-07-31T04:27:27.384Z,29.85,70.89,430.43,0,1,35,23.75,57.76,,955.3,0,0,27.36,54.0,531.09,0,2,85,,0.0,,0,0,0,17.77,80.06,425.06,0,1,31,,0.0,,0,0,0,,0.0,,0,0,0,,0.0,,0,0,0,,0.0,,0,0,0,100,50,0,0,0,0,0.0593
2026-07-31T04:27:32.382Z,29.86,70.76,430.89,0,1,39,23.74,57.74,,955.3,0,0,27.35,53.97,531.18,0,2,90,,0.0,,0,0,0,17.77,80.06,427.15,0,1,45,,0.0,,0,0,0,,0.0,,0,0,0,,0.0,,0,0,0,,0.0,,0,0,0,100,50,0,0,0,0,0.0593
2026-07-31T04:27:37.382Z,29.86,70.64,433.3,0,1,49,23.74,57.71,,955.3,0,0,27.35,53.94,532.36,0,2,96,,0.0,,0,0,0,17.76,80.07,428.54,0,1,42,,0.0,,0,0,0,,0.0,,0,0,0,,0.0,,0,0,0,,0.0,,0,0,0,100,50,0,0,0,0,0.0593
2026-07-31T04:27:42.383Z,29.88,70.54,436.27,0,1,53,23.73,57.68,,955.3,0,0,27.34,53.92,532.52,0,2,91,,0.0,,0,0,0,17.75,80.08,432.68,0,1,57,,0.0,,0,0,0,,0.0,,0,0,0,,0.0,,0,0,0,,0.0,,0,0,0,100,50,0,0,0,0,0.0593
2026-07-31T04:27:47.382Z,29.88,70.46,437.14,0,1,44,23.73,57.65,,955.3,0,0,27.34,53.9,528.07,0,2,65,,0.0,,0,0,0,17.75,80.11,432.41,0,1,37,,0.0,,0,0,0,,0.0,,0,0,0,,0.0,,0,0,0,,0.0,,0,0,0,100,50,0,0,0,0,0.0593
2026-07-31T04:27:52.383Z,29.88,70.35,435.33,0,1,32,23.73,57.63,,955.3,0,0,27.33,53.88,528.36,0,2,89,,0.0,,0,0,0,17.74,80.14,432.77,0,1,40,,0.0,,0,0,0,,0.0,,0,0,0,,0.0,,0,0,0,,0.0,,0,0,0,100,50,0,0,0,0,0.0593
2026-07-31T04:27:57.383Z,29.88,70.22,431.79,0,1,13,23.72,57.6,,955.3,0,0,27.32,53.85,524.33,0,2,66,,0.0,,0,0,0,17.74,80.17,431.6,0,1,33,,0.0,,0,0,0,,0.0,,0,0,0,,0.0,,0,0,0,,0.0,,0,0,0,100,50,0,0,0,0,0.0593
2026-07-31T04:28:02.380Z,29.88,70.07,428.62,0,1,22,23.72,57.57,,955.3,0,0,27.31,53.82,525.49,0,2,92,,0.0,,0,0,0,17.73,80.19,432.34,0,1,41,,0.0,,0,0,0,,0.0,,0,0,0,,0.0,,0,0,0,,0.0,,0,0,0,100,50,0,0,0,0,0.0593
2026-07-31T04:28:07.460Z,29.89,69.95,426.35,0,1,26,23.72,57.54,,955.3,0,0,27.3,53.8,525.15,0,2,84,,0.0,,0,0,0,17.73,80.22,433.8,0,1,45,,0.0,,0,0,0,,0.0,,0,0,0,,0.0,,0,0,0,,0.0,,0,0,0,100,50,0,0,0,0,0.0593
2026-07-31T04:28:12.382Z,29.89,69.84,428.32,0,1,45,23.72,57.52,,955.3,0,0,27.3,53.78,526.53,0,2,94,,0.0,,0,0,0,17.74,80.25,433.52,0,1,37,,0.0,,0,0,0,,0.0,,0,0,0,,0.0,,0,0,0,,0.0,,0,0,0,100,50,0,0,0,0,0.0593
2026-07-31T04:28:17.381Z,29.89,69.78,428.49,0,1,37,23.72,57.49,,955.3,0,0,27.3,53.76,525.48,0,2,81,,0.0,,0,0,0,17.74,80.27,433.17,0,1,37,,0.0,,0,0,0,,0.0,,0,0,0,,0.0,,0,0,0,,0.0,,0,0,0,100,50,0,0,0,0,0.0593
2026-07-31T04:28:22.382Z,29.89,69.7,428.64,0,1,37,23.7,57.47,,955.3,0,0,27.29,53.75,522.83,0,2,72,,0.0,,0,0,0,17.75,80.31,432.25,0,1,34,,0.0,,0,0,0,,0.0,,0,0,0,,0.0,,0,0,0,,0.0,,0,0,0,100,50,0,0,0,0,0.0593
2026-07-31T04:28:27.382Z,29.89,69.64,428.07,0,1,34,23.69,57.46,,955.3,0,0,27.28,53.73,521.15,0,2,75,,0.0,,0,0,0,17.75,80.34,431.13,0,1,33,,0.0,,0,0,0,,0.0,,0,0,0,,0.0,,0,0,0,,0.0,,0,0,0,100,50,0,0,0,0,0.0593
2026-07-31T04:28:32.381Z,29.89,69.57,425.27,0,1,22,23.68,57.44,,955.3,0,0,27.27,53.72,520.23,0,2,79,,0.0,,0,0,0,17.76,80.37,431.71,0,1,40,,0.0,,0,0,0,,0.0,,0,0,0,,0.0,,0,0,0,,0.0,,0,0,0,100,50,0,0,0,0,0.0593
2026-07-31T04:28:37.382Z,29.89,69.49,422.94,0,1,25,23.68,57.42,,955.3,0,0,27.26,53.7,518.81,0,2,75,,0.0,,0,0,0,17.76,80.41,431.74,0,1,38,,0.0,,0,0,0,,0.0,,0,0,0,,0.0,,0,0,0,,0.0,,0,0,0,100,50,0,0,0,0,0.0593
2026-07-31T04:28:42.382Z,29.89,69.42,423.65,0,1,37,23.67,57.4,,955.3,0,0,27.26,53.68,519.53,0,2,86,,0.0,,0,0,0,17.77,80.46,431.77,0,1,38,,0.0,,0,0,0,,0.0,,0,0,0,,0.0,,0,0,0,,0.0,,0,0,0,100,50,0,0,0,0,0.0593
2026-07-31T04:28:47.382Z,29.89,69.35,422.88,0,1,31,23.66,57.38,,955.3,0,0,27.25,53.66,520.68,0,2,89,,0.0,,0,0,0,17.77,80.51,429.79,0,1,29,,0.0,,0,0,0,,0.0,,0,0,0,,0.0,,0,0,0,,0.0,,0,0,0,100,50,0,0,0,0,0.0593
2026-07-31T04:28:52.381Z,29.89,69.27,423.79,0,1,38,23.66,57.36,,955.3,0,0,27.25,53.63,519.71,0,2,78,,0.0,,0,0,0,17.77,80.55,428.71,0,1,32,,0.0,,0,0,0,,0.0,,0,0,0,,0.0,,0,0,0,,0.0,,0,0,0,100,50,0,0,0,0,0.0593
2026-07-31T04:28:57.381Z,29.89,69.21,423.21,0,1,32,23.65,57.34,,955.3,0,0,27.24,53.61,518.34,0,2,75,,0.0,,0,0,0,17.78,80.58,428.04,0,1,34,,0.0,,0,0,0,,0.0,,0,0,0,,0.0,,0,0,0,,0.0,,0,0,0,100,50,0,0,0,0,0.0593
2026-07-31T04:29:02.381Z,29.9,69.15,423.09,0,1,34,23.65,57.32,,955.3,0,0,27.24,53.59,516.7,0,2,73,,0.0,,0,0,0,17.78,80.61,427.84,0,1,36,,0.0,,0,0,0,,0.0,,0,0,0,,0.0,,0,0,0,,0.0,,0,0,0,100,50,0,0,0,0,0.0593
2026-07-31T04:29:07.381Z,29.9,69.08,421.98,0,1,29,23.64,57.3,,955.3,0,0,27.23,53.57,518.53,0,2,92,,0.0,,0,0,0,17.78,80.64,429.25,0,1,43,,0.0,,0,0,0,,0.0,,0,0,0,,0.0,,0,0,0,,0.0,,0,0,0,100,50,0,0,0,0,0.0593
2026-07-31T04:29:12.380Z,29.9,69.01,424.38,0,1,45,23.64,57.29,,955.3,0,0,27.23,53.55,517.78,0,2,78,,0.0,,0,0,0,17.78,80.66,429.83,0,1,40,,0.0,,0,0,0,,0.0,,0,0,0,,0.0,,0,0,0,,0.0,,0,0,0,100,50,0,0,0,0,0.0593
2026-07-31T04:29:17.377Z,29.9,69.02,424.05,0,1,33,23.63,57.27,,955.3,0,0,27.22,53.54,515.5,0,2,69,,0.0,,0,0,0,17.78,80.68,427.35,0,1,26,,0.0,,0,0,0,,0.0,,0,0,0,,0.0,,0,0,0,,0.0,,0,0,0,100,50,0,0,0,0,0.0593
2026-07-31T04:29:22.383Z,29.9,69.07,425.44,0,1,41,23.63,57.25,,955.3,0,0,27.21,53.52,512.95,0,2,67,,0.0,,0,0,0,17.79,80.7,425.81,0,1,29,,0.0,,0,0,0,,0.0,,0,0,0,,0.0,,0,0,0,,0.0,,0,0,0,100,50,0,0,0,0,0.0593
2026-07-31T04:29:27.390Z,29.9,69.14,427.0,0,1,42,23.63,57.24,,955.3,0,0,27.2,53.51,512.46,0,2,76,,0.0,,0,0,0,17.79,80.72,424.23,0,1,28,,0.0,,0,0,0,,0.0,,0,0,0,,0.0,,0,0,0,,0.0,,0,0,0,100,50,0,0,0,0,0.0593
2026-07-31T04:29:32.379Z,29.9,69.24,429.3,0,1,47,23.62,57.22,,955.2,0,0,27.19,53.5,511.91,0,2,76,,0.0,,0,0,0,17.79,80.73,423.11,0,1,29,,0.0,,0,0,0,,0.0,,0,0,0,,0.0,,0,0,0,,0.0,,0,0,0,100,50,0,0,0,0,0.0593
2026-07-31T04:29:37.378Z,29.9,69.35,433.37,0,1,56,23.62,57.21,,955.2,0,0,27.18,53.49,511.72,0,2,77,,0.0,,0,0,0,17.79,80.74,422.3,0,1,30,,0.0,,0,0,0,,0.0,,0,0,0,,0.0,,0,0,0,,0.0,,0,0,0,100,50,0,0,0,0,0.0593
2026-07-31T04:29:42.381Z,29.9,69.47,435.03,0,1,46,23.62,57.19,,955.3,0,0,27.17,53.47,512.95,0,2,85,,0.0,,0,0,0,17.79,80.72,421.87,0,1,32,,0.0,,0,0,0,,0.0,,0,0,0,,0.0,,0,0,0,,0.0,,0,0,0,100,50,0,0,0,0,0.0593
2026-07-31T04:29:47.392Z,29.9,69.5,431.53,0,1,20,23.61,57.18,,955.2,0,0,27.16,53.46,509.25,0,1,60,,0.0,,0,0,0,17.79,80.71,421.08,0,1,30,,0.0,,0,0,0,,0.0,,0,0,0,,0.0,,0,0,0,,0.0,,0,0,0,100,50,0,0,0,0,0.0593
2026-07-31T04:29:52.379Z,29.9,69.52,429.08,0,1,27,23.6,57.17,,955.2,0,0,27.16,53.46,507.43,0,2,67,,0.0,,0,0,0,17.79,80.7,418.97,0,1,23,,0.0,,0,0,0,,0.0,,0,0,0,,0.0,,0,0,0,,0.0,,0,0,0,100,50,0,0,0,0,0.0593
2026-07-31T04:29:57.380Z,29.89,69.52,426.47,0,1,25,23.59,57.16,,955.3,0,0,27.15,53.44,505.28,0,2,65,,0.0,,0,0,0,17.79,80.69,419.87,0,1,36,,0.0,,0,0,0,,0.0,,0,0,0,,0.0,,0,0,0,,0.0,,0,0,0,100,50,0,0,0,0,0.0593
2026-07-31T04:30:02.379Z,29.88,69.53,426.12,0,1,34,23.58,57.14,,955.3,0,0,27.15,53.43,504.06,0,2,68,,0.0,,0,0,0,17.79,80.68,420.89,0,1,37,,0.0,,0,0,0,,0.0,,0,0,0,,0.0,,0,0,0,,0.0,,0,0,0,100,50,0,0,0,0,0.0593
2026-07-31T04:30:07.451Z,29.87,69.52,425.11,0,1,31,23.57,57.13,,955.3,0,0,27.14,53.42,503.05,0,2,69,,0.0,,0,0,0,17.8,80.67,422.2,0,1,39,,0.0,,0,0,0,,0.0,,0,0,0,,0.0,,0,0,0,,0.0,,0,0,0,100,50,0,0,0,0,0.0593
2026-07-31T04:30:12.379Z,29.86,69.5,424.0,0,1,30,23.56,57.11,,955.3,0,0,27.14,53.4,502.35,0,2,70,,0.0,,0,0,0,17.81,80.65,423.68,0,1,41,,0.0,,0,0,0,,0.0,,0,0,0,,0.0,,0,0,0,,0.0,,0,0,0,100,50,0,0,0,0,0.0593
2026-07-31T04:30:17.379Z,29.86,69.5,421.6,0,1,20,23.56,57.1,,955.3,0,0,27.13,53.39,501.71,0,2,70,,0.0,,0,0,0,17.82,80.62,426.51,0,1,47,,0.0,,0,0,0,,0.0,,0,0,0,,0.0,,0,0,0,,0.0,,0,0,0,100,50,0,0,0,0,0.0593
2026-07-31T04:30:22.379Z,29.85,69.51,420.24,0,1,27,23.55,57.08,,955.3,0,0,27.13,53.38,499.44,0,1,61,,0.0,,0,0,0,17.83,80.57,427.66,0,1,41,,0.0,,0,0,0,,0.0,,0,0,0,,0.0,,0,0,0,,0.0,,0,0,0,100,58,0,0,0,0,0.0917
2026-07-31T04:30:27.448Z,29.85,69.51,419.21,0,1,28,23.55,57.06,,955.3,0,0,27.13,53.38,499.7,0,2,73,,0.0,,0,0,0,17.84,80.52,428.29,0,1,39,,0.0,,0,0,0,,0.0,,0,0,0,,0.0,,0,0,0,,0.0,,0,0,0,100,55,0,0,0,0,0.0855
2026-07-31T04:30:32.378Z,29.84,69.47,417.29,0,1,23,23.54,57.06,,955.5,0,0,27.12,53.36,499.03,0,2,68,,0.0,,0,0,0,17.82,80.47,428.46,0,1,37,,0.0,,0,0,0,,0.0,,0,0,0,,0.0,,0,0,0,,0.0,,0,0,0,100,55,0,0,0,0,0.0855
2026-07-31T04:30:37.379Z,29.84,69.4,415.56,0,1,13,23.54,57.05,,955.5,0,0,27.12,53.34,499.52,0,2,74,,0.0,,0,0,0,17.8,80.43,427.22,0,1,31,,0.0,,0,0,0,,0.0,,0,0,0,,0.0,,0,0,0,,0.0,,0,0,0,100,55,0,0,0,0,0.0855
2026-07-31T04:30:42.379Z,29.83,69.3,414.01,0,1,23,23.53,57.05,,955.5,0,0,27.12,53.33,499.57,0,2,72,,0.0,,0,0,0,17.78,80.4,426.1,0,1,31,,0.0,,0,0,0,,0.0,,0,0,0,,0.0,,0,0,0,,0.0,,0,0,0,100,55,0,0,0,0,0.0855
2026-07-31T04:30:47.378Z,29.83,69.18,412.61,0,1,13,23.53,57.03,,955.6,0,0,27.11,53.33,500.81,0,2,79,,0.0,,0,0,0,17.76,80.46,424.69,0,1,29,,0.0,,0,0,0,,0.0,,0,0,0,,0.0,,0,0,0,,0.0,,0,0,0,100,55,0,0,0,0,0.0855
2026-07-31T04:30:52.379Z,29.83,69.08,412.55,0,1,29,23.53,57.02,,955.6,0,0,27.1,53.32,499.73,0,2,67,,0.0,,0,0,0,17.75,80.51,423.92,0,1,31,,0.0,,0,0,0,,0.0,,0,0,0,,0.0,,0,0,0,,0.0,,0,0,0,100,55,0,0,0,0,0.0855
2026-07-31T04:30:57.379Z,29.83,69.07,414.39,0,1,38,23.52,57.01,,955.6,0,0,27.09,53.31,499.76,0,2,72,,0.0,,0,0,0,17.73,80.64,423.93,0,1,34,,0.0,,0,0,0,,0.0,,0,0,0,,0.0,,0,0,0,,0.0,,0,0,0,100,55,0,0,0,0,0.0855
2026-07-31T04:31:02.378Z,29.83,69.11,414.75,0,1,32,23.52,57.0,,955.5,0,0,27.08,53.3,497.28,0,1,59,,0.0,,0,0,0,17.72,80.82,424.13,0,1,35,,0.0,,0,0,0,,0.0,,0,0,0,,0.0,,0,0,0,,0.0,,0,0,0,100,55,0,0,0,0,0.0855
2026-07-31T04:31:07.378Z,29.84,69.16,413.28,0,1,23,23.52,56.99,,955.5,0,0,27.07,53.29,498.06,0,2,75,,0.0,,0,0,0,17.71,80.98,425.12,0,1,39,,0.0,,0,0,0,,0.0,,0,0,0,,0.0,,0,0,0,,0.0,,0,0,0,100,55,0,0,0,0,0.0855
2026-07-31T04:31:12.379Z,29.85,69.2,412.65,0,1,27,23.52,56.98,,955.6,0,0,27.06,53.29,495.75,0,1,59,,0.0,,0,0,0,17.71,81.2,424.61,0,1,33,,0.0,,0,0,0,,0.0,,0,0,0,,0.0,,0,0,0,,0.0,,0,0,0,100,55,0,0,0,0,0.0855
2026-07-31T04:31:17.384Z,29.85,69.24,412.18,0,1,27,23.51,56.96,,955.5,0,0,27.06,53.29,496.77,0,2,75,,0.0,,0,0,0,17.71,81.4,425.05,0,1,37,,0.0,,0,0,0,,0.0,,0,0,0,,0.0,,0,0,0,,0.0,,0,0,0,100,55,0,0,0,0,0.0855
2026-07-31T04:31:22.378Z,29.86,69.27,410.97,0,1,17,23.5,56.94,,955.5,0,0,27.05,53.29,495.5,0,1,63,,0.0,,0,0,0,17.71,81.62,426.54,0,1,42,,0.0,,0,0,0,,0.0,,0,0,0,,0.0,,0,0,0,,0.0,,0,0,0,100,55,0,0,0,0,0.0855
2026-07-31T04:31:27.382Z,29.85,69.24,411.37,0,1,30,23.49,56.95,,955.5,0,0,27.05,53.29,494.55,0,2,65,,0.0,,0,0,0,17.7,81.86,425.99,0,1,33,,0.0,,0,0,0,,0.0,,0,0,0,,0.0,,0,0,0,,0.0,,0,0,0,100,55,0,0,0,0,0.0855
2026-07-31T04:31:32.377Z,29.85,69.25,410.23,0,1,14,23.48,56.95,,955.5,0,0,27.04,53.29,496.09,0,2,77,,0.0,,0,0,0,17.7,82.07,426.09,0,1,36,,0.0,,0,0,0,,0.0,,0,0,0,,0.0,,0,0,0,,0.0,,0,0,0,100,55,0,0,0,0,0.0855
2026-07-31T04:31:37.383Z,29.83,69.27,409.21,0,1,17,23.47,56.96,,955.6,0,0,27.04,53.3,495.98,0,2,69,,0.0,,0,0,0,17.7,82.29,426.88,0,1,39,,0.0,,0,0,0,,0.0,,0,0,0,,0.0,,0,0,0,,0.0,,0,0,0,100,55,0,0,0,0,0.0855
2026-07-31T04:31:42.383Z,29.82,69.3,408.29,0,1,13,23.46,56.96,,955.6,0,0,27.03,53.31,494.99,0,2,65,,0.0,,0,0,0,17.7,82.49,425.69,0,1,30,,0.0,,0,0,0,,0.0,,0,0,0,,0.0,,0,0,0,,0.0,,0,0,0,100,55,0,0,0,0,0.0855
2026-07-31T04:31:47.383Z,29.81,69.32,407.46,0,1,21,23.46,56.98,,955.5,0,0,27.03,53.32,496.09,0,2,76,,0.0,,0,0,0,17.7,82.7,424.62,0,1,31,,0.0,,0,0,0,,0.0,,0,0,0,,0.0,,0,0,0,,0.0,,0,0,0,100,55,0,0,0,0,0.0855
2026-07-31T04:31:52.495Z,29.8,69.32,406.81,0,1,24,23.45,56.99,,955.5,0,0,27.03,53.33,497.08,0,2,76,,0.0,,0,0,0,17.7,82.88,423.66,0,1,31,,0.0,,0,0,0,,0.0,,0,0,0,,0.0,,0,0,0,,0.0,,0,0,0,100,55,0,0,0,0,0.0855
2026-07-31T04:31:57.407Z,29.79,69.34,408.43,0,1,34,23.45,57.0,,955.5,0,0,27.02,53.34,497.97,0,2,76,,0.0,,0,0,0,17.7,83.04,422.79,0,1,31,,0.0,,0,0,0,,0.0,,0,0,0,,0.0,,0,0,0,,0.0,,0,0,0,100,55,0,0,0,0,0.0855
2026-07-31T04:32:02.384Z,29.78,69.38,412.59,0,1,46,23.44,57.01,,955.5,0,0,27.02,53.34,498.77,0,2,76,,0.0,,0,0,0,17.7,83.18,422.02,0,1,31,,0.0,,0,0,0,,0.0,,0,0,0,,0.0,,0,0,0,,0.0,,0,0,0,100,55,0,0,0,0,0.0855
2026-07-31T04:32:07.428Z,29.76,69.4,413.33,0,1,33,23.44,57.02,,955.5,0,0,27.02,53.35,499.5,0,2,76,,0.0,,0,0,0,17.7,83.32,421.31,0,1,31,,0.0,,0,0,0,,0.0,,0,0,0,,0.0,,0,0,0,,0.0,,0,0,0,100,55,0,0,0,0,0.0855
2026-07-31T04:32:12.383Z,29.74,69.45,414.2,0,1,33,23.43,57.03,,955.5,0,0,27.02,53.35,500.15,0,2,76,,0.0,,0,0,0,17.7,83.43,420.68,0,1,31,,0.0,,0,0,0,,0.0,,0,0,0,,0.0,,0,0,0,,0.0,,0,0,0,100,55,0,0,0,0,0.0855
2026-07-31T04:32:17.413Z,29.73,69.5,412.78,0,1,18,23.43,57.03,,955.5,0,0,27.02,53.36,500.73,0,2,76,,0.0,,0,0,0,17.7,83.54,420.11,0,1,31,,0.0,,0,0,0,,0.0,,0,0,0,,0.0,,0,0,0,,0.0,,0,0,0,100,55,0,0,0,0,0.0855
2026-07-31T04:32:22.383Z,29.72,69.55,414.4,0,1,37,23.43,57.04,,955.5,0,0,27.01,53.36,501.26,0,2,76,,0.0,,0,0,0,17.7,83.64,419.6,0,1,31,,0.0,,0,0,0,,0.0,,0,0,0,,0.0,,0,0,0,,0.0,,0,0,0,100,55,0,0,0,0,0.0855
2026-07-31T04:32:27.436Z,29.7,69.6,415.86,0,1,37,23.42,57.05,,955.5,0,0,27.01,53.37,501.73,0,2,76,,0.0,,0,0,0,17.7,83.72,419.14,0,1,31,,0.0,,0,0,0,,0.0,,0,0,0,,0.0,,0,0,0,,0.0,,0,0,0,100,55,0,0,0,0,0.0855
2026-07-31T04:32:32.460Z,29.69,69.65,418.07,0,1,41,23.42,57.05,,955.5,0,0,27.01,53.37,502.16,0,2,76,,0.0,,0,0,0,17.7,83.8,418.73,0,1,31,,0.0,,0,0,0,,0.0,,0,0,0,,0.0,,0,0,0,,0.0,,0,0,0,100,55,0,0,0,0,0.0855
2026-07-31T04:32:37.384Z,29.68,69.71,418.97,0,1,36,23.42,57.06,,955.5,0,0,27.01,53.37,502.54,0,2,76,,0.0,,0,0,0,17.7,83.87,418.36,0,1,31,,0.0,,0,0,0,,0.0,,0,0,0,,0.0,,0,0,0,,0.0,,0,0,0,100,55,0,0,0,0,0.0855
2026-07-31T04:32:42.377Z,29.68,69.79,418.37,0,1,29,23.42,57.06,,955.5,0,0,27.01,53.38,502.89,0,2,76,,0.0,,0,0,0,17.7,83.93,418.02,0,1,31,,0.0,,0,0,0,,0.0,,0,0,0,,0.0,,0,0,0,,0.0,,0,0,0,100,55,0,0,0,0,0.0855
2026-07-31T04:32:47.382Z,29.67,69.86,416.53,0,1,17,23.42,57.07,,955.5,0,0,27.01,53.38,503.2,0,2,76,,0.0,,0,0,0,17.7,83.99,417.72,0,1,31,,0.0,,0,0,0,,0.0,,0,0,0,,0.0,,0,0,0,,0.0,,0,0,0,100,55,0,0,0,0,0.0855
2026-07-31T04:32:52.382Z,29.66,69.9,416.18,0,1,30,23.41,57.07,,955.5,0,0,27.01,53.38,503.48,0,2,76,,0.0,,0,0,0,17.7,84.04,417.45,0,1,31,,0.0,,0,0,0,,0.0,,0,0,0,,0.0,,0,0,0,,0.0,,0,0,0,100,55,0,0,0,0,0.0855
