timestamp,outside_t,outside_h,outside_c,outside_p,outside_a,outside_v,room_1_t,room_1_h,room_1_c,room_1_p,room_1_a,room_1_v,room_2_t,room_2_h,room_2_c,room_2_p,room_2_a,room_2_v,room_3_t,room_3_h,room_3_c,room_3_p,room_3_a,room_3_v,supply_t,supply_h,supply_c,supply_p,supply_a,supply_v,return_t,return_h,return_c,return_p,return_a,return_v,mixed_t,mixed_h,mixed_c,mixed_p,mixed_a,mixed_v,cooler_t,cooler_h,cooler_c,cooler_p,cooler_a,cooler_v,heated_t,heated_h,heated_c,heated_p,heated_a,heated_v,mixer,fan,flowrate,coolerState,heaterState,humidifierState
2026-07-30T08:45:17.501Z,29.7,71,420,0,1,33,26.4,66.5,0,952.1,0,0,29.1,65.8,410,0,1,28,0,0,0,0,0,0,21,69.5,431,0,1,38,0,0,0,0,0,0,0,0,0,0,0,0,0,0,0,0,0,0,0,0,0,0,0,0,100,50,0,0,0,0
2026-07-30T08:45:22.500Z,29.7,70.9,422,0,1,33,26.4,66.3,0,952.1,0,0,29.1,65.3,444,0,1,44,0,0,0,0,0,0,21,69.6,431,0,1,37,0,0,0,0,0,0,0,0,0,0,0,0,0,0,0,0,0,0,0,0,0,0,0,0,100,50,0,0,0,0
2026-07-30T08:45:27.494Z,29.7,70.9,434,0,1,39,26.4,65.7,0,952.1,0,0,29.1,64.7,412,0,1,29,0,0,0,0,0,0,20.9,69.6,433,0,1,39,0,0,0,0,0,0,0,0,0,0,0,0,0,0,0,0,0,0,0,0,0,0,0,0,100,50,0,0,0,0
2026-07-30T08:45:32.496Z,29.7,70.9,438,0,1,41,26.4,65.7,0,952.1,0,0,29.1,64.7,414,0,1,30,0,0,0,0,0,0,20.9,69.6,415,0,1,30,0,0,0,0,0,0,0,0,0,0,0,0,0,0,0,0,0,0,0,0,0,0,0,0,100,50,0,0,0,0
2026-07-30T08:45:37.493Z,29.7,70.9,428,0,1,36,26.3,65.2,0,952.1,0,0,29.2,64.2,431,0,1,37,0,0,0,0,0,0,20.9,69.6,427,0,1,36,0,0,0,0,0,0,0,0,0,0,0,0,0,0,0,0,0,0,0,0,0,0,0,0,100,50,0,0,0,0
2026-07-30T08:45:42.498Z,29.7,70.9,412,0,1,29,26.3,65.2,0,952.1,0,0,29.2,64.2,426,0,1,35,0,0,0,0,0,0,20.9,69.6,422,0,1,34,0,0,0,0,0,0,0,0,0,0,0,0,0,0,0,0,0,0,0,0,0,0,0,0,100,50,0,0,0,0
2026-07-30T08:45:47.497Z,29.7,71,442,0,1,43,26.3,65,0,952.1,0,0,29.2,63.6,419,0,1,32,0,0,0,0,0,0,20.8,70,417,0,1,31,0,0,0,0,0,0,0,0,0,0,0,0,0,0,0,0,0,0,0,0,0,0,0,0,100,50,0,0,0,0
2026-07-30T08:45:52.497Z,29.7,70.9,429,0,1,37,26.3,64.6,0,952.1,0,0,29.3,63.2,401,0,1,24,0,0,0,0,0,0,20.7,70,400,0,1,23,0,0,0,0,0,0,0,0,0,0,0,0,0,0,0,0,0,0,0,0,0,0,0,0,100,50,0,0,0,0
2026-07-30T08:45:57.494Z,29.7,70.9,423,0,1,34,26.3,64.3,0,952.1,0,0,29.3,62.9,400,0,1,19,0,0,0,0,0,0,20.6,70.1,400,0,1,23,0,0,0,0,0,0,0,0,0,0,0,0,0,0,0,0,0,0,0,0,0,0,0,0,100,50,0,0,0,0
2026-07-30T08:46:02.497Z,29.7,70.9,438,0,1,41,26.3,64.3,0,952.1,0,0,29.3,62.9,443,0,1,43,0,0,0,0,0,0,20.6,70.1,406,0,1,26,0,0,0,0,0,0,0,0,0,0,0,0,0,0,0,0,0,0,0,0,0,0,0,0,100,50,0,0,0,0
2026-07-30T08:46:07.496Z,29.7,70.9,439,0,1,42,26.3,64.1,0,952.1,0,0,29.3,62.7,418,0,1,32,0,0,0,0,0,0,20.6,70.1,406,0,1,26,0,0,0,0,0,0,0,0,0,0,0,0,0,0,0,0,0,0,0,0,0,0,0,0,100,50,0,0,0,0
2026-07-30T08:46:12.496Z,29.7,71,415,0,1,30,26.3,63.9,0,952.1,0,0,29.3,62.3,434,0,1,39,0,0,0,0,0,0,20.6,70.2,404,0,1,25,0,0,0,0,0,0,0,0,0,0,0,0,0,0,0,0,0,0,0,0,0,0,0,0,100,50,0,0,0,0
2026-07-30T08:46:17.493Z,29.7,71,434,0,1,39,26.3,63.5,0,952.2,0,0,29.3,61.9,400,0,1,17,0,0,0,0,0,0,20.6,70.2,423,0,1,34,0,0,0,0,0,0,0,0,0,0,0,0,0,0,0,0,0,0,0,0,0,0,0,0,100,50,0,0,0,0
2026-07-30T08:46:22.493Z,29.7,71,405,0,1,26,26.3,63.5,0,952.2,0,0,29.3,61.9,427,0,1,36,0,0,0,0,0,0,20.5,70.2,431,0,1,37,0,0,0,0,0,0,0,0,0,0,0,0,0,0,0,0,0,0,0,0,0,0,0,0,100,50,0,0,0,0
2026-07-30T08:46:27.498Z,29.7,71,402,0,1,25,26.3,63.2,0,952.1,0,0,29.4,61.5,420,0,1,33,0,0,0,0,0,0,20.4,70.3,409,0,1,27,0,0,0,0,0,0,0,0,0,0,0,0,0,0,0,0,0,0,0,0,0,0,0,0,100,50,0,0,0,0
2026-07-30T08:46:32.497Z,29.7,71,400,0,1,21,26.3,63.2,0,952.1,0,0,29.4,61.5,407,0,1,27,0,0,0,0,0,0,20.4,70.3,420,0,1,33,0,0,0,0,0,0,0,0,0,0,0,0,0,0,0,0,0,0,0,0,0,0,0,0,100,50,0,0,0,0
2026-07-30T08:46:37.497Z,29.7,71,402,0,1,24,26.3,62.8,0,952.2,0,0,29.4,61.1,427,0,1,36,0,0,0,0,0,0,20.4,70.3,426,0,1,35,0,0,0,0,0,0,0,0,0,0,0,0,0,0,0,0,0,0,0,0,0,0,0,0,100,50,0,0,0,0
2026-07-30T08:46:42.496Z,29.6,71,420,0,1,33,26.3,62.6,0,952.1,0,0,29.4,60.8,405,0,1,26,0,0,0,0,0,0,20.4,70.4,417,0,1,31,0,0,0,0,0,0,0,0,0,0,0,0,0,0,0,0,0,0,0,0,0,0,0,0,100,50,0,0,0,0
2026-07-30T08:46:47.500Z,29.6,71,442,0,1,43,26.3,62.3,0,952.1,0,0,29.4,60.4,426,0,1,35,0,0,0,0,0,0,20.3,70.5,414,0,1,30,0,0,0,0,0,0,0,0,0,0,0,0,0,0,0,0,0,0,0,0,0,0,0,0,100,50,0,0,0,0
2026-07-30T08:46:52.494Z,29.6,71,457,0,1,50,26.2,62.2,0,952.2,0,0,29.4,60.4,400,0,1,23,0,0,0,0,0,0,20.3,70.5,402,0,1,25,0,0,0,0,0,0,0,0,0,0,0,0,0,0,0,0,0,0,0,0,0,0,0,0,100,50,0,0,0,0
2026-07-30T08:46:57.495Z,29.6,71.1,416,0,1,31,26.2,62.1,0,952.2,0,0,29.4,59.9,418,0,1,32,0,0,0,0,0,0,20.2,70.5,419,0,1,32,0,0,0,0,0,0,0,0,0,0,0,0,0,0,0,0,0,0,0,0,0,0,0,0,100,50,0,0,0,0
2026-07-30T08:47:02.493Z,29.6,71.1,431,0,1,38,26.2,62.1,0,952.2,0,0,29.4,59.9,400,0,1,21,0,0,0,0,0,0,20.2,70.5,427,0,1,36,0,0,0,0,0,0,0,0,0,0,0,0,0,0,0,0,0,0,0,0,0,0,0,0,100,50,0,0,0,0
2026-07-30T08:47:07.494Z,29.6,71.1,425,0,1,35,26.2,61.9,0,952.1,0,0,29.4,59.7,420,0,1,33,0,0,0,0,0,0,20.2,70.6,415,0,1,30,0,0,0,0,0,0,0,0,0,0,0,0,0,0,0,0,0,0,0,0,0,0,0,0,100,50,0,0,0,0
2026-07-30T08:47:12.495Z,29.6,71.2,431,0,1,38,26.2,61.7,0,952.1,0,0,29.5,59.6,432,0,1,38,0,0,0,0,0,0,20.2,70.7,426,0,1,35,0,0,0,0,0,0,0,0,0,0,0,0,0,0,0,0,0,0,0,0,0,0,0,0,100,50,0,0,0,0
2026-07-30T08:47:17.494Z,29.6,71.2,441,0,1,42,26.2,61.4,0,952.2,0,0,29.5,59.2,425,0,1,35,0,0,0,0,0,0,20.1,70.9,403,0,1,25,0,0,0,0,0,0,0,0,0,0,0,0,0,0,0,0,0,0,0,0,0,0,0,0,100,50,0,0,0,0
2026-07-30T08:47:22.494Z,29.6,71.2,450,0,1,47,26.2,61.4,0,952.2,0,0,29.5,59.2,423,0,1,34,0,0,0,0,0,0,20.1,70.9,428,0,1,36,0,0,0,0,0,0,0,0,0,0,0,0,0,0,0,0,0,0,0,0,0,0,0,0,100,50,0,0,0,0
2026-07-30T08:47:27.493Z,29.6,71.2,438,0,1,41,26.2,61.1,0,952.1,0,0,29.5,58.9,409,0,1,28,0,0,0,0,0,0,20.1,70.9,431,0,1,38,0,0,0,0,0,0,0,0,0,0,0,0,0,0,0,0,0,0,0,0,0,0,0,0,100,50,0,0,0,0
2026-07-30T08:47:32.499Z,29.6,71.2,414,0,1,30,26.2,60.9,0,952.2,0,0,29.5,58.6,438,0,1,41,0,0,0,0,0,0,20,70.9,411,0,1,28,0,0,0,0,0,0,0,0,0,0,0,0,0,0,0,0,0,0,0,0,0,0,0,0,100,50,0,0,0,0
2026-07-30T08:47:37.505Z,29.6,71,433,0,1,38,26.2,60.9,0,952.2,0,0,29.5,58.6,404,0,1,25,0,0,0,0,0,0,20,70.9,432,0,1,38,0,0,0,0,0,0,0,0,0,0,0,0,0,0,0,0,0,0,0,0,0,0,0,0,100,50,0,0,0,0
2026-07-30T08:47:42.505Z,29.6,71,423,0,1,34,26.2,60.7,0,952.1,0,0,29.5,58.4,416,0,1,31,0,0,0,0,0,0,20,71,405,0,1,26,0,0,0,0,0,0,0,0,0,0,0,0,0,0,0,0,0,0,0,0,0,0,0,0,100,50,0,0,0,0
2026-07-30T08:47:47.503Z,29.6,71.2,416,0,1,31,26.2,60.4,0,952.1,0,0,29.5,58.2,433,0,1,39,0,0,0,0,0,0,20,71,416,0,1,31,0,0,0,0,0,0,0,0,0,0,0,0,0,0,0,0,0,0,0,0,0,0,0,0,100,50,0,0,0,0
2026-07-30T08:47:52.505Z,29.6,71.2,419,0,1,32,26.2,60.4,0,952.1,0,0,29.5,58.2,414,0,1,30,0,0,0,0,0,0,20,71,400,0,1,22,0,0,0,0,0,0,0,0,0,0,0,0,0,0,0,0,0,0,0,0,0,0,0,0,100,50,0,0,0,0
2026-07-30T08:47:57.502Z,29.6,71.2,427,0,1,36,26.1,60.2,0,952.1,0,0,29.5,58,423,0,1,34,0,0,0,0,0,0,20,71.1,400,0,1,23,0,0,0,0,0,0,0,0,0,0,0,0,0,0,0,0,0,0,0,0,0,0,0,0,100,50,0,0,0,0
2026-07-30T08:48:02.503Z,29.6,71.2,433,0,1,39,26.2,60,0,952.1,0,0,29.5,57.7,402,0,1,24,0,0,0,0,0,0,19.9,71.2,418,0,1,32,0,0,0,0,0,0,0,0,0,0,0,0,0,0,0,0,0,0,0,0,0,0,0,0,100,50,0,0,0,0
2026-07-30T08:48:07.506Z,29.6,71.2,431,0,1,38,26.1,59.8,0,952.1,0,0,29.5,57.4,402,0,1,24,0,0,0,0,0,0,19.9,71.2,414,0,1,30,0,0,0,0,0,0,0,0,0,0,0,0,0,0,0,0,0,0,0,0,0,0,0,0,100,50,0,0,0,0
2026-07-30T08:48:12.498Z,29.6,71.2,409,0,1,27,26.1,59.8,0,952.1,0,0,29.5,57.4,409,0,1,28,0,0,0,0,0,0,19.9,71.2,414,0,1,30,0,0,0,0,0,0,0,0,0,0,0,0,0,0,0,0,0,0,0,0,0,0,0,0,100,50,0,0,0,0
2026-07-30T08:48:17.499Z,29.5,71.3,415,0,1,30,26.1,59.8,0,952.1,0,0,29.5,57.3,400,0,1,23,0,0,0,0,0,0,19.9,71.1,416,0,1,31,0,0,0,0,0,0,0,0,0,0,0,0,0,0,0,0,0,0,0,0,0,0,0,0,100,50,0,0,0,0
2026-07-30T08:48:22.504Z,29.5,71.3,438,0,1,41,26.1,59.4,0,952.1,0,0,29.5,57,409,0,1,27,0,0,0,0,0,0,19.9,71.1,405,0,1,26,0,0,0,0,0,0,0,0,0,0,0,0,0,0,0,0,0,0,0,0,0,0,0,0,100,50,0,0,0,0
2026-07-30T08:48:27.504Z,29.6,71.3,414,0,1,30,26.1,59.2,0,952.2,0,0,29.5,56.8,416,0,1,31,0,0,0,0,0,0,19.8,71.2,410,0,1,28,0,0,0,0,0,0,0,0,0,0,0,0,0,0,0,0,0,0,0,0,0,0,0,0,100,50,0,0,0,0
2026-07-30T08:48:32.502Z,29.6,71.3,421,0,1,33,26.1,59.2,0,952.2,0,0,29.5,56.8,412,0,1,29,0,0,0,0,0,0,19.8,71.2,417,0,1,31,0,0,0,0,0,0,0,0,0,0,0,0,0,0,0,0,0,0,0,0,0,0,0,0,100,50,0,0,0,0
2026-07-30T08:48:37.498Z,29.6,71.3,410,0,1,28,26.1,59,0,952.1,0,0,29.5,56.6,400,0,1,22,0,0,0,0,0,0,19.8,71.2,409,0,1,28,0,0,0,0,0,0,0,0,0,0,0,0,0,0,0,0,0,0,0,0,0,0,0,0,100,50,0,0,0,0
2026-07-30T08:48:42.501Z,29.6,71.3,425,0,1,35,26.1,58.7,0,952.1,0,0,29.5,56.3,404,0,1,25,0,0,0,0,0,0,19.8,71.2,405,0,1,26,0,0,0,0,0,0,0,0,0,0,0,0,0,0,0,0,0,0,0,0,0,0,0,0,100,50,0,0,0,0
2026-07-30T08:48:47.495Z,29.6,71.3,400,0,1,20,26.1,58.5,0,952.2,0,0,29.5,56.1,415,0,1,30,0,0,0,0,0,0,19.7,71.2,400,0,1,23,0,0,0,0,0,0,0,0,0,0,0,0,0,0,0,0,0,0,0,0,0,0,0,0,100,50,0,0,0,0
2026-07-30T08:48:52.496Z,29.6,71.3,400,0,1,21,26.1,58.5,0,952.2,0,0,29.5,56.1,413,0,1,29,0,0,0,0,0,0,19.7,71.2,404,0,1,25,0,0,0,0,0,0,0,0,0,0,0,0,0,0,0,0,0,0,0,0,0,0,0,0,100,50,0,0,0,0
2026-07-30T08:48:57.493Z,29.6,71.3,416,0,1,31,26.1,58.3,0,952.2,0,0,29.5,55.9,431,0,1,37,0,0,0,0,0,0,19.7,71.2,406,0,1,26,0,0,0,0,0,0,0,0,0,0,0,0,0,0,0,0,0,0,0,0,0,0,0,0,100,50,0,0,0,0
2026-07-30T08:49:02.495Z,29.6,71.3,403,0,1,25,26.1,58.2,0,952.3,0,0,29.5,55.8,413,0,1,30,0,0,0,0,0,0,19.7,71.2,419,0,1,32,0,0,0,0,0,0,0,0,0,0,0,0,0,0,0,0,0,0,0,0,0,0,0,0,100,50,0,0,0,0
2026-07-30T08:49:07.495Z,29.6,71.1,407,0,1,27,26.1,58.2,0,952.3,0,0,29.5,55.8,400,0,1,19,0,0,0,0,0,0,19.7,71.2,400,0,1,22,0,0,0,0,0,0,0,0,0,0,0,0,0,0,0,0,0,0,0,0,0,0,0,0,100,50,0,0,0,0
2026-07-30T08:49:12.683Z,29.6,71.3,419,0,1,32,26.1,57.9,0,952.2,0,0,29.5,55.5,423,0,1,34,0,0,0,0,0,0,19.6,71.1,412,0,1,29,0,0,0,0,0,0,0,0,0,0,0,0,0,0,0,0,0,0,0,0,0,0,0,0,100,50,0,0,0,0
2026-07-30T08:49:17.495Z,29.5,71.3,430,0,1,37,26.1,57.7,0,952.3,0,0,29.5,55.3,427,0,1,36,0,0,0,0,0,0,19.6,71.1,401,0,1,24,0,0,0,0,0,0,0,0,0,0,0,0,0,0,0,0,0,0,0,0,0,0,0,0,100,50,0,0,0,0
2026-07-30T08:49:22.501Z,29.6,71.1,422,0,1,33,26,57.6,0,952.3,0,0,29.5,55.2,418,0,1,32,0,0,0,0,0,0,19.6,71.1,428,0,1,36,0,0,0,0,0,0,0,0,0,0,0,0,0,0,0,0,0,0,0,0,0,0,0,0,100,50,0,0,0,0
2026-07-30T08:49:27.496Z,29.6,71.3,429,0,1,36,26,57.6,0,952.3,0,0,29.5,55.2,420,0,1,33,0,0,0,0,0,0,19.6,71.1,405,0,1,26,0,0,0,0,0,0,0,0,0,0,0,0,0,0,0,0,0,0,0,0,0,0,0,0,100,50,0,0,0,0
2026-07-30T08:49:32.499Z,29.6,71.3,407,0,1,27,26,57.4,0,952.3,0,0,29.5,55,423,0,1,34,0,0,0,0,0,0,19.6,71.1,400,0,1,22,0,0,0,0,0,0,0,0,0,0,0,0,0,0,0,0,0,0,0,0,0,0,0,0,100,50,0,0,0,0
2026-07-30T08:49:37.494Z,29.6,71.3,411,0,1,29,26,57.3,0,952.3,0,0,29.5,54.8,426,0,1,35,0,0,0,0,0,0,19.6,71.1,414,0,1,30,0,0,0,0,0,0,0,0,0,0,0,0,0,0,0,0,0,0,0,0,0,0,0,0,100,50,0,0,0,0
2026-07-30T08:49:42.500Z,29.5,71.3,413,0,1,30,26,57.1,0,952.2,0,0,29.5,54.7,425,0,1,35,0,0,0,0,0,0,19.5,71.1,400,0,1,24,0,0,0,0,0,0,0,0,0,0,0,0,0,0,0,0,0,0,0,0,0,0,0,0,100,50,0,0,0,0
2026-07-30T08:49:47.498Z,29.6,71.3,442,0,1,43,26,57,0,952.2,0,0,29.5,54.6,436,0,1,40,0,0,0,0,0,0,19.5,71,401,0,1,24,0,0,0,0,0,0,0,0,0,0,0,0,0,0,0,0,0,0,0,0,0,0,0,0,100,50,0,0,0,0
2026-07-30T08:49:52.494Z,29.6,71.4,443,0,1,43,26,57,0,952.2,0,0,29.5,54.6,418,0,1,32,0,0,0,0,0,0,19.5,71,410,0,1,28,0,0,0,0,0,0,0,0,0,0,0,0,0,0,0,0,0,0,0,0,0,0,0,0,100,50,0,0,0,0
2026-07-30T08:49:57.493Z,29.6,71.4,404,0,1,25,26,56.8,0,952.2,0,0,29.5,54.4,408,0,1,27,0,0,0,0,0,0,19.5,71,403,0,1,25,0,0,0,0,0,0,0,0,0,0,0,0,0,0,0,0,0,0,0,0,0,0,0,0,100,50,0,0,0,0
2026-07-30T08:50:02.499Z,29.6,71.4,401,0,1,24,26,56.7,0,952.2,0,0,29.5,54.1,428,0,1,36,0,0,0,0,0,0,19.5,71.1,428,0,1,36,0,0,0,0,0,0,0,0,0,0,0,0,0,0,0,0,0,0,0,0,0,0,0,0,100,50,0,0,0,0
2026-07-30T08:50:07.499Z,29.6,71.3,407,0,1,27,26,56.5,0,952.3,0,0,29.5,53.9,426,0,1,35,0,0,0,0,0,0,19.4,71.1,409,0,1,28,0,0,0,0,0,0,0,0,0,0,0,0,0,0,0,0,0,0,0,0,0,0,0,0,100,50,0,0,0,0
2026-07-30T08:50:12.501Z,29.6,71.3,400,0,1,18,26,56.5,0,952.3,0,0,29.5,53.9,425,0,1,35,0,0,0,0,0,0,19.4,71.1,421,0,1,33,0,0,0,0,0,0,0,0,0,0,0,0,0,0,0,0,0,0,0,0,0,0,0,0,100,50,0,0,0,0
2026-07-30T08:50:17.494Z,29.6,71.2,417,0,1,31,26,56.3,0,952.2,0,0,29.5,53.8,429,0,1,37,0,0,0,0,0,0,19.4,71.1,409,0,1,28,0,0,0,0,0,0,0,0,0,0,0,0,0,0,0,0,0,0,0,0,0,0,0,0,100,50,0,0,0,0
2026-07-30T08:50:22.499Z,29.6,70.9,416,0,1,31,26,56.2,0,952.1,0,0,29.4,53.6,424,0,1,35,0,0,0,0,0,0,19.3,71.2,415,0,1,30,0,0,0,0,0,0,0,0,0,0,0,0,0,0,0,0,0,0,0,0,0,0,0,0,100,50,0,0,0,0
2026-07-30T08:50:27.497Z,29.6,71.1,403,0,1,25,26,57.4,0,952.2,0,0,29.4,53.7,433,0,1,38,0,0,0,0,0,0,19.3,71.6,411,0,1,28,0,0,0,0,0,0,0,0,0,0,0,0,0,0,0,0,0,0,0,0,0,0,0,0,100,50,0,0,0,0
2026-07-30T08:50:32.495Z,29.6,71,409,0,1,27,26,57.4,0,952.2,0,0,29.4,53.7,427,0,1,36,0,0,0,0,0,0,19.3,71.6,400,0,1,23,0,0,0,0,0,0,0,0,0,0,0,0,0,0,0,0,0,0,0,0,0,0,0,0,100,50,0,0,0,0
2026-07-30T08:50:37.498Z,29.7,71.1,433,0,1,38,26,58.5,0,952.2,0,0,29.5,55.1,452,0,1,47,0,0,0,0,0,0,19.4,72.1,419,0,1,32,0,0,0,0,0,0,0,0,0,0,0,0,0,0,0,0,0,0,0,0,0,0,0,0,100,50,0,0,0,0
2026-07-30T08:50:42.494Z,29.7,71,441,0,1,42,26,58.5,0,952.2,0,0,29.5,55.1,414,0,1,30,0,0,0,0,0,0,19.4,72.1,413,0,1,30,0,0,0,0,0,0,0,0,0,0,0,0,0,0,0,0,0,0,0,0,0,0,0,0,100,50,0,0,0,0
2026-07-30T08:50:47.499Z,29.7,71,436,0,1,40,26,57.8,0,952.2,0,0,29.4,55.1,429,0,1,37,0,0,0,0,0,0,19.4,72.1,417,0,1,31,0,0,0,0,0,0,0,0,0,0,0,0,0,0,0,0,0,0,0,0,0,0,0,0,100,50,0,0,0,0
2026-07-30T08:50:52.498Z,29.7,71.1,417,0,1,31,26,57.1,0,952.2,0,0,29.4,54.7,427,0,1,36,0,0,0,0,0,0,19.3,72,406,0,1,26,0,0,0,0,0,0,0,0,0,0,0,0,0,0,0,0,0,0,0,0,0,0,0,0,100,50,0,0,0,0
2026-07-30T08:50:57.496Z,29.7,71.1,434,0,1,39,26,56.7,0,952.2,0,0,29.4,54.4,435,0,1,39,0,0,0,0,0,0,19.3,71.9,420,0,1,33,0,0,0,0,0,0,0,0,0,0,0,0,0,0,0,0,0,0,0,0,0,0,0,0,100,50,0,0,0,0
2026-07-30T08:51:02.493Z,29.7,71.1,415,0,1,31,26,56.6,0,952.2,0,0,29.4,54.3,414,0,1,30,0,0,0,0,0,0,19.3,71.9,434,0,1,39,0,0,0,0,0,0,0,0,0,0,0,0,0,0,0,0,0,0,0,0,0,0,0,0,100,50,0,0,0,0
2026-07-30T08:51:07.500Z,29.7,71,438,0,1,41,25.9,56.8,0,952.2,0,0,29.4,54.5,462,0,1,53,0,0,0,0,0,0,19.3,71.9,422,0,1,34,0,0,0,0,0,0,0,0,0,0,0,0,0,0,0,0,0,0,0,0,0,0,0,0,100,50,0,0,0,0
2026-07-30T08:51:12.507Z,29.7,71,444,0,1,44,26,57,0,952.2,0,0,29.4,54.6,433,0,1,39,0,0,0,0,0,0,19.3,71.9,421,0,1,33,0,0,0,0,0,0,0,0,0,0,0,0,0,0,0,0,0,0,0,0,0,0,0,0,100,50,0,0,0,0
2026-07-30T08:51:17.500Z,29.7,71,427,0,1,36,26,57,0,952.2,0,0,29.4,54.6,445,0,1,44,0,0,0,0,0,0,19.3,71.8,431,0,1,38,0,0,0,0,0,0,0,0,0,0,0,0,0,0,0,0,0,0,0,0,0,0,0,0,100,50,0,0,0,0
2026-07-30T08:51:22.498Z,29.7,71,426,0,1,35,25.9,57.1,0,952.1,0,0,29.5,54.5,449,0,1,46,0,0,0,0,0,0,19.3,71.9,433,0,1,38,0,0,0,0,0,0,0,0,0,0,0,0,0,0,0,0,0,0,0,0,0,0,0,0,100,50,0,0,0,0
2026-07-30T08:51:27.495Z,29.7,70.9,400,0,1,19,26,57.2,0,952.1,0,0,29.5,54.6,453,0,1,48,0,0,0,0,0,0,19.3,71.9,443,0,1,43,0,0,0,0,0,0,0,0,0,0,0,0,0,0,0,0,0,0,0,0,0,0,0,0,100,50,0,0,0,0
2026-07-30T08:51:32.493Z,29.7,70.7,400,0,1,13,26,57.2,0,952.1,0,0,29.5,54.6,452,0,1,48,0,0,0,0,0,0,19.3,71.9,430,0,1,37,0,0,0,0,0,0,0,0,0,0,0,0,0,0,0,0,0,0,0,0,0,0,0,0,100,50,0,0,0,0
2026-07-30T08:51:37.495Z,29.8,70.5,433,0,1,39,25.9,57.3,0,952.1,0,0,29.5,54.8,443,0,1,43,0,0,0,0,0,0,19.2,71.9,425,0,1,35,0,0,0,0,0,0,0,0,0,0,0,0,0,0,0,0,0,0,0,0,0,0,0,0,100,50,0,0,0,0
2026-07-30T08:51:42.495Z,29.8,70.4,400,0,1,22,25.9,56.9,0,952.2,0,0,29.4,54.5,440,0,1,42,0,0,0,0,0,0,19.2,72,416,0,1,31,0,0,0,0,0,0,0,0,0,0,0,0,0,0,0,0,0,0,0,0,0,0,0,0,100,50,0,0,0,0
2026-07-30T08:51:47.493Z,29.8,70.3,403,0,1,25,25.9,56.9,0,952.2,0,0,29.4,54.5,470,0,1,57,0,0,0,0,0,0,19.2,72,441,0,1,42,0,0,0,0,0,0,0,0,0,0,0,0,0,0,0,0,0,0,0,0,0,0,0,0,100,50,0,0,0,0
2026-07-30T08:51:52.493Z,29.9,70.3,407,0,1,27,25.9,56.7,0,952.1,0,0,29.5,54.3,446,0,1,44,0,0,0,0,0,0,19.2,72,427,0,1,36,0,0,0,0,0,0,0,0,0,0,0,0,0,0,0,0,0,0,0,0,0,0,0,0,100,50,0,0,0,0
2026-07-30T08:51:57.495Z,29.9,70.2,400,0,1,19,25.9,56.6,0,952.2,0,0,29.5,54.2,471,0,1,57,0,0,0,0,0,0,19.2,72,421,0,1,33,0,0,0,0,0,0,0,0,0,0,0,0,0,0,0,0,0,0,0,0,0,0,0,0,100,50,0,0,0,0
2026-07-30T08:52:02.506Z,29.9,70.2,409,0,1,28,25.9,56.6,0,952.2,0,0,29.5,54.2,448,0,1,45,0,0,0,0,0,0,19.2,72.1,437,0,1,40,0,0,0,0,0,0,0,0,0,0,0,0,0,0,0,0,0,0,0,0,0,0,0,0,100,50,0,0,0,0
2026-07-30T08:52:07.494Z,29.9,70.1,400,0,1,23,25.9,56.6,0,952.2,0,0,29.5,54,464,0,1,54,0,0,0,0,0,0,19.2,72.1,431,0,1,38,0,0,0,0,0,0,0,0,0,0,0,0,0,0,0,0,0,0,0,0,0,0,0,0,100,50,0,0,0,0
2026-07-30T08:52:12.494Z,29.9,70,420,0,1,32,25.9,56.4,0,952.2,0,0,29.5,53.8,439,0,1,41,0,0,0,0,0,0,19.2,72.1,437,0,1,40,0,0,0,0,0,0,0,0,0,0,0,0,0,0,0,0,0,0,0,0,0,0,0,0,100,50,0,0,0,0
2026-07-30T08:52:17.505Z,29.9,69.9,424,0,1,34,25.9,56.4,0,952.2,0,0,29.5,53.8,476,0,1,60,0,0,0,0,0,0,19.2,72.1,451,0,1,47,0,0,0,0,0,0,0,0,0,0,0,0,0,0,0,0,0,0,0,0,0,0,0,0,100,50,0,0,0,0
2026-07-30T08:52:22.507Z,29.9,69.9,456,0,1,49,25.9,56.2,0,952.2,0,0,29.5,53.6,452,0,1,48,0,0,0,0,0,0,19.2,72.1,441,0,1,42,0,0,0,0,0,0,0,0,0,0,0,0,0,0,0,0,0,0,0,0,0,0,0,0,100,50,0,0,0,0
2026-07-30T08:52:27.501Z,29.9,70.1,450,0,1,47,25.9,56.2,0,952.2,0,0,29.5,53.6,471,0,1,57,0,0,0,0,0,0,19.2,72.1,438,0,1,41,0,0,0,0,0,0,0,0,0,0,0,0,0,0,0,0,0,0,0,0,0,0,0,0,100,50,0,0,0,0
2026-07-30T08:52:32.503Z,29.9,70.1,448,0,1,46,25.9,56.2,0,952.2,0,0,29.4,53.6,482,0,1,62,0,0,0,0,0,0,19.2,72.2,450,0,1,46,0,0,0,0,0,0,0,0,0,0,0,0,0,0,0,0,0,0,0,0,0,0,0,0,100,50,0,0,0,0
2026-07-30T08:52:37.505Z,29.9,70.2,424,0,1,34,25.9,56.3,0,952.2,0,0,29.5,53.6,481,0,1,62,0,0,0,0,0,0,19.1,72.2,436,0,1,40,0,0,0,0,0,0,0,0,0,0,0,0,0,0,0,0,0,0,0,0,0,0,0,0,100,50,0,0,0,0
2026-07-30T08:52:42.501Z,29.8,70.3,435,0,1,40,25.9,56.1,0,952.2,0,0,29.5,53.5,459,0,1,51,0,0,0,0,0,0,19.1,72.2,445,0,1,44,0,0,0,0,0,0,0,0,0,0,0,0,0,0,0,0,0,0,0,0,0,0,0,0,100,50,0,0,0,0
2026-07-30T08:52:47.496Z,29.8,70.3,458,0,1,50,25.9,56.1,0,952.2,0,0,29.5,53.5,473,0,1,58,0,0,0,0,0,0,19.1,72.2,450,0,1,46,0,0,0,0,0,0,0,0,0,0,0,0,0,0,0,0,0,0,0,0,0,0,0,0,100,50,0,0,0,0
2026-07-30T08:52:52.502Z,29.8,70.4,449,0,1,46,25.9,56,0,952.3,0,0,29.5,53.5,472,0,1,57,0,0,0,0,0,0,19.1,72.4,449,0,1,46,0,0,0,0,0,0,0,0,0,0,0,0,0,0,0,0,0,0,0,0,0,0,0,0,100,50,0,0,0,0
2026-07-30T08:52:57.495Z,29.8,70.4,436,0,1,40,25.9,56,0,952.3,0,0,29.5,53.5,459,0,1,51,0,0,0,0,0,0,19.1,72.4,456,0,1,50,0,0,0,0,0,0,0,0,0,0,0,0,0,0,0,0,0,0,0,0,0,0,0,0,100,50,0,0,0,0
2026-07-30T08:53:02.503Z,29.8,70.4,440,0,1,42,25.9,56,0,952.2,0,0,29.5,53.5,475,0,1,59,0,0,0,0,0,0,19,72.6,450,0,1,47,0,0,0,0,0,0,0,0,0,0,0,0,0,0,0,0,0,0,0,0,0,0,0,0,100,50,0,0,0,0
2026-07-30T08:53:07.496Z,29.8,70.4,436,0,1,40,25.9,56,0,952.2,0,0,29.4,53.3,464,0,1,54,0,0,0,0,0,0,19,72.7,477,0,1,60,0,0,0,0,0,0,0,0,0,0,0,0,0,0,0,0,0,0,0,0,0,0,0,0,100,50,0,0,0,0
2026-07-30T08:53:12.495Z,29.8,70.4,441,0,1,42,25.9,56,0,952.1,0,0,29.5,53.3,499,0,2,71,0,0,0,0,0,0,18.9,72.8,454,0,1,49,0,0,0,0,0,0,0,0,0,0,0,0,0,0,0,0,0,0,0,0,0,0,0,0,100,50,0,0,0,0
2026-07-30T08:53:17.498Z,29.8,70.3,429,0,1,36,25.9,56,0,952.1,0,0,29.5,53.3,476,0,1,60,0,0,0,0,0,0,18.9,72.8,447,0,1,45,0,0,0,0,0,0,0,0,0,0,0,0,0,0,0,0,0,0,0,0,0,0,0,0,100,50,0,0,0,0
2026-07-30T08:53:22.499Z,29.8,70.3,407,0,1,27,25.9,55.8,0,952.2,0,0,29.5,53.2,459,0,1,51,0,0,0,0,0,0,18.9,72.9,458,0,1,51,0,0,0,0,0,0,0,0,0,0,0,0,0,0,0,0,0,0,0,0,0,0,0,0,100,50,0,0,0,0
2026-07-30T08:53:27.627Z,29.8,70.2,411,0,1,29,25.9,55.8,0,952.1,0,0,29.5,53.2,505,0,2,75,0,0,0,0,0,0,18.9,73,456,0,1,50,0,0,0,0,0,0,0,0,0,0,0,0,0,0,0,0,0,0,0,0,0,0,0,0,100,50,0,0,0,0
2026-07-30T08:53:32.497Z,29.8,70.2,400,0,1,23,25.9,55.7,0,952.2,0,0,29.5,53.1,470,0,1,56,0,0,0,0,0,0,18.9,73,452,0,1,47,0,0,0,0,0,0,0,0,0,0,0,0,0,0,0,0,0,0,0,0,0,0,0,0,100,50,0,0,0,0
2026-07-30T08:53:37.503Z,29.8,70.2,404,0,1,26,25.9,55.7,0,952.2,0,0,29.5,53.1,475,0,1,59,0,0,0,0,0,0,18.9,73,450,0,1,47,0,0,0,0,0,0,0,0,0,0,0,0,0,0,0,0,0,0,0,0,0,0,0,0,100,50,0,0,0,0
2026-07-30T08:53:42.498Z,29.9,70.1,413,0,1,30,25.9,55.5,0,952.1,0,0,29.4,53,493,0,2,69,0,0,0,0,0,0,19,72.9,450,0,1,47,0,0,0,0,0,0,0,0,0,0,0,0,0,0,0,0,0,0,0,0,0,0,0,0,100,50,0,0,0,0
2026-07-30T08:53:47.497Z,29.9,70.1,437,0,1,40,25.9,55.4,0,952.2,0,0,29.4,53,493,0,2,68,0,0,0,0,0,0,19,72.9,449,0,1,46,0,0,0,0,0,0,0,0,0,0,0,0,0,0,0,0,0,0,0,0,0,0,0,0,100,50,0,0,0,0
2026-07-30T08:53:52.498Z,29.9,70,414,0,1,30,25.9,55.4,0,952.2,0,0,29.5,52.9,487,0,2,65,0,0,0,0,0,0,18.9,72.9,455,0,1,49,0,0,0,0,0,0,0,0,0,0,0,0,0,0,0,0,0,0,0,0,0,0,0,0,100,50,0,0,0,0
2026-07-30T08:53:57.498Z,29.9,70,400,0,1,17,25.9,55.3,0,952.1,0,0,29.5,52.8,464,0,1,53,0,0,0,0,0,0,18.9,73,455,0,1,49,0,0,0,0,0,0,0,0,0,0,0,0,0,0,0,0,0,0,0,0,0,0,0,0,100,50,0,0,0,0
2026-07-30T08:54:02.497Z,29.9,69.9,411,0,1,28,25.9,55.3,0,952.1,0,0,29.5,52.8,498,0,2,71,0,0,0,0,0,0,18.9,73,457,0,1,50,0,0,0,0,0,0,0,0,0,0,0,0,0,0,0,0,0,0,0,0,0,0,0,0,100,50,0,0,0,0
2026-07-30T08:54:07.497Z,29.9,69.9,414,0,1,30,25.9,55.2,0,952.2,0,0,29.4,52.7,464,0,1,53,0,0,0,0,0,0,18.9,73.2,473,0,1,58,0,0,0,0,0,0,0,0,0,0,0,0,0,0,0,0,0,0,0,0,0,0,0,0,100,50,0,0,0,0
2026-07-30T08:54:12.501Z,29.9,69.8,430,0,1,37,25.9,55.1,0,952.2,0,0,29.4,52.8,471,0,1,57,0,0,0,0,0,0,18.9,73.4,463,0,1,53,0,0,0,0,0,0,0,0,0,0,0,0,0,0,0,0,0,0,0,0,0,0,0,0,100,50,0,0,0,0
2026-07-30T08:54:17.497Z,29.9,69.9,425,0,1,35,25.9,55.2,0,952.1,0,0,29.4,52.6,497,0,2,70,0,0,0,0,0,0,18.9,73.6,454,0,1,48,0,0,0,0,0,0,0,0,0,0,0,0,0,0,0,0,0,0,0,0,0,0,0,0,100,50,0,0,0,0
2026-07-30T08:54:22.495Z,29.9,69.7,427,0,1,36,25.9,55,0,952.2,0,0,29.4,52.5,510,0,2,77,0,0,0,0,0,0,18.9,73.7,464,0,1,53,0,0,0,0,0,0,0,0,0,0,0,0,0,0,0,0,0,0,0,0,0,0,0,0,100,50,0,0,0,0
2026-07-30T08:54:27.495Z,29.8,70,445,0,1,44,25.9,54.9,0,952.1,0,0,29.4,52.4,479,0,1,61,0,0,0,0,0,0,18.9,73.7,482,0,1,63,0,0,0,0,0,0,0,0,0,0,0,0,0,0,0,0,0,0,0,0,0,0,0,0,100,50,0,0,0,0
2026-07-30T08:54:32.494Z,29.8,70.2,411,0,1,29,25.9,54.9,0,952.1,0,0,29.4,52.4,477,0,1,60,0,0,0,0,0,0,18.9,73.7,478,0,1,60,0,0,0,0,0,0,0,0,0,0,0,0,0,0,0,0,0,0,0,0,0,0,0,0,100,50,0,0,0,0
2026-07-30T08:54:37.499Z,29.8,70.2,420,0,1,33,25.9,54.8,0,952.2,0,0,29.4,52.3,484,0,1,64,0,0,0,0,0,0,18.9,73.8,477,0,1,60,0,0,0,0,0,0,0,0,0,0,0,0,0,0,0,0,0,0,0,0,0,0,0,0,100,50,0,0,0,0
2026-07-30T08:54:42.497Z,29.8,70.3,439,0,1,41,25.9,54.7,0,952.1,0,0,29.4,52.1,499,0,2,71,0,0,0,0,0,0,18.8,73.8,484,0,1,63,0,0,0,0,0,0,0,0,0,0,0,0,0,0,0,0,0,0,0,0,0,0,0,0,100,50,0,0,0,0
2026-07-30T08:54:47.499Z,29.7,70.4,455,0,1,49,25.9,54.6,0,952.1,0,0,29.4,52.1,490,0,2,67,0,0,0,0,0,0,18.8,73.9,467,0,1,55,0,0,0,0,0,0,0,0,0,0,0,0,0,0,0,0,0,0,0,0,0,0,0,0,100,50,0,0,0,0
2026-07-30T08:54:52.498Z,29.7,70.5,435,0,1,39,25.9,54.5,0,952.1,0,0,29.4,51.9,487,0,2,65,0,0,0,0,0,0,18.8,73.9,480,0,1,61,0,0,0,0,0,0,0,0,0,0,0,0,0,0,0,0,0,0,0,0,0,0,0,0,100,50,0,0,0,0
2026-07-30T08:54:57.499Z,29.7,70.3,465,0,1,54,25.9,54.5,0,952.1,0,0,29.4,51.9,478,0,1,60,0,0,0,0,0,0,18.8,73.9,475,0,1,59,0,0,0,0,0,0,0,0,0,0,0,0,0,0,0,0,0,0,0,0,0,0,0,0,100,50,0,0,0,0
2026-07-30T08:55:02.497Z,29.7,70.6,445,0,1,44,25.8,54.4,0,952.1,0,0,29.4,51.8,485,0,1,64,0,0,0,0,0,0,18.8,74,490,0,2,67,0,0,0,0,0,0,0,0,0,0,0,0,0,0,0,0,0,0,0,0,0,0,0,0,100,50,0,0,0,0
2026-07-30T08:55:07.496Z,29.7,70.6,445,0,1,44,25.9,54.4,0,952.1,0,0,29.4,51.8,478,0,1,61,0,0,0,0,0,0,18.8,73.9,484,0,1,64,0,0,0,0,0,0,0,0,0,0,0,0,0,0,0,0,0,0,0,0,0,0,0,0,100,50,0,0,0,0
2026-07-30T08:55:12.501Z,29.7,70.6,430,0,1,37,25.8,54.3,0,952.1,0,0,29.4,51.8,488,0,2,66,0,0,0,0,0,0,18.8,74,458,0,1,51,0,0,0,0,0,0,0,0,0,0,0,0,0,0,0,0,0,0,0,0,0,0,0,0,100,50,0,0,0,0
2026-07-30T08:55:17.497Z,29.7,70.6,433,0,1,39,25.8,54.3,0,952.1,0,0,29.4,51.7,510,0,2,78,0,0,0,0,0,0,18.8,74,477,0,1,60,0,0,0,0,0,0,0,0,0,0,0,0,0,0,0,0,0,0,0,0,0,0,0,0,100,50,0,0,0,0
2026-07-30T08:55:22.499Z,29.7,70.7,436,0,1,40,25.9,54.3,0,952.2,0,0,29.4,51.7,475,0,1,59,0,0,0,0,0,0,18.8,73.9,472,0,1,58,0,0,0,0,0,0,0,0,0,0,0,0,0,0,0,0,0,0,0,0,0,0,0,0,100,50,0,0,0,0
2026-07-30T08:55:27.498Z,29.7,70.7,435,0,1,39,25.8,54.2,0,952.1,0,0,29.4,51.8,478,0,1,60,0,0,0,0,0,0,18.8,73.9,474,0,1,59,0,0,0,0,0,0,0,0,0,0,0,0,0,0,0,0,0,0,0,0,0,0,0,0,100,50,0,0,0,0
2026-07-30T08:55:32.501Z,29.7,70.5,424,0,1,34,25.8,54.2,0,952.1,0,0,29.4,51.7,468,0,1,62,0,0,0,0,0,0,18.8,73.9,466,0,2,54,0,0,0,0,0,0,0,0,0,0,0,0,0,0,0,0,0,0,0,0,0,0,0,0,100,50,0,0,0,0
2026-07-30T08:55:37.500Z,29.6,70.7,432,0,1,38,25.8,54.2,0,952.1,0,0,29.4,51.7,480,0,2,62,0,0,0,0,0,0,18.8,73.9,484,0,1,64,0,0,0,0,0,0,0,0,0,0,0,0,0,0,0,0,0,0,0,0,0,0,0,0,100,50,0,0,0,0
2026-07-30T08:55:42.495Z,29.6,70.7,408,0,1,27,25.8,54.1,0,952.2,0,0,29.4,51.6,504,0,2,74,0,0,0,0,0,0,18.8,73.9,485,0,1,64,0,0,0,0,0,0,0,0,0,0,0,0,0,0,0,0,0,0,0,0,0,0,0,0,100,50,0,0,0,0
2026-07-30T08:55:47.497Z,29.6,70.7,454,0,1,49,25.8,54,0,952.2,0,0,29.4,51.5,512,0,2,79,0,0,0,0,0,0,18.8,73.9,467,0,1,55,0,0,0,0,0,0,0,0,0,0,0,0,0,0,0,0,0,0,0,0,0,0,0,0,100,50,0,0,0,0
2026-07-30T08:55:52.496Z,29.6,70.8,469,0,1,56,25.8,54,0,952.1,0,0,29.4,51.4,470,0,1,57,0,0,0,0,0,0,18.8,73.9,477,0,2,65,0,0,0,0,0,0,0,0,0,0,0,0,0,0,0,0,0,0,0,0,0,0,0,0,100,50,0,0,0,0
2026-07-30T08:55:57.495Z,29.6,70.8,448,0,1,46,25.8,53.9,0,952.1,0,0,29.4,51.4,493,0,2,68,0,0,0,0,0,0,18.8,73.8,469,0,1,56,0,0,0,0,0,0,0,0,0,0,0,0,0,0,0,0,0,0,0,0,0,0,0,0,100,50,0,0,0,0
2026-07-30T08:56:02.496Z,29.6,70.9,454,0,1,49,25.8,53.8,0,952.1,0,0,29.4,51.3,482,0,1,62,0,0,0,0,0,0,18.7,73.9,496,0,2,70,0,0,0,0,0,0,0,0,0,0,0,0,0,0,0,0,0,0,0,0,0,0,0,0,100,50,0,0,0,0
2026-07-30T08:56:07.496Z,29.6,70.9,441,0,1,42,25.8,53.8,0,952.1,0,0,29.4,51.3,510,0,2,77,0,0,0,0,0,0,18.7,73.9,487,0,2,65,0,0,0,0,0,0,0,0,0,0,0,0,0,0,0,0,0,0,0,0,0,0,0,0,100,50,0,0,0,0
2026-07-30T08:56:12.496Z,29.6,70.7,484,0,1,64,25.8,53.7,0,952.1,0,0,29.4,51.2,493,0,2,69,0,0,0,0,0,0,18.7,74,487,0,2,65,0,0,0,0,0,0,0,0,0,0,0,0,0,0,0,0,0,0,0,0,0,0,0,0,100,50,0,0,0,0
2026-07-30T08:56:17.496Z,29.6,71,452,0,1,48,25.8,53.7,0,952.1,0,0,29.4,51.2,496,0,2,70,0,0,0,0,0,0,18.7,74,487,0,2,73,0,0,0,0,0,0,0,0,0,0,0,0,0,0,0,0,0,0,0,0,0,0,0,0,100,50,0,0,0,0
2026-07-30T08:56:22.495Z,29.6,71,437,0,1,41,25.8,53.6,0,952.2,0,0,29.4,51.1,490,0,2,67,0,0,0,0,0,0,18.7,74.1,475,0,1,59,0,0,0,0,0,0,0,0,0,0,0,0,0,0,0,0,0,0,0,0,0,0,0,0,100,50,0,0,0,0
2026-07-30T08:56:27.496Z,29.6,71,457,0,1,50,25.8,53.5,0,952.2,0,0,29.4,51.1,511,0,2,78,0,0,0,0,0,0,18.7,74.2,465,0,1,54,0,0,0,0,0,0,0,0,0,0,0,0,0,0,0,0,0,0,0,0,0,0,0,0,100,50,0,0,0,0
2026-07-30T08:56:32.496Z,29.6,70.9,420,0,1,32,25.8,53.5,0,952.1,0,0,29.4,51.1,501,0,2,73,0,0,0,0,0,0,18.7,74.3,501,0,2,73,0,0,0,0,0,0,0,0,0,0,0,0,0,0,0,0,0,0,0,0,0,0,0,0,100,50,0,0,0,0
2026-07-30T08:56:37.507Z,29.6,70.6,426,0,1,35,25.8,53.5,0,952.1,0,0,29.4,51.1,497,0,2,71,0,0,0,0,0,0,18.7,74.3,506,0,2,75,0,0,0,0,0,0,0,0,0,0,0,0,0,0,0,0,0,0,0,0,0,0,0,0,100,50,0,0,0,0
2026-07-30T08:56:42.494Z,29.6,70.8,409,0,1,28,25.8,53.5,0,952.2,0,0,29.4,51.1,511,0,2,78,0,0,0,0,0,0,18.7,74.3,479,0,1,61,0,0,0,0,0,0,0,0,0,0,0,0,0,0,0,0,0,0,0,0,0,0,0,0,100,50,0,0,0,0
2026-07-30T08:56:47.494Z,29.6,70.8,434,0,1,39,25.8,53.4,0,952.2,0,0,29.4,51,503,0,2,74,0,0,0,0,0,0,18.7,74.4,487,0,2,65,0,0,0,0,0,0,0,0,0,0,0,0,0,0,0,0,0,0,0,0,0,0,0,0,100,50,0,0,0,0
2026-07-30T08:56:52.493Z,29.7,70.7,455,0,1,49,25.8,53.4,0,952.2,0,0,29.4,51,502,0,2,73,0,0,0,0,0,0,18.7,74.4,481,0,1,62,0,0,0,0,0,0,0,0,0,0,0,0,0,0,0,0,0,0,0,0,0,0,0,0,100,50,0,0,0,0
2026-07-30T08:56:57.493Z,29.7,70.7,433,0,1,38,25.8,53.5,0,952.2,0,0,29.4,51,489,0,2,66,0,0,0,0,0,0,18.7,74.3,487,0,2,65,0,0,0,0,0,0,0,0,0,0,0,0,0,0,0,0,0,0,0,0,0,0,0,0,100,50,0,0,0,0
2026-07-30T08:57:02.504Z,29.7,70.5,423,0,1,34,25.8,53.6,0,952.1,0,0,29.4,51,510,0,2,78,0,0,0,0,0,0,18.7,74.3,494,0,2,69,0,0,0,0,0,0,0,0,0,0,0,0,0,0,0,0,0,0,0,0,0,0,0,0,100,50,0,0,0,0
2026-07-30T08:57:07.501Z,29.7,70.5,417,0,1,31,25.8,53.4,0,952.1,0,0,29.4,51,514,0,2,80,0,0,0,0,0,0,18.7,74.3,492,0,2,68,0,0,0,0,0,0,0,0,0,0,0,0,0,0,0,0,0,0,0,0,0,0,0,0,100,50,0,0,0,0
2026-07-30T08:57:12.500Z,29.8,70.3,411,0,1,29,25.8,53.4,0,952.1,0,0,29.4,50.9,520,0,2,83,0,0,0,0,0,0,18.7,74.2,491,0,2,67,0,0,0,0,0,0,0,0,0,0,0,0,0,0,0,0,0,0,0,0,0,0,0,0,100,50,0,0,0,0
2026-07-30T08:57:17.498Z,29.8,70.3,411,0,1,28,25.8,53.4,0,952.1,0,0,29.4,50.9,502,0,2,73,0,0,0,0,0,0,18.7,74.2,482,0,1,63,0,0,0,0,0,0,0,0,0,0,0,0,0,0,0,0,0,0,0,0,0,0,0,0,100,50,0,0,0,0
2026-07-30T08:57:22.504Z,29.8,70.2,400,0,1,15,25.8,53.3,0,952.1,0,0,29.4,50.8,507,0,2,76,0,0,0,0,0,0,18.7,74.1,494,0,2,69,0,0,0,0,0,0,0,0,0,0,0,0,0,0,0,0,0,0,0,0,0,0,0,0,100,50,0,0,0,0
2026-07-30T08:57:27.501Z,29.8,70.1,410,0,1,28,25.8,53.2,0,952.1,0,0,29.4,50.8,487,0,2,65,0,0,0,0,0,0,18.7,74,497,0,2,71,0,0,0,0,0,0,0,0,0,0,0,0,0,0,0,0,0,0,0,0,0,0,0,0,100,50,0,0,0,0
2026-07-30T08:57:32.500Z,29.8,70,411,0,1,29,25.8,53.1,0,952.1,0,0,29.4,50.7,490,0,2,67,0,0,0,0,0,0,18.7,73.8,492,0,2,68,0,0,0,0,0,0,0,0,0,0,0,0,0,0,0,0,0,0,0,0,0,0,0,0,100,50,0,0,0,0
2026-07-30T08:57:37.497Z,29.9,69.9,415,0,1,30,25.8,53.1,0,952.1,0,0,29.4,50.7,503,0,2,74,0,0,0,0,0,0,18.7,73.8,483,0,1,63,0,0,0,0,0,0,0,0,0,0,0,0,0,0,0,0,0,0,0,0,0,0,0,0,100,50,0,0,0,0
2026-07-30T08:57:42.501Z,29.9,69.8,423,0,1,34,25.8,53.1,0,952.1,0,0,29.3,50.7,490,0,2,67,0,0,0,0,0,0,18.7,73.9,468,0,1,56,0,0,0,0,0,0,0,0,0,0,0,0,0,0,0,0,0,0,0,0,0,0,0,0,100,50,0,0,0,0
2026-07-30T08:57:47.501Z,29.9,69.5,420,0,1,33,25.8,53.1,0,952.1,0,0,29.4,50.7,502,0,2,73,0,0,0,0,0,0,18.7,73.9,504,0,2,74,0,0,0,0,0,0,0,0,0,0,0,0,0,0,0,0,0,0,0,0,0,0,0,0,100,50,0,0,0,0
2026-07-30T08:57:52.499Z,29.9,69.6,407,0,1,27,25.8,53,0,952.1,0,0,29.3,50.7,520,0,2,83,0,0,0,0,0,0,18.6,74.1,502,0,2,73,0,0,0,0,0,0,0,0,0,0,0,0,0,0,0,0,0,0,0,0,0,0,0,0,100,50,0,0,0,0
2026-07-30T08:57:57.627Z,29.9,69.5,408,0,1,27,25.8,53,0,952.1,0,0,29.3,50.7,493,0,2,68,0,0,0,0,0,0,18.6,74.1,497,0,2,71,0,0,0,0,0,0,0,0,0,0,0,0,0,0,0,0,0,0,0,0,0,0,0,0,100,50,0,0,0,0
2026-07-30T08:58:02.499Z,29.9,69.5,408,0,1,27,25.8,53,0,952,0,0,29.3,50.6,514,0,2,80,0,0,0,0,0,0,18.7,74.1,492,0,2,68,0,0,0,0,0,0,0,0,0,0,0,0,0,0,0,0,0,0,0,0,0,0,0,0,100,50,0,0,0,0
2026-07-30T08:58:07.495Z,29.9,69.5,434,0,1,39,25.8,52.8,0,952.1,0,0,29.3,50.6,518,0,2,82,0,0,0,0,0,0,18.6,74.1,495,0,2,70,0,0,0,0,0,0,0,0,0,0,0,0,0,0,0,0,0,0,0,0,0,0,0,0,100,50,0,0,0,0
2026-07-30T08:58:12.498Z,30,69.5,418,0,1,32,25.8,52.7,0,952.1,0,0,29.3,50.4,496,0,2,70,0,0,0,0,0,0,18.6,74.2,487,0,2,65,0,0,0,0,0,0,0,0,0,0,0,0,0,0,0,0,0,0,0,0,0,0,0,0,100,50,0,0,0,0
2026-07-30T08:58:17.500Z,30,69.4,422,0,1,33,25.8,52.8,0,952.1,0,0,29.3,50.4,493,0,2,68,0,0,0,0,0,0,18.6,74.2,501,0,2,73,0,0,0,0,0,0,0,0,0,0,0,0,0,0,0,0,0,0,0,0,0,0,0,0,100,50,0,0,0,0
2026-07-30T08:58:22.497Z,30,69.4,434,0,1,39,25.8,52.7,0,952.1,0,0,29.3,50.3,502,0,2,73,0,0,0,0,0,0,18.6,74.2,513,0,2,79,0,0,0,0,0,0,0,0,0,0,0,0,0,0,0,0,0,0,0,0,0,0,0,0,100,50,0,0,0,0
2026-07-30T08:58:27.497Z,30,69.3,428,0,1,36,25.8,52.7,0,952.1,0,0,29.3,50.3,502,0,2,73,0,0,0,0,0,0,18.6,74.2,502,0,2,73,0,0,0,0,0,0,0,0,0,0,0,0,0,0,0,0,0,0,0,0,0,0,0,0,100,50,0,0,0,0
2026-07-30T08:58:32.499Z,30.1,69.3,453,0,1,48,25.8,52.7,0,952.1,0,0,29.3,50.4,536,0,2,92,0,0,0,0,0,0,18.6,74.2,514,0,2,80,0,0,0,0,0,0,0,0,0,0,0,0,0,0,0,0,0,0,0,0,0,0,0,0,100,50,0,0,0,0
2026-07-30T08:58:37.500Z,30.1,69.3,435,0,1,40,25.8,52.7,0,952.1,0,0,29.3,50.4,493,0,2,68,0,0,0,0,0,0,18.6,74.2,504,0,2,74,0,0,0,0,0,0,0,0,0,0,0,0,0,0,0,0,0,0,0,0,0,0,0,0,100,50,0,0,0,0
2026-07-30T08:58:42.497Z,30.1,69.3,424,0,1,34,25.7,52.7,0,952.1,0,0,29.3,50.3,512,0,2,78,0,0,0,0,0,0,18.6,74.2,521,0,2,83,0,0,0,0,0,0,0,0,0,0,0,0,0,0,0,0,0,0,0,0,0,0,0,0,100,50,0,0,0,0
2026-07-30T08:58:47.507Z,30.1,69.3,442,0,1,43,25.7,52.6,0,952.2,0,0,29.3,50.3,489,0,2,66,0,0,0,0,0,0,18.6,74.3,498,0,2,71,0,0,0,0,0,0,0,0,0,0,0,0,0,0,0,0,0,0,0,0,0,0,0,0,100,50,0,0,0,0
2026-07-30T08:58:52.505Z,30.1,69.2,471,0,1,57,25.7,52.7,0,952.1,0,0,29.3,50.2,509,0,2,77,0,0,0,0,0,0,18.6,74.3,508,0,2,76,0,0,0,0,0,0,0,0,0,0,0,0,0,0,0,0,0,0,0,0,0,0,0,0,100,50,0,0,0,0
2026-07-30T08:58:57.506Z,30.1,69.3,475,0,1,59,25.7,52.7,0,952.1,0,0,29.3,50.2,500,0,2,72,0,0,0,0,0,0,18.6,74.3,524,0,2,85,0,0,0,0,0,0,0,0,0,0,0,0,0,0,0,0,0,0,0,0,0,0,0,0,100,50,0,0,0,0
2026-07-30T08:59:02.505Z,30.1,69.3,477,0,1,60,25.7,52.6,0,952.1,0,0,29.3,50.2,510,0,2,77,0,0,0,0,0,0,18.7,74.4,514,0,2,80,0,0,0,0,0,0,0,0,0,0,0,0,0,0,0,0,0,0,0,0,0,0,0,0,100,50,0,0,0,0
2026-07-30T08:59:07.495Z,30.1,69.4,478,0,1,61,25.7,52.5,0,952,0,0,29.3,50.3,514,0,2,80,0,0,0,0,0,0,18.6,74.5,508,0,2,77,0,0,0,0,0,0,0,0,0,0,0,0,0,0,0,0,0,0,0,0,0,0,0,0,100,50,0,0,0,0
2026-07-30T08:59:12.496Z,30,69.5,459,0,1,51,25.7,52.5,0,952.1,0,0,29.3,50.2,505,0,2,75,0,0,0,0,0,0,18.7,74.4,527,0,2,87,0,0,0,0,0,0,0,0,0,0,0,0,0,0,0,0,0,0,0,0,0,0,0,0,100,50,0,0,0,0
2026-07-30T08:59:17.500Z,30,69.5,435,0,1,39,25.7,52.4,0,952,0,0,29.3,50.1,516,0,2,81,0,0,0,0,0,0,18.7,74.4,515,0,2,80,0,0,0,0,0,0,0,0,0,0,0,0,0,0,0,0,0,0,0,0,0,0,0,0,100,50,0,0,0,0
2026-07-30T08:59:22.495Z,30,69.5,426,0,1,35,25.7,52.4,0,952,0,0,29.3,50.1,527,0,2,87,0,0,0,0,0,0,18.7,74.4,500,0,2,72,0,0,0,0,0,0,0,0,0,0,0,0,0,0,0,0,0,0,0,0,0,0,0,0,100,50,0,0,0,0
2026-07-30T08:59:27.500Z,30,69.5,432,0,1,38,25.7,52.4,0,952,0,0,29.3,50,520,0,2,83,0,0,0,0,0,0,18.7,74.1,524,0,2,85,0,0,0,0,0,0,0,0,0,0,0,0,0,0,0,0,0,0,0,0,0,0,0,0,100,50,0,0,0,0
2026-07-30T08:59:32.493Z,30,69.5,417,0,1,31,25.7,52.4,0,952,0,0,29.3,50.1,535,0,2,92,0,0,0,0,0,0,18.7,73.9,514,0,2,80,0,0,0,0,0,0,0,0,0,0,0,0,0,0,0,0,0,0,0,0,0,0,0,0,100,50,0,0,0,0
2026-07-30T08:59:37.500Z,30,69.5,448,0,1,46,25.7,52.4,0,952,0,0,29.3,50.1,520,0,2,83,0,0,0,0,0,0,18.7,73.9,513,0,2,79,0,0,0,0,0,0,0,0,0,0,0,0,0,0,0,0,0,0,0,0,0,0,0,0,100,50,0,0,0,0
2026-07-30T08:59:42.493Z,30,69.5,466,0,1,55,25.7,52.4,0,952,0,0,29.3,50,498,0,2,71,0,0,0,0,0,0,18.7,73.7,520,0,2,83,0,0,0,0,0,0,0,0,0,0,0,0,0,0,0,0,0,0,0,0,0,0,0,0,100,50,0,0,0,0
2026-07-30T08:59:47.495Z,30,69.6,461,0,1,52,25.7,52.4,0,952,0,0,29.3,50,512,0,2,79,0,0,0,0,0,0,18.7,73.7,526,0,2,87,0,0,0,0,0,0,0,0,0,0,0,0,0,0,0,0,0,0,0,0,0,0,0,0,100,50,0,0,0,0
2026-07-30T08:59:52.498Z,30,69.6,452,0,1,48,25.7,52.4,0,952.1,0,0,29.3,50,529,0,2,88,0,0,0,0,0,0,18.6,73.7,533,0,2,91,0,0,0,0,0,0,0,0,0,0,0,0,0,0,0,0,0,0,0,0,0,0,0,0,100,50,0,0,0,0
2026-07-30T08:59:57.495Z,30,69.6,444,0,1,44,25.7,52.3,0,952.1,0,0,29.3,50,530,0,2,89,0,0,0,0,0,0,18.6,73.8,537,0,2,93,0,0,0,0,0,0,0,0,0,0,0,0,0,0,0,0,0,0,0,0,0,0,0,0,100,50,0,0,0,0
2026-07-30T09:00:02.498Z,29.9,69.8,490,0,2,67,25.7,52.2,0,952.1,0,0,29.3,49.9,512,0,2,79,0,0,0,0,0,0,18.6,73.9,555,0,2,103,0,0,0,0,0,0,0,0,0,0,0,0,0,0,0,0,0,0,0,0,0,0,0,0,100,50,0,0,0,0
2026-07-30T09:00:07.506Z,29.9,69.8,509,0,2,77,25.7,52.2,0,952.1,0,0,29.3,49.9,516,0,2,81,0,0,0,0,0,0,18.6,74,536,0,2,92,0,0,0,0,0,0,0,0,0,0,0,0,0,0,0,0,0,0,0,0,0,0,0,0,100,50,0,0,0,0
2026-07-30T09:00:12.494Z,29.9,69.9,485,0,1,64,25.7,52.2,0,952.1,0,0,29.3,49.9,520,0,2,83,0,0,0,0,0,0,18.6,74,551,0,2,101,0,0,0,0,0,0,0,0,0,0,0,0,0,0,0,0,0,0,0,0,0,0,0,0,100,50,0,0,0,0
2026-07-30T09:00:17.498Z,29.9,69.9,430,0,1,37,25.7,52.2,0,952,0,0,29.3,49.8,526,0,2,86,0,0,0,0,0,0,18.6,74,519,0,2,82,0,0,0,0,0,0,0,0,0,0,0,0,0,0,0,0,0,0,0,0,0,0,0,0,100,50,0,0,0,0
2026-07-30T09:00:22.496Z,29.8,69.8,427,0,1,36,25.7,52.2,0,952,0,0,29.3,49.8,519,0,2,82,0,0,0,0,0,0,18.6,74,522,0,2,84,0,0,0,0,0,0,0,0,0,0,0,0,0,0,0,0,0,0,0,0,0,0,0,0,100,50,0,0,0,0
2026-07-30T09:00:27.498Z,29.8,69.8,423,0,1,34,25.7,52.2,0,952,0,0,29.3,49.8,533,0,2,90,0,0,0,0,0,0,18.6,74,546,0,2,98,0,0,0,0,0,0,0,0,0,0,0,0,0,0,0,0,0,0,0,0,0,0,0,0,100,50,0,0,0,0
2026-07-30T09:00:32.495Z,29.8,70,469,0,1,56,25.7,53.2,0,952.1,0,0,29.3,50.3,610,0,2,139,0,0,0,0,0,0,18.6,74,546,0,2,98,0,0,0,0,0,0,0,0,0,0,0,0,0,0,0,0,0,0,0,0,0,0,0,0,100,50,0,0,0,0
2026-07-30T09:00:37.497Z,29.8,70,479,0,1,61,25.7,53.2,0,952.1,0,0,29.3,50.3,583,0,2,121,0,0,0,0,0,0,18.6,74,539,0,2,94,0,0,0,0,0,0,0,0,0,0,0,0,0,0,0,0,0,0,0,0,0,0,0,0,100,50,0,0,0,0
2026-07-30T09:00:42.497Z,29.8,70,446,0,1,45,25.7,52.6,0,952,0,0,29.3,50.2,535,0,2,92,0,0,0,0,0,0,18.6,74.1,538,0,2,93,0,0,0,0,0,0,0,0,0,0,0,0,0,0,0,0,0,0,0,0,0,0,0,0,100,50,0,0,0,0
2026-07-30T09:00:47.497Z,29.8,70.1,431,0,1,38,25.7,52.3,0,952,0,0,29.3,50,547,0,2,98,0,0,0,0,0,0,18.6,74,522,0,2,84,0,0,0,0,0,0,0,0,0,0,0,0,0,0,0,0,0,0,0,0,0,0,0,0,100,50,0,0,0,0
2026-07-30T09:00:52.495Z,29.8,70.1,446,0,1,45,25.7,52.2,0,952.1,0,0,29.3,49.8,504,0,2,74,0,0,0,0,0,0,18.6,74,515,0,2,80,0,0,0,0,0,0,0,0,0,0,0,0,0,0,0,0,0,0,0,0,0,0,0,0,100,50,0,0,0,0
2026-07-30T09:00:57.496Z,29.8,70,434,0,1,39,25.7,52.2,0,952.1,0,0,29.3,49.8,540,0,2,95,0,0,0,0,0,0,18.6,74,523,0,2,85,0,0,0,0,0,0,0,0,0,0,0,0,0,0,0,0,0,0,0,0,0,0,0,0,100,50,0,0,0,0
2026-07-30T09:01:02.496Z,29.8,70,453,0,1,48,25.7,52.1,0,952.1,0,0,29.2,49.7,533,0,2,90,0,0,0,0,0,0,18.6,74,531,0,2,90,0,0,0,0,0,0,0,0,0,0,0,0,0,0,0,0,0,0,0,0,0,0,0,0,100,50,0,0,0,0
2026-07-30T09:01:07.496Z,29.8,70.1,425,0,1,35,25.7,52,0,952.1,0,0,29.2,49.6,509,0,2,77,0,0,0,0,0,0,18.6,74,539,0,2,94,0,0,0,0,0,0,0,0,0,0,0,0,0,0,0,0,0,0,0,0,0,0,0,0,100,50,0,0,0,0
2026-07-30T09:01:12.494Z,29.8,70.1,406,0,1,26,25.7,52,0,952.2,0,0,29.2,49.6,533,0,2,91,0,0,0,0,0,0,18.6,74,535,0,2,91,0,0,0,0,0,0,0,0,0,0,0,0,0,0,0,0,0,0,0,0,0,0,0,0,100,50,0,0,0,0
2026-07-30T09:01:17.495Z,29.8,70.1,432,0,1,38,25.7,52,0,952.2,0,0,29.2,49.6,512,0,2,79,0,0,0,0,0,0,18.6,74,529,0,2,88,0,0,0,0,0,0,0,0,0,0,0,0,0,0,0,0,0,0,0,0,0,0,0,0,100,50,0,0,0,0
2026-07-30T09:01:22.494Z,29.8,70,425,0,1,35,25.7,51.9,0,952.1,0,0,29.2,49.5,535,0,2,92,0,0,0,0,0,0,18.6,73.9,533,0,2,90,0,0,0,0,0,0,0,0,0,0,0,0,0,0,0,0,0,0,0,0,0,0,0,0,100,50,0,0,0,0
2026-07-30T09:01:27.494Z,29.7,70.1,443,0,1,43,25.7,51.9,0,952.2,0,0,29.2,49.6,519,0,2,83,0,0,0,0,0,0,18.6,73.9,536,0,2,92,0,0,0,0,0,0,0,0,0,0,0,0,0,0,0,0,0,0,0,0,0,0,0,0,100,50,0,0,0,0
2026-07-30T09:01:32.493Z,29.7,70.1,483,0,1,63,25.7,51.9,0,952.1,0,0,29.2,49.5,508,0,2,76,0,0,0,0,0,0,18.6,73.9,531,0,2,89,0,0,0,0,0,0,0,0,0,0,0,0,0,0,0,0,0,0,0,0,0,0,0,0,100,50,0,0,0,0
2026-07-30T09:01:37.503Z,29.7,70.2,475,0,1,59,25.7,51.9,0,952.1,0,0,29.2,49.5,511,0,2,78,0,0,0,0,0,0,18.6,73.9,541,0,2,95,0,0,0,0,0,0,0,0,0,0,0,0,0,0,0,0,0,0,0,0,0,0,0,0,100,50,0,0,0,0
2026-07-30T09:01:42.507Z,29.7,70.3,494,0,2,69,25.7,51.9,0,952.2,0,0,29.2,49.5,532,0,2,90,0,0,0,0,0,0,18.5,73.9,535,0,2,92,0,0,0,0,0,0,0,0,0,0,0,0,0,0,0,0,0,0,0,0,0,0,0,0,100,50,0,0,0,0
2026-07-30T09:01:47.507Z,29.7,70.3,454,0,1,48,25.7,51.9,0,952.2,0,0,29.2,49.5,509,0,2,77,0,0,0,0,0,0,18.5,73.9,510,0,2,78,0,0,0,0,0,0,0,0,0,0,0,0,0,0,0,0,0,0,0,0,0,0,0,0,100,50,0,0,0,0
2026-07-30T09:01:52.505Z,29.7,70.4,481,0,1,62,25.7,51.8,0,952.2,0,0,29.2,49.5,521,0,2,84,0,0,0,0,0,0,18.5,73.8,539,0,2,94,0,0,0,0,0,0,0,0,0,0,0,0,0,0,0,0,0,0,0,0,0,0,0,0,100,50,0,0,0,0
2026-07-30T09:01:57.498Z,29.7,70.3,470,0,1,57,25.7,51.8,0,952,0,0,29.2,49.4,488,0,2,66,0,0,0,0,0,0,18.5,73.8,539,0,2,94,0,0,0,0,0,0,0,0,0,0,0,0,0,0,0,0,0,0,0,0,0,0,0,0,100,50,0,0,0,0
2026-07-30T09:02:02.506Z,29.6,70.4,453,0,1,48,25.7,51.8,0,952.1,0,0,29.2,49.4,564,0,2,109,0,0,0,0,0,0,18.5,73.7,544,0,2,97,0,0,0,0,0,0,0,0,0,0,0,0,0,0,0,0,0,0,0,0,0,0,0,0,100,50,0,0,0,0
2026-07-30T09:02:07.505Z,29.7,70.4,475,0,1,59,25.6,51.7,0,952.1,0,0,29.2,49.3,539,0,2,94,0,0,0,0,0,0,18.5,73.8,545,0,2,97,0,0,0,0,0,0,0,0,0,0,0,0,0,0,0,0,0,0,0,0,0,0,0,0,100,50,0,0,0,0
2026-07-30T09:02:12.505Z,29.7,70.4,462,0,1,53,25.6,51.7,0,952.1,0,0,29.2,49.4,515,0,2,80,0,0,0,0,0,0,18.4,73.8,537,0,2,93,0,0,0,0,0,0,0,0,0,0,0,0,0,0,0,0,0,0,0,0,0,0,0,0,100,50,0,0,0,0
2026-07-30T09:02:17.500Z,29.7,70.4,429,0,1,37,25.6,51.7,0,952.1,0,0,29.2,49.4,520,0,2,83,0,0,0,0,0,0,18.4,73.8,538,0,2,93,0,0,0,0,0,0,0,0,0,0,0,0,0,0,0,0,0,0,0,0,0,0,0,0,100,50,0,0,0,0
2026-07-30T09:02:22.499Z,29.7,70.4,449,0,1,46,25.6,51.7,0,952.1,0,0,29.2,49.3,540,0,2,95,0,0,0,0,0,0,18.4,73.7,550,0,2,100,0,0,0,0,0,0,0,0,0,0,0,0,0,0,0,0,0,0,0,0,0,0,0,0,100,50,0,0,0,0
2026-07-30T09:02:27.502Z,29.7,70.2,436,0,1,40,25.6,51.7,0,952.1,0,0,29.2,49.3,525,0,2,86,0,0,0,0,0,0,18.4,73.8,536,0,2,92,0,0,0,0,0,0,0,0,0,0,0,0,0,0,0,0,0,0,0,0,0,0,0,0,100,50,0,0,0,0
2026-07-30T09:02:32.505Z,29.8,70.1,400,0,1,22,25.6,51.7,0,952.1,0,0,29.2,49.3,533,0,2,91,0,0,0,0,0,0,18.4,73.9,546,0,2,98,0,0,0,0,0,0,0,0,0,0,0,0,0,0,0,0,0,0,0,0,0,0,0,0,100,50,0,0,0,0
2026-07-30T09:02:37.497Z,29.8,70,424,0,1,35,25.6,51.6,0,952.1,0,0,29.2,49.3,522,0,2,84,0,0,0,0,0,0,18.4,74,549,0,2,100,0,0,0,0,0,0,0,0,0,0,0,0,0,0,0,0,0,0,0,0,0,0,0,0,100,50,0,0,0,0
2026-07-30T09:02:42.504Z,29.8,70,403,0,1,25,25.6,51.6,0,952.1,0,0,29.2,49.3,537,0,2,93,0,0,0,0,0,0,18.4,74,552,0,2,101,0,0,0,0,0,0,0,0,0,0,0,0,0,0,0,0,0,0,0,0,0,0,0,0,100,50,0,0,0,0
2026-07-30T09:02:47.500Z,29.9,69.6,400,0,1,20,25.6,51.6,0,952.1,0,0,29.2,49.3,528,0,2,88,0,0,0,0,0,0,18.4,74,548,0,2,99,0,0,0,0,0,0,0,0,0,0,0,0,0,0,0,0,0,0,0,0,0,0,0,0,100,50,0,0,0,0
2026-07-30T09:02:52.503Z,29.9,69.5,400,0,1,21,25.6,51.6,0,952.1,0,0,29.2,49.3,527,0,2,87,0,0,0,0,0,0,18.4,74.1,554,0,2,103,0,0,0,0,0,0,0,0,0,0,0,0,0,0,0,0,0,0,0,0,0,0,0,0,100,50,0,0,0,0
2026-07-30T09:02:57.500Z,29.9,69.4,400,0,1,20,25.6,51.5,0,952,0,0,29.2,49.3,544,0,2,97,0,0,0,0,0,0,18.4,74.2,540,0,2,94,0,0,0,0,0,0,0,0,0,0,0,0,0,0,0,0,0,0,0,0,0,0,0,0,100,50,0,0,0,0
2026-07-30T09:03:02.496Z,29.9,69.3,435,0,1,39,25.6,51.5,0,952.1,0,0,29.2,49.3,505,0,2,75,0,0,0,0,0,0,18.4,74.2,535,0,2,92,0,0,0,0,0,0,0,0,0,0,0,0,0,0,0,0,0,0,0,0,0,0,0,0,100,50,0,0,0,0
2026-07-30T09:03:07.504Z,30,69.2,404,0,1,26,25.6,51.5,0,952.1,0,0,29.2,49.3,533,0,2,90,0,0,0,0,0,0,18.4,74.2,553,0,2,102,0,0,0,0,0,0,0,0,0,0,0,0,0,0,0,0,0,0,0,0,0,0,0,0,100,50,0,0,0,0
2026-07-30T09:03:12.495Z,30,69.1,409,0,1,28,25.6,51.5,0,952.1,0,0,29.2,49.2,552,0,2,102,0,0,0,0,0,0,18.4,74.3,549,0,2,100,0,0,0,0,0,0,0,0,0,0,0,0,0,0,0,0,0,0,0,0,0,0,0,0,100,50,0,0,0,0
2026-07-30T09:03:17.496Z,30,69.1,400,0,1,22,25.6,51.4,0,952,0,0,29.1,49.3,563,0,2,108,0,0,0,0,0,0,18.4,74.3,577,0,2,117,0,0,0,0,0,0,0,0,0,0,0,0,0,0,0,0,0,0,0,0,0,0,0,0,100,50,0,0,0,0
2026-07-30T09:03:22.499Z,30,68.9,440,0,1,42,25.6,51.4,0,952,0,0,29.1,49.3,525,0,2,86,0,0,0,0,0,0,18.4,74.3,544,0,2,97,0,0,0,0,0,0,0,0,0,0,0,0,0,0,0,0,0,0,0,0,0,0,0,0,100,50,0,0,0,0
2026-07-30T09:03:27.504Z,30,68.9,422,0,1,33,25.6,51.4,0,952,0,0,29.1,49.3,521,0,2,84,0,0,0,0,0,0,18.4,74.4,537,0,2,93,0,0,0,0,0,0,0,0,0,0,0,0,0,0,0,0,0,0,0,0,0,0,0,0,100,50,0,0,0,0
2026-07-30T09:03:32.500Z,30,68.9,410,0,1,28,25.6,51.4,0,952,0,0,29.1,49.2,538,0,2,93,0,0,0,0,0,0,18.4,74.5,568,0,2,112,0,0,0,0,0,0,0,0,0,0,0,0,0,0,0,0,0,0,0,0,0,0,0,0,100,50,0,0,0,0
2026-07-30T09:03:37.494Z,30,68.9,417,0,1,31,25.6,51.4,0,952,0,0,29.1,49.2,524,0,2,85,0,0,0,0,0,0,18.4,74.5,529,0,2,88,0,0,0,0,0,0,0,0,0,0,0,0,0,0,0,0,0,0,0,0,0,0,0,0,100,50,0,0,0,0
2026-07-30T09:03:42.496Z,30.1,68.7,415,0,1,30,25.6,51.4,0,952,0,0,29.1,49.2,517,0,2,82,0,0,0,0,0,0,18.4,74.5,552,0,2,101,0,0,0,0,0,0,0,0,0,0,0,0,0,0,0,0,0,0,0,0,0,0,0,0,100,50,0,0,0,0
2026-07-30T09:03:47.494Z,30.1,68.7,400,0,1,23,25.6,51.4,0,952,0,0,29.1,49.2,534,0,2,91,0,0,0,0,0,0,18.4,74.6,565,0,2,109,0,0,0,0,0,0,0,0,0,0,0,0,0,0,0,0,0,0,0,0,0,0,0,0,100,50,0,0,0,0
2026-07-30T09:03:52.567Z,30.1,68.6,422,0,1,33,25.6,51.3,0,952,0,0,29.1,49.2,531,0,2,89,0,0,0,0,0,0,18.4,74.6,554,0,2,103,0,0,0,0,0,0,0,0,0,0,0,0,0,0,0,0,0,0,0,0,0,0,0,0,100,50,0,0,0,0
2026-07-30T09:03:57.499Z,30,68.6,425,0,1,35,25.6,51.3,0,952,0,0,29.1,49.2,521,0,2,84,0,0,0,0,0,0,18.4,74.6,535,0,2,92,0,0,0,0,0,0,0,0,0,0,0,0,0,0,0,0,0,0,0,0,0,0,0,0,100,50,0,0,0,0
2026-07-30T09:04:02.497Z,30.1,68.6,423,0,1,34,25.6,51.3,0,952,0,0,29.1,49.2,524,0,2,85,0,0,0,0,0,0,18.4,74.6,567,0,2,111,0,0,0,0,0,0,0,0,0,0,0,0,0,0,0,0,0,0,0,0,0,0,0,0,100,50,0,0,0,0
2026-07-30T09:04:07.495Z,30.1,68.6,431,0,1,38,25.6,51.3,0,952.1,0,0,29.1,49.2,553,0,2,102,0,0,0,0,0,0,18.4,74.6,554,0,2,103,0,0,0,0,0,0,0,0,0,0,0,0,0,0,0,0,0,0,0,0,0,0,0,0,100,50,0,0,0,0
2026-07-30T09:04:12.498Z,30,68.6,426,0,1,35,25.6,51.3,0,952.1,0,0,29.1,49.2,537,0,2,93,0,0,0,0,0,0,18.4,74.6,570,0,2,112,0,0,0,0,0,0,0,0,0,0,0,0,0,0,0,0,0,0,0,0,0,0,0,0,100,50,0,0,0,0
2026-07-30T09:04:17.499Z,30,68.7,440,0,1,42,25.6,51.3,0,952.1,0,0,29.1,49.2,518,0,2,82,0,0,0,0,0,0,18.4,74.6,541,0,2,95,0,0,0,0,0,0,0,0,0,0,0,0,0,0,0,0,0,0,0,0,0,0,0,0,100,50,0,0,0,0
2026-07-30T09:04:22.496Z,30,68.8,485,0,1,64,25.6,51.3,0,952.1,0,0,29.1,49.2,545,0,2,98,0,0,0,0,0,0,18.4,74.6,567,0,2,111,0,0,0,0,0,0,0,0,0,0,0,0,0,0,0,0,0,0,0,0,0,0,0,0,100,50,0,0,0,0
2026-07-30T09:04:27.499Z,30,68.9,485,0,1,64,25.6,51.3,0,952.1,0,0,29.1,49.2,541,0,2,95,0,0,0,0,0,0,18.4,74.6,565,0,2,109,0,0,0,0,0,0,0,0,0,0,0,0,0,0,0,0,0,0,0,0,0,0,0,0,100,50,0,0,0,0
2026-07-30T09:04:32.499Z,30,69.1,482,0,1,62,25.6,51.3,0,952,0,0,29.1,49.2,539,0,2,94,0,0,0,0,0,0,18.4,74.6,579,0,2,118,0,0,0,0,0,0,0,0,0,0,0,0,0,0,0,0,0,0,0,0,0,0,0,0,100,50,0,0,0,0
2026-07-30T09:04:37.498Z,29.9,69.2,447,0,1,45,25.5,51.3,0,952,0,0,29.1,49.2,546,0,2,98,0,0,0,0,0,0,18.4,74.6,561,0,2,107,0,0,0,0,0,0,0,0,0,0,0,0,0,0,0,0,0,0,0,0,0,0,0,0,100,50,0,0,0,0
2026-07-30T09:04:42.494Z,29.9,69.3,465,0,1,54,25.5,51.2,0,952,0,0,29.1,49.1,546,0,2,98,0,0,0,0,0,0,18.4,74.6,578,0,2,118,0,0,0,0,0,0,0,0,0,0,0,0,0,0,0,0,0,0,0,0,0,0,0,0,100,50,0,0,0,0
2026-07-30T09:04:47.494Z,29.9,69.3,423,0,1,34,25.5,51.2,0,952,0,0,29.1,49.1,557,0,2,105,0,0,0,0,0,0,18.4,74.6,581,0,2,119,0,0,0,0,0,0,0,0,0,0,0,0,0,0,0,0,0,0,0,0,0,0,0,0,100,50,0,0,0,0
2026-07-30T09:04:52.498Z,29.9,69.3,431,0,1,37,25.5,51.2,0,952.1,0,0,29.1,49.1,543,0,2,96,0,0,0,0,0,0,18.4,74.6,573,0,2,115,0,0,0,0,0,0,0,0,0,0,0,0,0,0,0,0,0,0,0,0,0,0,0,0,100,50,0,0,0,0
2026-07-30T09:04:57.497Z,29.9,69.3,476,0,1,60,25.5,51.2,0,952.1,0,0,29.1,49.1,566,0,2,110,0,0,0,0,0,0,18.4,74.5,563,0,2,108,0,0,0,0,0,0,0,0,0,0,0,0,0,0,0,0,0,0,0,0,0,0,0,0,100,50,0,0,0,0
2026-07-30T09:05:02.495Z,29.9,69.4,452,0,1,48,25.5,51.2,0,952.1,0,0,29.1,49,545,0,2,97,0,0,0,0,0,0,18.4,74.4,568,0,2,111,0,0,0,0,0,0,0,0,0,0,0,0,0,0,0,0,0,0,0,0,0,0,0,0,100,50,0,0,0,0
2026-07-30T09:05:07.494Z,29.9,69.4,440,0,1,42,25.5,51.2,0,952.2,0,0,29.1,49,537,0,2,93,0,0,0,0,0,0,18.4,74.4,563,0,2,108,0,0,0,0,0,0,0,0,0,0,0,0,0,0,0,0,0,0,0,0,0,0,0,0,100,50,0,0,0,0
2026-07-30T09:05:12.494Z,29.9,69.4,419,0,1,32,25.5,51.2,0,952.2,0,0,29.1,49,553,0,2,102,0,0,0,0,0,0,18.4,74.4,578,0,2,118,0,0,0,0,0,0,0,0,0,0,0,0,0,0,0,0,0,0,0,0,0,0,0,0,100,50,0,0,0,0
2026-07-30T09:05:17.495Z,29.9,69.4,415,0,1,30,25.5,51.2,0,952.1,0,0,29,49,534,0,2,91,0,0,0,0,0,0,18.4,74.3,551,0,2,101,0,0,0,0,0,0,0,0,0,0,0,0,0,0,0,0,0,0,0,0,0,0,0,0,100,50,0,0,0,0
2026-07-30T09:05:22.494Z,29.8,69.4,445,0,1,44,25.5,51.3,0,952.1,0,0,29.1,49.1,553,0,2,102,0,0,0,0,0,0,18.4,74.4,536,0,2,92,0,0,0,0,0,0,0,0,0,0,0,0,0,0,0,0,0,0,0,0,0,0,0,0,100,50,0,0,0,0
2026-07-30T09:05:27.496Z,29.8,69.3,456,0,1,49,25.5,51.3,0,952.1,0,0,29.1,49.1,541,0,2,95,0,0,0,0,0,0,18.4,75.1,556,0,2,104,0,0,0,0,0,0,0,0,0,0,0,0,0,0,0,0,0,0,0,0,0,0,0,0,100,50,0,0,0,0
2026-07-30T09:05:32.495Z,29.9,69.5,422,0,1,34,25.5,51.3,0,952.1,0,0,29.1,49.4,556,0,2,104,0,0,0,0,0,0,18.5,75.2,552,0,2,101,0,0,0,0,0,0,0,0,0,0,0,0,0,0,0,0,0,0,0,0,0,0,0,0,100,50,0,0,0,0
2026-07-30T09:05:37.495Z,29.9,69.5,434,0,1,39,25.5,51.3,0,952.1,0,0,29.1,49.4,553,0,2,102,0,0,0,0,0,0,18.5,75.2,571,0,2,113,0,0,0,0,0,0,0,0,0,0,0,0,0,0,0,0,0,0,0,0,0,0,0,0,100,50,0,0,0,0
2026-07-30T09:05:42.493Z,29.8,69.5,446,0,1,45,25.5,51.6,0,952,0,0,29,49.5,528,0,2,88,0,0,0,0,0,0,18.5,75.1,568,0,2,112,0,0,0,0,0,0,0,0,0,0,0,0,0,0,0,0,0,0,0,0,0,0,0,0,100,50,0,0,0,0
2026-07-30T09:05:47.493Z,29.8,69.6,445,0,1,44,25.5,51.8,0,952.1,0,0,29,49.6,529,0,2,88,0,0,0,0,0,0,18.4,75.1,576,0,2,116,0,0,0,0,0,0,0,0,0,0,0,0,0,0,0,0,0,0,0,0,0,0,0,0,100,50,0,0,0,0
2026-07-30T09:05:52.548Z,29.8,69.6,442,0,1,43,25.5,51.8,0,952.1,0,0,29,49.6,529,0,2,88,0,0,0,0,0,0,18.4,75.1,566,0,2,110,0,0,0,0,0,0,0,0,0,0,0,0,0,0,0,0,0,0,0,0,0,0,0,0,100,50,0,0,0,0
2026-07-30T09:05:57.494Z,29.8,69.7,463,0,1,53,25.5,51.7,0,952,0,0,29,49.7,518,0,2,82,0,0,0,0,0,0,18.4,75,555,0,2,103,0,0,0,0,0,0,0,0,0,0,0,0,0,0,0,0,0,0,0,0,0,0,0,0,100,50,0,0,0,0
2026-07-30T09:06:02.493Z,29.8,69.7,458,0,1,50,25.5,51.9,0,952,0,0,29,49.8,525,0,2,86,0,0,0,0,0,0,18.4,75,554,0,2,103,0,0,0,0,0,0,0,0,0,0,0,0,0,0,0,0,0,0,0,0,0,0,0,0,100,50,0,0,0,0
2026-07-30T09:06:07.506Z,29.8,69.7,468,0,1,55,25.5,51.9,0,952,0,0,29,49.8,531,0,2,89,0,0,0,0,0,0,18.4,75,570,0,2,113,0,0,0,0,0,0,0,0,0,0,0,0,0,0,0,0,0,0,0,0,0,0,0,0,100,50,0,0,0,0
2026-07-30T09:06:12.503Z,29.8,69.7,475,0,1,59,25.5,51.9,0,952,0,0,29,49.8,530,0,2,89,0,0,0,0,0,0,18.4,75,556,0,2,104,0,0,0,0,0,0,0,0,0,0,0,0,0,0,0,0,0,0,0,0,0,0,0,0,100,50,0,0,0,0
2026-07-30T09:06:17.501Z,29.8,69.8,455,0,1,49,25.5,51.9,0,952.1,0,0,29,49.8,540,0,2,95,0,0,0,0,0,0,18.4,75,560,0,2,106,0,0,0,0,0,0,0,0,0,0,0,0,0,0,0,0,0,0,0,0,0,0,0,0,100,50,0,0,0,0
2026-07-30T09:06:22.501Z,29.8,69.8,449,0,1,46,25.5,51.9,0,952.1,0,0,29,49.8,544,0,2,97,0,0,0,0,0,0,18.4,75,561,0,2,107,0,0,0,0,0,0,0,0,0,0,0,0,0,0,0,0,0,0,0,0,0,0,0,0,100,50,0,0,0,0
2026-07-30T09:06:27.756Z,29.8,69.8,432,0,1,38,25.5,51.9,0,952,0,0,28.9,50,539,0,2,94,0,0,0,0,0,0,18.4,75,578,0,2,117,0,0,0,0,0,0,0,0,0,0,0,0,0,0,0,0,0,0,0,0,0,0,0,0,100,50,0,0,0,0
2026-07-30T09:06:32.746Z,29.8,69.7,452,0,1,48,25.4,51.9,0,952,0,0,29,49.9,529,0,2,88,0,0,0,0,0,0,18.4,75,557,0,2,104,0,0,0,0,0,0,0,0,0,0,0,0,0,0,0,0,0,0,0,0,0,0,0,0,100,50,0,0,0,0
2026-07-30T09:06:37.744Z,29.8,69.7,434,0,1,39,25.4,52,0,952,0,0,28.9,49.9,521,0,2,84,0,0,0,0,0,0,18.4,74.9,565,0,2,110,0,0,0,0,0,0,0,0,0,0,0,0,0,0,0,0,0,0,0,0,0,0,0,0,100,50,0,0,0,0
2026-07-30T09:06:42.755Z,29.8,69.7,459,0,1,51,25.4,52,0,952,0,0,29,49.9,534,0,2,91,0,0,0,0,0,0,18.4,74.8,570,0,2,112,0,0,0,0,0,0,0,0,0,0,0,0,0,0,0,0,0,0,0,0,0,0,0,0,100,50,0,0,0,0
2026-07-30T09:06:47.750Z,29.8,69.7,436,0,1,40,25.4,52,0,952,0,0,29,49.9,545,0,2,98,0,0,0,0,0,0,18.4,74.8,543,0,2,96,0,0,0,0,0,0,0,0,0,0,0,0,0,0,0,0,0,0,0,0,0,0,0,0,100,50,0,0,0,0
2026-07-30T09:06:52.509Z,29.8,69.7,444,0,1,44,25.4,52.1,0,952,0,0,28.9,49.9,541,0,2,95,0,0,0,0,0,0,18.4,74.9,554,0,2,103,0,0,0,0,0,0,0,0,0,0,0,0,0,0,0,0,0,0,0,0,0,0,0,0,100,50,0,0,0,0
2026-07-30T09:06:57.494Z,29.8,69.5,449,0,1,46,25.4,52,0,952.1,0,0,28.9,49.9,520,0,2,83,0,0,0,0,0,0,18.4,74.9,544,0,2,97,0,0,0,0,0,0,0,0,0,0,0,0,0,0,0,0,0,0,0,0,0,0,0,0,100,50,0,0,0,0
2026-07-30T09:07:02.495Z,29.8,69.7,464,0,1,53,25.4,52,0,952.1,0,0,28.9,49.9,553,0,2,102,0,0,0,0,0,0,18.4,74.9,560,0,2,107,0,0,0,0,0,0,0,0,0,0,0,0,0,0,0,0,0,0,0,0,0,0,0,0,100,50,0,0,0,0
2026-07-30T09:07:07.495Z,29.8,69.8,436,0,1,40,25.4,52,0,952,0,0,28.9,49.8,556,0,2,104,0,0,0,0,0,0,18.4,74.9,566,0,2,110,0,0,0,0,0,0,0,0,0,0,0,0,0,0,0,0,0,0,0,0,0,0,0,0,100,50,0,0,0,0
2026-07-30T09:07:12.506Z,29.8,69.8,445,0,1,44,25.4,52,0,952,0,0,28.9,49.8,527,0,2,87,0,0,0,0,0,0,18.4,74.9,566,0,2,110,0,0,0,0,0,0,0,0,0,0,0,0,0,0,0,0,0,0,0,0,0,0,0,0,100,50,0,0,0,0
2026-07-30T09:07:17.493Z,29.8,69.6,437,0,1,41,25.4,51.8,0,952.1,0,0,28.9,49.8,530,0,2,89,0,0,0,0,0,0,18.4,74.8,545,0,2,97,0,0,0,0,0,0,0,0,0,0,0,0,0,0,0,0,0,0,0,0,0,0,0,0,100,50,0,0,0,0
2026-07-30T09:07:22.494Z,29.8,69.8,446,0,1,45,25.4,52,0,952.1,0,0,28.9,49.7,551,0,2,101,0,0,0,0,0,0,18.4,74.7,563,0,2,108,0,0,0,0,0,0,0,0,0,0,0,0,0,0,0,0,0,0,0,0,0,0,0,0,100,50,0,0,0,0
2026-07-30T09:07:27.494Z,29.8,69.9,430,0,1,37,25.4,51.9,0,952,0,0,28.8,49.6,527,0,2,87,0,0,0,0,0,0,18.4,74.6,559,0,2,106,0,0,0,0,0,0,0,0,0,0,0,0,0,0,0,0,0,0,0,0,0,0,0,0,100,50,0,0,0,0
2026-07-30T09:07:32.494Z,29.8,69.9,423,0,1,34,25.4,51.9,0,952,0,0,28.8,49.6,530,0,2,89,0,0,0,0,0,0,18.4,74.6,561,0,2,107,0,0,0,0,0,0,0,0,0,0,0,0,0,0,0,0,0,0,0,0,0,0,0,0,100,50,0,0,0,0
2026-07-30T09:07:37.504Z,29.8,69.8,446,0,1,45,25.3,51.8,0,952,0,0,28.8,49.6,525,0,2,86,0,0,0,0,0,0,18.4,74.5,559,0,2,106,0,0,0,0,0,0,0,0,0,0,0,0,0,0,0,0,0,0,0,0,0,0,0,0,100,50,0,0,0,0
2026-07-30T09:07:42.495Z,29.8,69.8,420,0,1,32,25.3,51.7,0,952.1,0,0,28.8,49.5,538,0,2,94,0,0,0,0,0,0,18.4,74.5,551,0,2,101,0,0,0,0,0,0,0,0,0,0,0,0,0,0,0,0,0,0,0,0,0,0,0,0,100,50,0,0,0,0
2026-07-30T09:07:47.502Z,29.8,69.7,413,0,1,29,25.3,51.6,0,952,0,0,28.8,49.5,526,0,2,87,0,0,0,0,0,0,18.4,74.5,555,0,2,103,0,0,0,0,0,0,0,0,0,0,0,0,0,0,0,0,0,0,0,0,0,0,0,0,100,50,0,0,0,0
2026-07-30T09:07:52.495Z,29.8,69.6,426,0,1,36,25.3,51.6,0,952.1,0,0,28.8,49.4,534,0,2,91,0,0,0,0,0,0,18.4,74.5,565,0,2,110,0,0,0,0,0,0,0,0,0,0,0,0,0,0,0,0,0,0,0,0,0,0,0,0,100,50,0,0,0,0
2026-07-30T09:07:57.528Z,29.8,69.5,414,0,1,30,25.3,51.6,0,952.1,0,0,28.8,49.4,506,0,2,75,0,0,0,0,0,0,18.3,74.4,549,0,2,100,0,0,0,0,0,0,0,0,0,0,0,0,0,0,0,0,0,0,0,0,0,0,0,0,100,50,0,0,0,0
2026-07-30T09:08:02.495Z,29.8,69.6,420,0,1,32,25.3,51.5,0,952.1,0,0,28.8,49.3,533,0,2,90,0,0,0,0,0,0,18.3,74.4,558,0,2,105,0,0,0,0,0,0,0,0,0,0,0,0,0,0,0,0,0,0,0,0,0,0,0,0,100,50,0,0,0,0
2026-07-30T09:08:07.520Z,29.8,69.6,445,0,1,44,25.3,51.4,0,952.1,0,0,28.8,49.3,533,0,2,90,0,0,0,0,0,0,18.3,74.5,556,0,2,104,0,0,0,0,0,0,0,0,0,0,0,0,0,0,0,0,0,0,0,0,0,0,0,0,100,50,0,0,0,0
2026-07-30T09:08:12.498Z,29.8,69.6,412,0,1,29,25.3,51.4,0,952,0,0,28.8,49.3,503,0,2,74,0,0,0,0,0,0,18.3,74.5,527,0,2,87,0,0,0,0,0,0,0,0,0,0,0,0,0,0,0,0,0,0,0,0,0,0,0,0,100,50,0,0,0,0
2026-07-30T09:08:17.493Z,29.8,69.5,444,0,1,44,25.3,51.4,0,952,0,0,28.8,49.3,532,0,2,90,0,0,0,0,0,0,18.3,74.5,561,0,2,107,0,0,0,0,0,0,0,0,0,0,0,0,0,0,0,0,0,0,0,0,0,0,0,0,100,50,0,0,0,0
2026-07-30T09:08:22.504Z,29.8,69.5,433,0,1,39,25.2,51.3,0,952.1,0,0,28.7,49.2,507,0,2,76,0,0,0,0,0,0,18.3,74.5,543,0,2,96,0,0,0,0,0,0,0,0,0,0,0,0,0,0,0,0,0,0,0,0,0,0,0,0,100,50,0,0,0,0
2026-07-30T09:08:27.505Z,29.8,69.5,448,0,1,46,25.2,51.3,0,952,0,0,28.7,49.1,527,0,2,87,0,0,0,0,0,0,18.3,74.5,562,0,2,108,0,0,0,0,0,0,0,0,0,0,0,0,0,0,0,0,0,0,0,0,0,0,0,0,100,50,0,0,0,0
2026-07-30T09:08:32.504Z,29.8,69.2,418,0,1,32,25.2,51.3,0,952,0,0,28.7,49.1,525,0,2,86,0,0,0,0,0,0,18.3,74.5,536,0,2,92,0,0,0,0,0,0,0,0,0,0,0,0,0,0,0,0,0,0,0,0,0,0,0,0,100,50,0,0,0,0
2026-07-30T09:08:37.498Z,29.8,69.5,431,0,1,38,25.2,51.2,0,952,0,0,28.7,49,540,0,2,95,0,0,0,0,0,0,18.3,74.4,544,0,2,97,0,0,0,0,0,0,0,0,0,0,0,0,0,0,0,0,0,0,0,0,0,0,0,0,100,50,0,0,0,0
2026-07-30T09:08:42.500Z,29.8,69.5,432,0,1,38,25.2,51.2,0,952,0,0,28.7,49,509,0,2,77,0,0,0,0,0,0,18.3,74.4,553,0,2,102,0,0,0,0,0,0,0,0,0,0,0,0,0,0,0,0,0,0,0,0,0,0,0,0,100,50,0,0,0,0
2026-07-30T09:08:47.501Z,29.8,69.3,449,0,1,46,25.2,51.1,0,952,0,0,28.6,48.9,497,0,2,70,0,0,0,0,0,0,18.3,74.4,536,0,2,92,0,0,0,0,0,0,0,0,0,0,0,0,0,0,0,0,0,0,0,0,0,0,0,0,100,50,0,0,0,0
2026-07-30T09:08:52.497Z,29.8,69.6,453,0,1,48,25.2,51.1,0,952,0,0,28.6,48.9,502,0,2,73,0,0,0,0,0,0,18.3,74.4,549,0,2,100,0,0,0,0,0,0,0,0,0,0,0,0,0,0,0,0,0,0,0,0,0,0,0,0,100,50,0,0,0,0
2026-07-30T09:08:57.498Z,29.8,69.6,444,0,1,44,25.2,51.1,0,952,0,0,28.7,48.9,521,0,2,83,0,0,0,0,0,0,18.3,74.3,523,0,2,85,0,0,0,0,0,0,0,0,0,0,0,0,0,0,0,0,0,0,0,0,0,0,0,0,100,50,0,0,0,0
2026-07-30T09:09:02.497Z,29.8,69.6,474,0,1,59,25.2,51.1,0,951.9,0,0,28.6,48.8,496,0,2,70,0,0,0,0,0,0,18.3,74.3,532,0,2,90,0,0,0,0,0,0,0,0,0,0,0,0,0,0,0,0,0,0,0,0,0,0,0,0,100,50,0,0,0,0
2026-07-30T09:09:07.500Z,29.8,69.7,469,0,1,56,25.2,51,0,952,0,0,28.6,48.8,522,0,2,84,0,0,0,0,0,0,18.3,74.3,562,0,2,107,0,0,0,0,0,0,0,0,0,0,0,0,0,0,0,0,0,0,0,0,0,0,0,0,100,50,0,0,0,0
2026-07-30T09:09:12.501Z,29.8,69.7,448,0,1,46,25.1,50.9,0,951.9,0,0,28.6,48.7,522,0,2,84,0,0,0,0,0,0,18.3,74.2,529,0,2,88,0,0,0,0,0,0,0,0,0,0,0,0,0,0,0,0,0,0,0,0,0,0,0,0,100,50,0,0,0,0
2026-07-30T09:09:17.495Z,29.8,69.8,456,0,1,50,25.1,50.8,0,952,0,0,28.6,48.7,523,0,2,85,0,0,0,0,0,0,18.3,74.1,558,0,2,105,0,0,0,0,0,0,0,0,0,0,0,0,0,0,0,0,0,0,0,0,0,0,0,0,100,50,0,0,0,0
2026-07-30T09:09:22.495Z,29.8,69.8,455,0,1,49,25.1,50.8,0,952,0,0,28.6,48.7,518,0,2,82,0,0,0,0,0,0,18.3,74.1,535,0,2,92,0,0,0,0,0,0,0,0,0,0,0,0,0,0,0,0,0,0,0,0,0,0,0,0,100,50,0,0,0,0
2026-07-30T09:09:27.500Z,29.7,69.9,449,0,1,46,25.1,50.8,0,952,0,0,28.6,48.7,506,0,2,75,0,0,0,0,0,0,18.4,73.9,544,0,2,97,0,0,0,0,0,0,0,0,0,0,0,0,0,0,0,0,0,0,0,0,0,0,0,0,100,50,0,0,0,0
2026-07-30T09:09:32.495Z,29.7,69.9,495,0,2,69,25.1,50.7,0,951.9,0,0,28.6,48.6,529,0,2,88,0,0,0,0,0,0,18.3,73.7,523,0,2,84,0,0,0,0,0,0,0,0,0,0,0,0,0,0,0,0,0,0,0,0,0,0,0,0,100,50,0,0,0,0
2026-07-30T09:09:37.498Z,29.7,69.9,437,0,1,40,25.1,50.7,0,952,0,0,28.6,48.5,486,0,2,65,0,0,0,0,0,0,18.4,73.4,547,0,2,99,0,0,0,0,0,0,0,0,0,0,0,0,0,0,0,0,0,0,0,0,0,0,0,0,100,50,0,0,0,0
2026-07-30T09:09:42.499Z,29.7,69.9,425,0,1,35,25.1,50.7,0,951.9,0,0,28.6,48.5,513,0,2,79,0,0,0,0,0,0,18.4,73.4,553,0,2,102,0,0,0,0,0,0,0,0,0,0,0,0,0,0,0,0,0,0,0,0,0,0,0,0,100,50,0,0,0,0
2026-07-30T09:09:47.493Z,29.7,69.9,447,0,1,45,25.1,50.6,0,951.9,0,0,28.5,48.5,540,0,2,95,0,0,0,0,0,0,18.4,73.1,549,0,2,100,0,0,0,0,0,0,0,0,0,0,0,0,0,0,0,0,0,0,0,0,0,0,0,0,100,50,0,0,0,0
2026-07-30T09:09:52.496Z,29.7,70,429,0,1,37,25.1,50.6,0,951.9,0,0,28.5,48.5,519,0,2,83,0,0,0,0,0,0,18.4,73.1,529,0,2,88,0,0,0,0,0,0,0,0,0,0,0,0,0,0,0,0,0,0,0,0,0,0,0,0,100,50,0,0,0,0
2026-07-30T09:09:57.498Z,29.7,70,429,0,1,37,25.1,50.6,0,952,0,0,28.6,48.4,516,0,2,81,0,0,0,0,0,0,18.4,73,516,0,2,81,0,0,0,0,0,0,0,0,0,0,0,0,0,0,0,0,0,0,0,0,0,0,0,0,100,50,0,0,0,0
2026-07-30T09:10:02.495Z,29.7,70,420,0,1,33,25.1,50.5,0,952,0,0,28.5,48.4,507,0,2,76,0,0,0,0,0,0,18.3,72.8,514,0,2,80,0,0,0,0,0,0,0,0,0,0,0,0,0,0,0,0,0,0,0,0,0,0,0,0,100,50,0,0,0,0
2026-07-30T09:10:07.498Z,29.7,70,417,0,1,31,25.1,50.5,0,952,0,0,28.5,48.4,504,0,2,74,0,0,0,0,0,0,18.3,72.7,547,0,2,98,0,0,0,0,0,0,0,0,0,0,0,0,0,0,0,0,0,0,0,0,0,0,0,0,100,50,0,0,0,0
2026-07-30T09:10:12.495Z,29.7,70,448,0,1,46,25.1,50.5,0,952,0,0,28.5,48.3,495,0,2,70,0,0,0,0,0,0,18.3,72.5,538,0,2,93,0,0,0,0,0,0,0,0,0,0,0,0,0,0,0,0,0,0,0,0,0,0,0,0,100,50,0,0,0,0
2026-07-30T09:10:17.500Z,29.7,70,443,0,1,43,25,50.4,0,952,0,0,28.5,48.2,490,0,2,67,0,0,0,0,0,0,18.3,72.3,524,0,2,86,0,0,0,0,0,0,0,0,0,0,0,0,0,0,0,0,0,0,0,0,0,0,0,0,100,50,0,0,0,0
2026-07-30T09:10:22.493Z,29.7,69.9,438,0,1,41,25,50.4,0,952,0,0,28.5,48.2,521,0,2,84,0,0,0,0,0,0,18.3,72.3,513,0,2,79,0,0,0,0,0,0,0,0,0,0,0,0,0,0,0,0,0,0,0,0,0,0,0,0,100,50,0,0,0,0
2026-07-30T09:10:27.495Z,29.7,70,417,0,1,31,25,50.3,0,951.9,0,0,28.5,48.3,513,0,2,79,0,0,0,0,0,0,18.3,72.2,505,0,2,75,0,0,0,0,0,0,0,0,0,0,0,0,0,0,0,0,0,0,0,0,0,0,0,0,100,50,0,0,0,0
2026-07-30T09:10:32.498Z,29.7,70,440,0,1,42,25,50.2,0,952,0,0,28.5,48.1,492,0,2,68,0,0,0,0,0,0,18.3,72.2,529,0,2,88,0,0,0,0,0,0,0,0,0,0,0,0,0,0,0,0,0,0,0,0,0,0,0,0,100,50,0,0,0,0
2026-07-30T09:10:37.499Z,29.7,70,442,0,1,43,25,50.2,0,952,0,0,28.5,48.1,488,0,2,66,0,0,0,0,0,0,18.3,72.2,509,0,2,77,0,0,0,0,0,0,0,0,0,0,0,0,0,0,0,0,0,0,0,0,0,0,0,0,100,50,0,0,0,0
2026-07-30T09:10:42.495Z,29.6,70,461,0,1,52,25,50.2,0,952,0,0,28.5,48.1,516,0,2,81,0,0,0,0,0,0,18.3,72.1,520,0,2,83,0,0,0,0,0,0,0,0,0,0,0,0,0,0,0,0,0,0,0,0,0,0,0,0,100,50,0,0,0,0
2026-07-30T09:10:47.497Z,29.7,70,457,0,1,50,25,50.2,0,952,0,0,28.5,48,506,0,2,75,0,0,0,0,0,0,18.2,72.1,518,0,2,82,0,0,0,0,0,0,0,0,0,0,0,0,0,0,0,0,0,0,0,0,0,0,0,0,100,50,0,0,0,0
2026-07-30T09:10:52.493Z,29.6,70,439,0,1,41,25,50.1,0,952,0,0,28.4,48,495,0,2,69,0,0,0,0,0,0,18.2,72.1,536,0,2,92,0,0,0,0,0,0,0,0,0,0,0,0,0,0,0,0,0,0,0,0,0,0,0,0,100,50,0,0,0,0
2026-07-30T09:10:57.500Z,29.7,70,435,0,1,40,25,50,0,952,0,0,28.4,47.9,480,0,1,61,0,0,0,0,0,0,18.2,72.1,500,0,2,72,0,0,0,0,0,0,0,0,0,0,0,0,0,0,0,0,0,0,0,0,0,0,0,0,100,50,0,0,0,0