timestamp,outside_t,outside_h,outside_c,outside_p,outside_a,outside_v,room_1_t,room_1_h,room_1_c,room_1_p,room_1_a,room_1_v,room_2_t,room_2_h,room_2_c,room_2_p,room_2_a,room_2_v,room_3_t,room_3_h,room_3_c,room_3_p,room_3_a,room_3_v,supply_t,supply_h,supply_c,supply_p,supply_a,supply_v,return_t,return_h,return_c,return_p,return_a,return_v,mixed_t,mixed_h,mixed_c,mixed_p,mixed_a,mixed_v,cooler_t,cooler_h,cooler_c,cooler_p,cooler_a,cooler_v,heated_t,heated_h,heated_c,heated_p,heated_a,heated_v,mixer,fan,flowrate,coolerState,heaterState,humidifierState,m_sa_kgs,Tz_weighted,RHz_weighted,CO2z_weighted
2026-07-30T08:45:17.501Z,29.7,71.0,420.0,0,1,33,26.4,66.5,,952.1,0,0,29.1,65.8,410.0,0,1,28,,0.0,,0,0,0,21.0,69.5,431.0,0,1,38,,0.0,,0,0,0,,0.0,,0,0,0,,0.0,,0,0,0,,0.0,,0,0,0,100,50,0,0,0,0,0.0593,,52.99,410.0
2026-07-30T08:45:22.500Z,29.7,70.99,420.2,0,1,33,26.4,66.48,,952.1,0,0,29.1,65.75,413.4,0,1,44,,0.0,,0,0,0,21.0,69.51,431.0,0,1,37,,0.0,,0,0,0,,0.0,,0,0,0,,0.0,,0,0,0,,0.0,,0,0,0,100,50,0,0,0,0,0.0593,,52.96,413.4
2026-07-30T08:45:27.494Z,29.7,70.98,421.58,0,1,39,26.4,66.4,,952.1,0,0,29.1,65.65,413.26,0,1,29,,0.0,,0,0,0,20.99,69.52,431.2,0,1,39,,0.0,,0,0,0,,0.0,,0,0,0,,0.0,,0,0,0,,0.0,,0,0,0,100,50,0,0,0,0,0.0593,,52.9,413.26
2026-07-30T08:45:32.496Z,29.7,70.97,423.22,0,1,41,26.4,66.33,,952.1,0,0,29.1,65.55,413.33,0,1,30,,0.0,,0,0,0,20.98,69.53,429.58,0,1,30,,0.0,,0,0,0,,0.0,,0,0,0,,0.0,,0,0,0,,0.0,,0,0,0,100,50,0,0,0,0,0.0593,,52.83,413.33
2026-07-30T08:45:37.493Z,29.7,70.97,423.7,0,1,36,26.39,66.22,,952.1,0,0,29.11,65.42,415.1,0,1,37,,0.0,,0,0,0,20.97,69.53,429.32,0,1,36,,0.0,,0,0,0,,0.0,,0,0,0,,0.0,,0,0,0,,0.0,,0,0,0,100,50,0,0,0,0,0.0593,,52.74,415.1
2026-07-30T08:45:42.498Z,29.7,70.96,422.53,0,1,29,26.38,66.12,,952.1,0,0,29.12,65.29,416.19,0,1,35,,0.0,,0,0,0,20.97,69.54,428.59,0,1,34,,0.0,,0,0,0,,0.0,,0,0,0,,0.0,,0,0,0,,0.0,,0,0,0,100,50,0,0,0,0,0.0593,,52.65,416.19
2026-07-30T08:45:47.497Z,29.7,70.96,424.48,0,1,43,26.37,66.01,,952.1,0,0,29.13,65.12,416.47,0,1,32,,0.0,,0,0,0,20.95,69.59,427.43,0,1,31,,0.0,,0,0,0,,0.0,,0,0,0,,0.0,,0,0,0,,0.0,,0,0,0,100,50,0,0,0,0,0.0593,,52.54,416.47
2026-07-30T08:45:52.497Z,29.7,70.96,424.93,0,1,37,26.37,65.86,,952.1,0,0,29.14,64.93,414.92,0,1,24,,0.0,,0,0,0,20.92,69.63,424.69,0,1,23,,0.0,,0,0,0,,0.0,,0,0,0,,0.0,,0,0,0,,0.0,,0,0,0,100,50,0,0,0,0,0.0593,,52.41,414.92
2026-07-30T08:45:57.494Z,29.7,70.95,424.74,0,1,34,26.36,65.71,,952.1,0,0,29.16,64.73,413.43,0,1,19,,0.0,,0,0,0,20.89,69.68,422.22,0,1,23,,0.0,,0,0,0,,0.0,,0,0,0,,0.0,,0,0,0,,0.0,,0,0,0,100,50,0,0,0,0,0.0593,,52.27,413.43
2026-07-30T08:46:02.497Z,29.7,70.95,426.06,0,1,41,26.35,65.57,,952.1,0,0,29.17,64.55,416.39,0,1,43,,0.0,,0,0,0,20.86,69.72,420.6,0,1,26,,0.0,,0,0,0,,0.0,,0,0,0,,0.0,,0,0,0,,0.0,,0,0,0,100,50,0,0,0,0,0.0593,,52.15,416.39
2026-07-30T08:46:07.496Z,29.7,70.94,427.36,0,1,42,26.35,65.42,,952.1,0,0,29.19,64.36,416.55,0,1,32,,0.0,,0,0,0,20.84,69.76,419.14,0,1,26,,0.0,,0,0,0,,0.0,,0,0,0,,0.0,,0,0,0,,0.0,,0,0,0,100,50,0,0,0,0,0.0593,,52.02,416.55
2026-07-30T08:46:12.496Z,29.7,70.95,426.12,0,1,30,26.34,65.27,,952.1,0,0,29.2,64.16,418.29,0,1,39,,0.0,,0,0,0,20.81,69.8,417.62,0,1,25,,0.0,,0,0,0,,0.0,,0,0,0,,0.0,,0,0,0,,0.0,,0,0,0,100,50,0,0,0,0,0.0593,,51.88,418.29
2026-07-30T08:46:17.493Z,29.7,70.95,426.91,0,1,39,26.34,65.09,,952.2,0,0,29.21,63.93,416.47,0,1,17,,0.0,,0,0,0,20.79,69.84,418.16,0,1,34,,0.0,,0,0,0,,0.0,,0,0,0,,0.0,,0,0,0,,0.0,,0,0,0,100,50,0,0,0,0,0.0593,,51.72,416.47
2026-07-30T08:46:22.493Z,29.7,70.96,424.72,0,1,26,26.33,64.93,,952.2,0,0,29.22,63.73,417.52,0,1,36,,0.0,,0,0,0,20.76,69.88,419.45,0,1,37,,0.0,,0,0,0,,0.0,,0,0,0,,0.0,,0,0,0,,0.0,,0,0,0,100,50,0,0,0,0,0.0593,,51.58,417.52
2026-07-30T08:46:27.498Z,29.7,70.96,422.45,0,1,25,26.33,64.76,,952.1,0,0,29.24,63.5,417.77,0,1,33,,0.0,,0,0,0,20.73,69.92,418.4,0,1,27,,0.0,,0,0,0,,0.0,,0,0,0,,0.0,,0,0,0,,0.0,,0,0,0,100,50,0,0,0,0,0.0593,,51.43,417.77
2026-07-30T08:46:32.497Z,29.7,70.97,420.2,0,1,21,26.33,64.6,,952.1,0,0,29.25,63.3,416.69,0,1,27,,0.0,,0,0,0,20.69,69.96,418.56,0,1,33,,0.0,,0,0,0,,0.0,,0,0,0,,0.0,,0,0,0,,0.0,,0,0,0,100,50,0,0,0,0,0.0593,,51.29,416.69
2026-07-30T08:46:37.497Z,29.7,70.97,418.38,0,1,24,26.33,64.42,,952.2,0,0,29.27,63.08,417.72,0,1,36,,0.0,,0,0,0,20.66,69.99,419.3,0,1,35,,0.0,,0,0,0,,0.0,,0,0,0,,0.0,,0,0,0,,0.0,,0,0,0,100,50,0,0,0,0,0.0593,,51.13,417.72
2026-07-30T08:46:42.496Z,29.69,70.97,418.54,0,1,33,26.32,64.24,,952.1,0,0,29.28,62.85,416.45,0,1,26,,0.0,,0,0,0,20.64,70.03,419.07,0,1,31,,0.0,,0,0,0,,0.0,,0,0,0,,0.0,,0,0,0,,0.0,,0,0,0,100,50,0,0,0,0,0.0593,,50.97,416.45
2026-07-30T08:46:47.500Z,29.68,70.97,420.89,0,1,43,26.32,64.05,,952.1,0,0,29.29,62.61,417.4,0,1,35,,0.0,,0,0,0,20.6,70.08,418.57,0,1,30,,0.0,,0,0,0,,0.0,,0,0,0,,0.0,,0,0,0,,0.0,,0,0,0,100,50,0,0,0,0,0.0593,,50.81,417.4
2026-07-30T08:46:52.494Z,29.67,70.98,424.5,0,1,50,26.31,63.86,,952.2,0,0,29.3,62.39,415.66,0,1,23,,0.0,,0,0,0,20.57,70.12,416.91,0,1,25,,0.0,,0,0,0,,0.0,,0,0,0,,0.0,,0,0,0,,0.0,,0,0,0,100,50,0,0,0,0,0.0593,,50.65,415.66
2026-07-30T08:46:57.495Z,29.67,70.99,423.65,0,1,31,26.3,63.69,,952.2,0,0,29.31,62.14,415.9,0,1,32,,0.0,,0,0,0,20.54,70.16,417.12,0,1,32,,0.0,,0,0,0,,0.0,,0,0,0,,0.0,,0,0,0,,0.0,,0,0,0,100,50,0,0,0,0,0.0593,,50.49,415.9
2026-07-30T08:47:02.493Z,29.66,71.0,424.38,0,1,38,26.29,63.53,,952.2,0,0,29.32,61.92,414.31,0,1,21,,0.0,,0,0,0,20.5,70.19,418.11,0,1,36,,0.0,,0,0,0,,0.0,,0,0,0,,0.0,,0,0,0,,0.0,,0,0,0,100,50,0,0,0,0,0.0593,,50.34,414.31
2026-07-30T08:47:07.494Z,29.65,71.01,424.45,0,1,35,26.28,63.36,,952.1,0,0,29.33,61.69,414.88,0,1,33,,0.0,,0,0,0,20.47,70.23,417.8,0,1,30,,0.0,,0,0,0,,0.0,,0,0,0,,0.0,,0,0,0,,0.0,,0,0,0,100,50,0,0,0,0,0.0593,,50.19,414.88
2026-07-30T08:47:12.495Z,29.65,71.03,425.1,0,1,38,26.27,63.2,,952.1,0,0,29.35,61.48,416.59,0,1,38,,0.0,,0,0,0,20.45,70.28,418.62,0,1,35,,0.0,,0,0,0,,0.0,,0,0,0,,0.0,,0,0,0,,0.0,,0,0,0,100,50,0,0,0,0,0.0593,,50.04,416.59
2026-07-30T08:47:17.494Z,29.64,71.05,426.69,0,1,42,26.26,63.02,,952.2,0,0,29.36,61.26,417.43,0,1,35,,0.0,,0,0,0,20.41,70.34,417.06,0,1,25,,0.0,,0,0,0,,0.0,,0,0,0,,0.0,,0,0,0,,0.0,,0,0,0,100,50,0,0,0,0,0.0593,,49.89,417.43
2026-07-30T08:47:22.494Z,29.64,71.06,429.02,0,1,47,26.26,62.86,,952.2,0,0,29.38,61.05,417.99,0,1,34,,0.0,,0,0,0,20.38,70.4,418.15,0,1,36,,0.0,,0,0,0,,0.0,,0,0,0,,0.0,,0,0,0,,0.0,,0,0,0,100,50,0,0,0,0,0.0593,,49.74,417.99
2026-07-30T08:47:27.493Z,29.63,71.08,429.92,0,1,41,26.25,62.68,,952.1,0,0,29.39,60.84,417.09,0,1,28,,0.0,,0,0,0,20.35,70.45,419.43,0,1,38,,0.0,,0,0,0,,0.0,,0,0,0,,0.0,,0,0,0,,0.0,,0,0,0,100,50,0,0,0,0,0.0593,,49.59,417.09
2026-07-30T08:47:32.499Z,29.63,71.09,428.33,0,1,30,26.25,62.5,,952.2,0,0,29.4,60.61,419.18,0,1,41,,0.0,,0,0,0,20.32,70.49,418.59,0,1,28,,0.0,,0,0,0,,0.0,,0,0,0,,0.0,,0,0,0,,0.0,,0,0,0,100,50,0,0,0,0,0.0593,,49.43,419.18
2026-07-30T08:47:37.505Z,29.63,71.08,428.8,0,1,38,26.24,62.34,,952.2,0,0,29.41,60.41,417.66,0,1,25,,0.0,,0,0,0,20.28,70.53,419.93,0,1,38,,0.0,,0,0,0,,0.0,,0,0,0,,0.0,,0,0,0,,0.0,,0,0,0,100,50,0,0,0,0,0.0593,,49.29,417.66
2026-07-30T08:47:42.505Z,29.63,71.07,428.22,0,1,34,26.24,62.18,,952.1,0,0,29.42,60.21,417.5,0,1,31,,0.0,,0,0,0,20.26,70.58,418.44,0,1,26,,0.0,,0,0,0,,0.0,,0,0,0,,0.0,,0,0,0,,0.0,,0,0,0,100,50,0,0,0,0,0.0593,,49.15,417.5
2026-07-30T08:47:47.503Z,29.62,71.08,426.99,0,1,31,26.23,62.0,,952.1,0,0,29.43,60.01,419.05,0,1,39,,0.0,,0,0,0,20.23,70.62,418.19,0,1,31,,0.0,,0,0,0,,0.0,,0,0,0,,0.0,,0,0,0,,0.0,,0,0,0,100,50,0,0,0,0,0.0593,,49.0,419.05
2026-07-30T08:47:52.505Z,29.62,71.1,426.19,0,1,32,26.23,61.84,,952.1,0,0,29.43,59.83,418.54,0,1,30,,0.0,,0,0,0,20.21,70.66,416.38,0,1,22,,0.0,,0,0,0,,0.0,,0,0,0,,0.0,,0,0,0,,0.0,,0,0,0,100,50,0,0,0,0,0.0593,,48.87,418.54
2026-07-30T08:47:57.502Z,29.62,71.11,426.28,0,1,36,26.22,61.68,,952.1,0,0,29.44,59.65,418.99,0,1,34,,0.0,,0,0,0,20.19,70.7,414.74,0,1,23,,0.0,,0,0,0,,0.0,,0,0,0,,0.0,,0,0,0,,0.0,,0,0,0,100,50,0,0,0,0,0.0593,,48.74,418.99
2026-07-30T08:48:02.503Z,29.62,71.12,426.95,0,1,39,26.22,61.51,,952.1,0,0,29.45,59.45,417.29,0,1,24,,0.0,,0,0,0,20.16,70.75,415.06,0,1,32,,0.0,,0,0,0,,0.0,,0,0,0,,0.0,,0,0,0,,0.0,,0,0,0,100,50,0,0,0,0,0.0593,,48.59,417.29
2026-07-30T08:48:07.506Z,29.62,71.12,427.35,0,1,38,26.2,61.34,,952.1,0,0,29.45,59.25,415.76,0,1,24,,0.0,,0,0,0,20.13,70.8,414.96,0,1,30,,0.0,,0,0,0,,0.0,,0,0,0,,0.0,,0,0,0,,0.0,,0,0,0,100,50,0,0,0,0,0.0593,,48.44,415.76
2026-07-30T08:48:12.498Z,29.61,71.13,425.52,0,1,27,26.19,61.18,,952.1,0,0,29.46,59.06,415.08,0,1,28,,0.0,,0,0,0,20.11,70.84,414.86,0,1,30,,0.0,,0,0,0,,0.0,,0,0,0,,0.0,,0,0,0,,0.0,,0,0,0,100,50,0,0,0,0,0.0593,,48.31,415.08
2026-07-30T08:48:17.499Z,29.61,71.15,424.47,0,1,30,26.18,61.05,,952.1,0,0,29.46,58.88,413.58,0,1,23,,0.0,,0,0,0,20.09,70.86,414.98,0,1,31,,0.0,,0,0,0,,0.0,,0,0,0,,0.0,,0,0,0,,0.0,,0,0,0,100,50,0,0,0,0,0.0593,,48.19,413.58
2026-07-30T08:48:22.504Z,29.6,71.16,425.82,0,1,41,26.18,60.88,,952.1,0,0,29.46,58.7,413.12,0,1,27,,0.0,,0,0,0,20.07,70.89,413.98,0,1,26,,0.0,,0,0,0,,0.0,,0,0,0,,0.0,,0,0,0,,0.0,,0,0,0,100,50,0,0,0,0,0.0593,,48.05,413.12
2026-07-30T08:48:27.504Z,29.6,71.18,424.64,0,1,30,26.17,60.71,,952.2,0,0,29.47,58.51,413.41,0,1,31,,0.0,,0,0,0,20.04,70.92,413.58,0,1,28,,0.0,,0,0,0,,0.0,,0,0,0,,0.0,,0,0,0,,0.0,,0,0,0,100,50,0,0,0,0,0.0593,,47.91,413.41
2026-07-30T08:48:32.502Z,29.6,71.19,424.27,0,1,33,26.16,60.56,,952.2,0,0,29.47,58.34,413.27,0,1,29,,0.0,,0,0,0,20.02,70.95,413.92,0,1,31,,0.0,,0,0,0,,0.0,,0,0,0,,0.0,,0,0,0,,0.0,,0,0,0,100,50,0,0,0,0,0.0593,,47.78,413.27
2026-07-30T08:48:37.498Z,29.6,71.2,422.85,0,1,28,26.16,60.41,,952.1,0,0,29.47,58.16,411.94,0,1,22,,0.0,,0,0,0,20.0,70.97,413.43,0,1,28,,0.0,,0,0,0,,0.0,,0,0,0,,0.0,,0,0,0,,0.0,,0,0,0,100,50,0,0,0,0,0.0593,,47.65,411.94
2026-07-30T08:48:42.501Z,29.6,71.21,423.06,0,1,35,26.15,60.23,,952.1,0,0,29.48,57.98,411.14,0,1,25,,0.0,,0,0,0,19.98,71.0,412.59,0,1,26,,0.0,,0,0,0,,0.0,,0,0,0,,0.0,,0,0,0,,0.0,,0,0,0,100,50,0,0,0,0,0.0593,,47.51,411.14
2026-07-30T08:48:47.495Z,29.6,71.22,420.76,0,1,20,26.14,60.06,,952.2,0,0,29.48,57.79,411.53,0,1,30,,0.0,,0,0,0,19.95,71.02,411.33,0,1,23,,0.0,,0,0,0,,0.0,,0,0,0,,0.0,,0,0,0,,0.0,,0,0,0,100,50,0,0,0,0,0.0593,,47.37,411.53
2026-07-30T08:48:52.496Z,29.6,71.23,418.68,0,1,21,26.14,59.91,,952.2,0,0,29.48,57.62,411.68,0,1,29,,0.0,,0,0,0,19.92,71.03,410.6,0,1,25,,0.0,,0,0,0,,0.0,,0,0,0,,0.0,,0,0,0,,0.0,,0,0,0,100,50,0,0,0,0,0.0593,,47.24,411.68
2026-07-30T08:48:57.493Z,29.6,71.23,418.41,0,1,31,26.14,59.74,,952.2,0,0,29.48,57.45,413.61,0,1,37,,0.0,,0,0,0,19.9,71.05,410.14,0,1,26,,0.0,,0,0,0,,0.0,,0,0,0,,0.0,,0,0,0,,0.0,,0,0,0,100,50,0,0,0,0,0.0593,,47.1,413.61
2026-07-30T08:49:02.495Z,29.6,71.24,416.87,0,1,25,26.13,59.59,,952.3,0,0,29.48,57.28,413.55,0,1,30,,0.0,,0,0,0,19.88,71.07,411.02,0,1,32,,0.0,,0,0,0,,0.0,,0,0,0,,0.0,,0,0,0,,0.0,,0,0,0,100,50,0,0,0,0,0.0593,,46.98,413.55
2026-07-30T08:49:07.495Z,29.6,71.23,415.88,0,1,27,26.13,59.45,,952.3,0,0,29.49,57.13,412.19,0,1,19,,0.0,,0,0,0,19.86,71.08,409.92,0,1,22,,0.0,,0,0,0,,0.0,,0,0,0,,0.0,,0,0,0,,0.0,,0,0,0,100,50,0,0,0,0,0.0593,,46.86,412.19
2026-07-30T08:49:12.683Z,29.6,71.23,416.2,0,1,32,26.13,59.3,,952.2,0,0,29.49,56.97,413.27,0,1,34,,0.0,,0,0,0,19.84,71.08,410.13,0,1,29,,0.0,,0,0,0,,0.0,,0,0,0,,0.0,,0,0,0,,0.0,,0,0,0,100,50,0,0,0,0,0.0593,,46.74,413.27
2026-07-30T08:49:17.495Z,29.59,71.24,417.58,0,1,37,26.12,59.14,,952.3,0,0,29.49,56.8,414.65,0,1,36,,0.0,,0,0,0,19.81,71.08,409.22,0,1,24,,0.0,,0,0,0,,0.0,,0,0,0,,0.0,,0,0,0,,0.0,,0,0,0,100,50,0,0,0,0,0.0593,,46.61,414.65
2026-07-30T08:49:22.501Z,29.59,71.23,418.02,0,1,33,26.11,58.98,,952.3,0,0,29.49,56.64,414.98,0,1,32,,0.0,,0,0,0,19.79,71.08,411.09,0,1,36,,0.0,,0,0,0,,0.0,,0,0,0,,0.0,,0,0,0,,0.0,,0,0,0,100,50,0,0,0,0,0.0593,,46.48,414.98
2026-07-30T08:49:27.496Z,29.59,71.23,419.12,0,1,36,26.1,58.84,,952.3,0,0,29.49,56.5,415.48,0,1,33,,0.0,,0,0,0,19.77,71.09,410.48,0,1,26,,0.0,,0,0,0,,0.0,,0,0,0,,0.0,,0,0,0,,0.0,,0,0,0,100,50,0,0,0,0,0.0593,,46.37,415.48
2026-07-30T08:49:32.499Z,29.59,71.24,417.9,0,1,27,26.09,58.7,,952.3,0,0,29.49,56.35,416.24,0,1,34,,0.0,,0,0,0,19.76,71.09,409.44,0,1,22,,0.0,,0,0,0,,0.0,,0,0,0,,0.0,,0,0,0,,0.0,,0,0,0,100,50,0,0,0,0,0.0593,,46.26,416.24
2026-07-30T08:49:37.494Z,29.59,71.25,417.21,0,1,29,26.08,58.56,,952.3,0,0,29.49,56.19,417.21,0,1,35,,0.0,,0,0,0,19.74,71.09,409.89,0,1,30,,0.0,,0,0,0,,0.0,,0,0,0,,0.0,,0,0,0,,0.0,,0,0,0,100,50,0,0,0,0,0.0593,,46.14,417.21
2026-07-30T08:49:42.500Z,29.58,71.25,416.79,0,1,30,26.07,58.41,,952.2,0,0,29.49,56.05,417.99,0,1,35,,0.0,,0,0,0,19.72,71.09,408.9,0,1,24,,0.0,,0,0,0,,0.0,,0,0,0,,0.0,,0,0,0,,0.0,,0,0,0,100,50,0,0,0,0,0.0593,,46.02,417.99
2026-07-30T08:49:47.498Z,29.59,71.26,419.31,0,1,43,26.07,58.27,,952.2,0,0,29.49,55.9,419.79,0,1,40,,0.0,,0,0,0,19.69,71.08,408.11,0,1,24,,0.0,,0,0,0,,0.0,,0,0,0,,0.0,,0,0,0,,0.0,,0,0,0,100,50,0,0,0,0,0.0593,,45.9,419.79
2026-07-30T08:49:52.494Z,29.59,71.27,421.68,0,1,43,26.06,58.15,,952.2,0,0,29.49,55.77,419.61,0,1,32,,0.0,,0,0,0,19.67,71.07,408.3,0,1,28,,0.0,,0,0,0,,0.0,,0,0,0,,0.0,,0,0,0,,0.0,,0,0,0,100,50,0,0,0,0,0.0593,,45.81,419.61
2026-07-30T08:49:57.493Z,29.59,71.28,419.91,0,1,25,26.05,58.01,,952.2,0,0,29.5,55.63,418.45,0,1,27,,0.0,,0,0,0,19.66,71.07,407.77,0,1,25,,0.0,,0,0,0,,0.0,,0,0,0,,0.0,,0,0,0,,0.0,,0,0,0,100,50,0,0,0,0,0.0593,,45.69,418.45
2026-07-30T08:50:02.499Z,29.59,71.3,418.02,0,1,24,26.05,57.88,,952.2,0,0,29.5,55.48,419.41,0,1,36,,0.0,,0,0,0,19.64,71.07,409.79,0,1,36,,0.0,,0,0,0,,0.0,,0,0,0,,0.0,,0,0,0,,0.0,,0,0,0,100,50,0,0,0,0,0.0593,,45.58,419.41
2026-07-30T08:50:07.499Z,29.59,71.3,416.92,0,1,27,26.04,57.74,,952.3,0,0,29.5,55.32,420.07,0,1,35,,0.0,,0,0,0,19.62,71.07,409.71,0,1,28,,0.0,,0,0,0,,0.0,,0,0,0,,0.0,,0,0,0,,0.0,,0,0,0,100,50,0,0,0,0,0.0593,,45.47,420.07
2026-07-30T08:50:12.501Z,29.59,71.3,415.23,0,1,18,26.04,57.62,,952.3,0,0,29.5,55.18,420.56,0,1,35,,0.0,,0,0,0,19.6,71.07,410.84,0,1,33,,0.0,,0,0,0,,0.0,,0,0,0,,0.0,,0,0,0,,0.0,,0,0,0,100,50,0,0,0,0,0.0593,,45.36,420.56
2026-07-30T08:50:17.494Z,29.59,71.29,415.41,0,1,31,26.03,57.49,,952.2,0,0,29.5,55.04,421.4,0,1,37,,0.0,,0,0,0,19.58,71.08,410.66,0,1,28,,0.0,,0,0,0,,0.0,,0,0,0,,0.0,,0,0,0,,0.0,,0,0,0,100,50,0,0,0,0,0.0593,,45.26,421.4
2026-07-30T08:50:22.499Z,29.59,71.25,415.46,0,1,31,26.03,57.36,,952.1,0,0,29.49,54.9,421.66,0,1,35,,0.0,,0,0,0,19.55,71.09,411.09,0,1,30,,0.0,,0,0,0,,0.0,,0,0,0,,0.0,,0,0,0,,0.0,,0,0,0,100,50,0,0,0,0,0.0593,,45.15,421.66
2026-07-30T08:50:27.497Z,29.59,71.23,414.22,0,1,25,26.03,57.36,,952.2,0,0,29.48,54.78,422.8,0,1,38,,0.0,,0,0,0,19.52,71.14,411.08,0,1,28,,0.0,,0,0,0,,0.0,,0,0,0,,0.0,,0,0,0,,0.0,,0,0,0,100,50,0,0,0,0,0.0593,,45.11,422.8
2026-07-30T08:50:32.495Z,29.59,71.21,413.7,0,1,27,26.03,57.37,,952.2,0,0,29.47,54.67,423.22,0,1,36,,0.0,,0,0,0,19.5,71.19,409.98,0,1,23,,0.0,,0,0,0,,0.0,,0,0,0,,0.0,,0,0,0,,0.0,,0,0,0,100,50,0,0,0,0,0.0593,,45.09,423.22
2026-07-30T08:50:37.498Z,29.6,71.2,415.63,0,1,38,26.02,57.48,,952.2,0,0,29.47,54.71,426.1,0,1,47,,0.0,,0,0,0,19.49,71.28,410.88,0,1,32,,0.0,,0,0,0,,0.0,,0,0,0,,0.0,,0,0,0,,0.0,,0,0,0,100,50,0,0,0,0,0.0593,,45.15,426.1
2026-07-30T08:50:42.494Z,29.61,71.18,418.16,0,1,42,26.02,57.58,,952.2,0,0,29.48,54.75,424.89,0,1,30,,0.0,,0,0,0,19.48,71.36,411.09,0,1,30,,0.0,,0,0,0,,0.0,,0,0,0,,0.0,,0,0,0,,0.0,,0,0,0,100,50,0,0,0,0,0.0593,,45.22,424.89
2026-07-30T08:50:47.499Z,29.62,71.16,419.95,0,1,40,26.02,57.6,,952.2,0,0,29.47,54.79,425.3,0,1,37,,0.0,,0,0,0,19.47,71.43,411.68,0,1,31,,0.0,,0,0,0,,0.0,,0,0,0,,0.0,,0,0,0,,0.0,,0,0,0,100,50,0,0,0,0,0.0593,,45.24,425.3
2026-07-30T08:50:52.498Z,29.63,71.16,419.65,0,1,31,26.02,57.55,,952.2,0,0,29.46,54.78,425.47,0,1,36,,0.0,,0,0,0,19.46,71.49,411.11,0,1,26,,0.0,,0,0,0,,0.0,,0,0,0,,0.0,,0,0,0,,0.0,,0,0,0,100,50,0,0,0,0,0.0593,,45.21,425.47
2026-07-30T08:50:57.496Z,29.64,71.15,421.09,0,1,39,26.02,57.47,,952.2,0,0,29.46,54.74,426.42,0,1,39,,0.0,,0,0,0,19.44,71.53,412.0,0,1,33,,0.0,,0,0,0,,0.0,,0,0,0,,0.0,,0,0,0,,0.0,,0,0,0,100,50,0,0,0,0,0.0593,,45.16,426.42
2026-07-30T08:51:02.493Z,29.64,71.14,420.48,0,1,31,26.01,57.38,,952.2,0,0,29.45,54.7,425.18,0,1,30,,0.0,,0,0,0,19.43,71.57,414.2,0,1,39,,0.0,,0,0,0,,0.0,,0,0,0,,0.0,,0,0,0,,0.0,,0,0,0,100,50,0,0,0,0,0.0593,,45.1,425.18
2026-07-30T08:51:07.500Z,29.65,71.13,422.23,0,1,41,26.0,57.32,,952.2,0,0,29.45,54.68,428.86,0,1,53,,0.0,,0,0,0,19.41,71.6,414.98,0,1,34,,0.0,,0,0,0,,0.0,,0,0,0,,0.0,,0,0,0,,0.0,,0,0,0,100,50,0,0,0,0,0.0593,,45.06,428.86
2026-07-30T08:51:12.507Z,29.65,71.12,424.41,0,1,44,26.0,57.29,,952.2,0,0,29.44,54.67,429.27,0,1,39,,0.0,,0,0,0,19.4,71.63,415.58,0,1,33,,0.0,,0,0,0,,0.0,,0,0,0,,0.0,,0,0,0,,0.0,,0,0,0,100,50,0,0,0,0,0.0593,,45.05,429.27
2026-07-30T08:51:17.500Z,29.66,71.11,424.67,0,1,36,26.0,57.26,,952.2,0,0,29.44,54.66,430.85,0,1,44,,0.0,,0,0,0,19.39,71.65,417.12,0,1,38,,0.0,,0,0,0,,0.0,,0,0,0,,0.0,,0,0,0,,0.0,,0,0,0,100,50,0,0,0,0,0.0593,,45.03,430.85
2026-07-30T08:51:22.498Z,29.66,71.09,424.8,0,1,35,25.99,57.25,,952.1,0,0,29.44,54.65,432.66,0,1,46,,0.0,,0,0,0,19.38,71.67,418.71,0,1,38,,0.0,,0,0,0,,0.0,,0,0,0,,0.0,,0,0,0,,0.0,,0,0,0,100,50,0,0,0,0,0.0593,,45.02,432.66
2026-07-30T08:51:27.495Z,29.67,71.08,422.32,0,1,19,25.99,57.24,,952.1,0,0,29.45,54.64,434.7,0,1,48,,0.0,,0,0,0,19.37,71.7,421.14,0,1,43,,0.0,,0,0,0,,0.0,,0,0,0,,0.0,,0,0,0,,0.0,,0,0,0,100,50,0,0,0,0,0.0593,,45.01,434.7
2026-07-30T08:51:32.493Z,29.67,71.04,420.09,0,1,13,25.99,57.24,,952.1,0,0,29.45,54.64,436.43,0,1,48,,0.0,,0,0,0,19.37,71.72,422.03,0,1,37,,0.0,,0,0,0,,0.0,,0,0,0,,0.0,,0,0,0,,0.0,,0,0,0,100,50,0,0,0,0,0.0593,,45.01,436.43
2026-07-30T08:51:37.495Z,29.68,70.98,421.38,0,1,39,25.98,57.24,,952.1,0,0,29.46,54.65,437.08,0,1,43,,0.0,,0,0,0,19.35,71.73,422.32,0,1,35,,0.0,,0,0,0,,0.0,,0,0,0,,0.0,,0,0,0,,0.0,,0,0,0,100,50,0,0,0,0,0.0593,,45.02,437.08
2026-07-30T08:51:42.495Z,29.69,70.93,419.24,0,1,22,25.98,57.21,,952.2,0,0,29.45,54.64,437.38,0,1,42,,0.0,,0,0,0,19.34,71.76,421.69,0,1,31,,0.0,,0,0,0,,0.0,,0,0,0,,0.0,,0,0,0,,0.0,,0,0,0,100,50,0,0,0,0,0.0593,,45.0,437.38
2026-07-30T08:51:47.493Z,29.71,70.86,417.62,0,1,25,25.97,57.18,,952.2,0,0,29.45,54.62,440.64,0,1,57,,0.0,,0,0,0,19.32,71.79,423.62,0,1,42,,0.0,,0,0,0,,0.0,,0,0,0,,0.0,,0,0,0,,0.0,,0,0,0,100,50,0,0,0,0,0.0593,,44.98,440.64
2026-07-30T08:51:52.493Z,29.72,70.81,416.56,0,1,27,25.96,57.13,,952.1,0,0,29.45,54.59,441.17,0,1,44,,0.0,,0,0,0,19.31,71.81,423.96,0,1,36,,0.0,,0,0,0,,0.0,,0,0,0,,0.0,,0,0,0,,0.0,,0,0,0,100,50,0,0,0,0,0.0593,,44.94,441.17
2026-07-30T08:51:57.495Z,29.74,70.75,414.9,0,1,19,25.96,57.08,,952.2,0,0,29.46,54.55,444.16,0,1,57,,0.0,,0,0,0,19.3,71.83,423.66,0,1,33,,0.0,,0,0,0,,0.0,,0,0,0,,0.0,,0,0,0,,0.0,,0,0,0,100,50,0,0,0,0,0.0593,,44.9,444.16
2026-07-30T08:52:02.506Z,29.76,70.69,414.31,0,1,28,25.95,57.03,,952.2,0,0,29.46,54.52,444.54,0,1,45,,0.0,,0,0,0,19.29,71.85,425.0,0,1,40,,0.0,,0,0,0,,0.0,,0,0,0,,0.0,,0,0,0,,0.0,,0,0,0,100,50,0,0,0,0,0.0593,,44.87,444.54
2026-07-30T08:52:07.494Z,29.77,70.63,412.88,0,1,23,25.94,56.99,,952.2,0,0,29.47,54.47,446.49,0,1,54,,0.0,,0,0,0,19.28,71.88,425.6,0,1,38,,0.0,,0,0,0,,0.0,,0,0,0,,0.0,,0,0,0,,0.0,,0,0,0,100,50,0,0,0,0,0.0593,,44.84,446.49
2026-07-30T08:52:12.494Z,29.79,70.57,413.59,0,1,32,25.94,56.93,,952.2,0,0,29.47,54.4,445.74,0,1,41,,0.0,,0,0,0,19.27,71.9,426.74,0,1,40,,0.0,,0,0,0,,0.0,,0,0,0,,0.0,,0,0,0,,0.0,,0,0,0,100,50,0,0,0,0,0.0593,,44.78,445.74
2026-07-30T08:52:17.505Z,29.8,70.5,414.63,0,1,34,25.94,56.87,,952.2,0,0,29.47,54.34,448.76,0,1,60,,0.0,,0,0,0,19.26,71.92,429.16,0,1,47,,0.0,,0,0,0,,0.0,,0,0,0,,0.0,,0,0,0,,0.0,,0,0,0,100,50,0,0,0,0,0.0593,,44.74,448.76
2026-07-30T08:52:22.507Z,29.81,70.44,418.77,0,1,49,25.93,56.81,,952.2,0,0,29.47,54.27,449.09,0,1,48,,0.0,,0,0,0,19.26,71.94,430.35,0,1,42,,0.0,,0,0,0,,0.0,,0,0,0,,0.0,,0,0,0,,0.0,,0,0,0,100,50,0,0,0,0,0.0593,,44.69,449.09
2026-07-30T08:52:27.501Z,29.82,70.41,421.89,0,1,47,25.93,56.75,,952.2,0,0,29.48,54.2,451.28,0,1,57,,0.0,,0,0,0,19.25,71.95,431.11,0,1,41,,0.0,,0,0,0,,0.0,,0,0,0,,0.0,,0,0,0,,0.0,,0,0,0,100,50,0,0,0,0,0.0593,,44.64,451.28
2026-07-30T08:52:32.503Z,29.82,70.38,424.5,0,1,46,25.93,56.69,,952.2,0,0,29.47,54.14,454.35,0,1,62,,0.0,,0,0,0,19.25,71.98,433.0,0,1,46,,0.0,,0,0,0,,0.0,,0,0,0,,0.0,,0,0,0,,0.0,,0,0,0,100,50,0,0,0,0,0.0593,,44.59,454.35
2026-07-30T08:52:37.505Z,29.83,70.36,424.45,0,1,34,25.92,56.65,,952.2,0,0,29.47,54.08,457.02,0,1,62,,0.0,,0,0,0,19.23,72.0,433.3,0,1,40,,0.0,,0,0,0,,0.0,,0,0,0,,0.0,,0,0,0,,0.0,,0,0,0,100,50,0,0,0,0,0.0593,,44.55,457.02
2026-07-30T08:52:42.501Z,29.83,70.35,425.51,0,1,40,25.92,56.6,,952.2,0,0,29.48,54.03,457.21,0,1,51,,0.0,,0,0,0,19.22,72.02,434.47,0,1,44,,0.0,,0,0,0,,0.0,,0,0,0,,0.0,,0,0,0,,0.0,,0,0,0,100,50,0,0,0,0,0.0593,,44.51,457.21
2026-07-30T08:52:47.496Z,29.83,70.35,428.76,0,1,50,25.92,56.55,,952.2,0,0,29.48,53.97,458.79,0,1,58,,0.0,,0,0,0,19.21,72.04,436.02,0,1,46,,0.0,,0,0,0,,0.0,,0,0,0,,0.0,,0,0,0,,0.0,,0,0,0,100,50,0,0,0,0,0.0593,,44.47,458.79
2026-07-30T08:52:52.502Z,29.82,70.35,430.78,0,1,46,25.92,56.49,,952.3,0,0,29.48,53.93,460.11,0,1,57,,0.0,,0,0,0,19.2,72.07,437.32,0,1,46,,0.0,,0,0,0,,0.0,,0,0,0,,0.0,,0,0,0,,0.0,,0,0,0,100,50,0,0,0,0,0.0593,,44.42,460.11
2026-07-30T08:52:57.495Z,29.82,70.36,431.3,0,1,40,25.92,56.44,,952.3,0,0,29.48,53.88,460.0,0,1,51,,0.0,,0,0,0,19.19,72.11,439.19,0,1,50,,0.0,,0,0,0,,0.0,,0,0,0,,0.0,,0,0,0,,0.0,,0,0,0,100,50,0,0,0,0,0.0593,,44.38,460.0
2026-07-30T08:53:02.503Z,29.82,70.36,432.17,0,1,42,25.91,56.4,,952.2,0,0,29.48,53.85,461.5,0,1,59,,0.0,,0,0,0,19.17,72.16,440.27,0,1,47,,0.0,,0,0,0,,0.0,,0,0,0,,0.0,,0,0,0,,0.0,,0,0,0,100,50,0,0,0,0,0.0593,,44.36,461.5
2026-07-30T08:53:07.496Z,29.82,70.37,432.56,0,1,40,25.91,56.36,,952.2,0,0,29.48,53.79,461.75,0,1,54,,0.0,,0,0,0,19.15,72.21,443.94,0,1,60,,0.0,,0,0,0,,0.0,,0,0,0,,0.0,,0,0,0,,0.0,,0,0,0,100,50,0,0,0,0,0.0593,,44.32,461.75
2026-07-30T08:53:12.495Z,29.82,70.37,433.4,0,1,42,25.91,56.32,,952.1,0,0,29.48,53.74,465.48,0,2,71,,0.0,,0,0,0,19.13,72.27,444.95,0,1,49,,0.0,,0,0,0,,0.0,,0,0,0,,0.0,,0,0,0,,0.0,,0,0,0,100,50,0,0,0,0,0.0593,,44.28,465.48
2026-07-30T08:53:17.498Z,29.81,70.36,432.96,0,1,36,25.91,56.29,,952.1,0,0,29.48,53.7,466.53,0,1,60,,0.0,,0,0,0,19.1,72.32,445.15,0,1,45,,0.0,,0,0,0,,0.0,,0,0,0,,0.0,,0,0,0,,0.0,,0,0,0,100,50,0,0,0,0,0.0593,,44.26,466.53
2026-07-30T08:53:22.499Z,29.81,70.36,430.36,0,1,27,25.91,56.24,,952.2,0,0,29.48,53.65,465.78,0,1,51,,0.0,,0,0,0,19.08,72.38,446.44,0,1,51,,0.0,,0,0,0,,0.0,,0,0,0,,0.0,,0,0,0,,0.0,,0,0,0,100,50,0,0,0,0,0.0593,,44.22,465.78
2026-07-30T08:53:27.627Z,29.81,70.34,428.43,0,1,29,25.91,56.2,,952.1,0,0,29.48,53.6,469.7,0,2,75,,0.0,,0,0,0,19.06,72.44,447.4,0,1,50,,0.0,,0,0,0,,0.0,,0,0,0,,0.0,,0,0,0,,0.0,,0,0,0,100,50,0,0,0,0,0.0593,,44.18,469.7
2026-07-30T08:53:32.497Z,29.81,70.33,425.58,0,1,23,25.91,56.15,,952.2,0,0,29.49,53.55,469.73,0,1,56,,0.0,,0,0,0,19.05,72.5,447.86,0,1,47,,0.0,,0,0,0,,0.0,,0,0,0,,0.0,,0,0,0,,0.0,,0,0,0,100,50,0,0,0,0,0.0593,,44.14,469.73
2026-07-30T08:53:37.503Z,29.81,70.31,423.43,0,1,26,25.91,56.1,,952.2,0,0,29.49,53.51,470.26,0,1,59,,0.0,,0,0,0,19.03,72.55,448.07,0,1,47,,0.0,,0,0,0,,0.0,,0,0,0,,0.0,,0,0,0,,0.0,,0,0,0,100,50,0,0,0,0,0.0593,,44.1,470.26
2026-07-30T08:53:42.498Z,29.82,70.29,422.38,0,1,30,25.91,56.04,,952.1,0,0,29.48,53.46,472.53,0,2,69,,0.0,,0,0,0,19.03,72.58,448.26,0,1,47,,0.0,,0,0,0,,0.0,,0,0,0,,0.0,,0,0,0,,0.0,,0,0,0,100,50,0,0,0,0,0.0593,,44.06,472.53
2026-07-30T08:53:47.497Z,29.83,70.27,423.85,0,1,40,25.91,55.98,,952.2,0,0,29.47,53.41,474.58,0,2,68,,0.0,,0,0,0,19.03,72.62,448.34,0,1,46,,0.0,,0,0,0,,0.0,,0,0,0,,0.0,,0,0,0,,0.0,,0,0,0,100,50,0,0,0,0,0.0593,,44.01,474.58
2026-07-30T08:53:52.498Z,29.83,70.25,422.86,0,1,30,25.9,55.92,,952.2,0,0,29.47,53.36,475.82,0,2,65,,0.0,,0,0,0,19.01,72.64,449.0,0,1,49,,0.0,,0,0,0,,0.0,,0,0,0,,0.0,,0,0,0,,0.0,,0,0,0,100,50,0,0,0,0,0.0593,,43.97,475.82
2026-07-30T08:53:57.498Z,29.84,70.22,420.57,0,1,17,25.9,55.86,,952.1,0,0,29.48,53.3,474.64,0,1,53,,0.0,,0,0,0,19.0,72.68,449.6,0,1,49,,0.0,,0,0,0,,0.0,,0,0,0,,0.0,,0,0,0,,0.0,,0,0,0,100,50,0,0,0,0,0.0593,,43.92,474.64
2026-07-30T08:54:02.497Z,29.85,70.19,419.62,0,1,28,25.9,55.8,,952.1,0,0,29.48,53.25,476.97,0,2,71,,0.0,,0,0,0,18.99,72.71,450.34,0,1,50,,0.0,,0,0,0,,0.0,,0,0,0,,0.0,,0,0,0,,0.0,,0,0,0,100,50,0,0,0,0,0.0593,,43.88,476.97
2026-07-30T08:54:07.497Z,29.85,70.16,419.06,0,1,30,25.9,55.74,,952.2,0,0,29.47,53.2,475.68,0,1,53,,0.0,,0,0,0,18.98,72.76,452.61,0,1,58,,0.0,,0,0,0,,0.0,,0,0,0,,0.0,,0,0,0,,0.0,,0,0,0,100,50,0,0,0,0,0.0593,,43.83,475.68
2026-07-30T08:54:12.501Z,29.86,70.12,420.15,0,1,37,25.9,55.68,,952.2,0,0,29.46,53.16,475.21,0,1,57,,0.0,,0,0,0,18.98,72.82,453.65,0,1,53,,0.0,,0,0,0,,0.0,,0,0,0,,0.0,,0,0,0,,0.0,,0,0,0,100,50,0,0,0,0,0.0593,,43.79,475.21
2026-07-30T08:54:17.497Z,29.86,70.1,420.63,0,1,35,25.9,55.63,,952.1,0,0,29.46,53.1,477.39,0,2,70,,0.0,,0,0,0,18.97,72.9,453.68,0,1,48,,0.0,,0,0,0,,0.0,,0,0,0,,0.0,,0,0,0,,0.0,,0,0,0,100,50,0,0,0,0,0.0593,,43.74,477.39
2026-07-30T08:54:22.495Z,29.86,70.06,421.27,0,1,36,25.9,55.57,,952.2,0,0,29.45,53.04,480.65,0,2,77,,0.0,,0,0,0,18.96,72.98,454.71,0,1,53,,0.0,,0,0,0,,0.0,,0,0,0,,0.0,,0,0,0,,0.0,,0,0,0,100,50,0,0,0,0,0.0593,,43.7,480.65
2026-07-30T08:54:27.495Z,29.86,70.06,423.64,0,1,44,25.9,55.5,,952.1,0,0,29.45,52.98,480.48,0,1,61,,0.0,,0,0,0,18.95,73.05,457.44,0,1,63,,0.0,,0,0,0,,0.0,,0,0,0,,0.0,,0,0,0,,0.0,,0,0,0,100,50,0,0,0,0,0.0593,,43.64,480.48
2026-07-30T08:54:32.494Z,29.85,70.07,422.38,0,1,29,25.9,55.44,,952.1,0,0,29.44,52.92,480.14,0,1,60,,0.0,,0,0,0,18.95,73.12,459.5,0,1,60,,0.0,,0,0,0,,0.0,,0,0,0,,0.0,,0,0,0,,0.0,,0,0,0,100,50,0,0,0,0,0.0593,,43.6,480.14
2026-07-30T08:54:37.499Z,29.85,70.08,422.14,0,1,33,25.9,55.38,,952.2,0,0,29.44,52.86,480.52,0,1,64,,0.0,,0,0,0,18.94,73.19,461.25,0,1,60,,0.0,,0,0,0,,0.0,,0,0,0,,0.0,,0,0,0,,0.0,,0,0,0,100,50,0,0,0,0,0.0593,,43.55,480.52
2026-07-30T08:54:42.497Z,29.84,70.1,423.83,0,1,41,25.9,55.31,,952.1,0,0,29.43,52.78,482.37,0,2,71,,0.0,,0,0,0,18.93,73.25,463.52,0,1,63,,0.0,,0,0,0,,0.0,,0,0,0,,0.0,,0,0,0,,0.0,,0,0,0,100,50,0,0,0,0,0.0593,,43.49,482.37
2026-07-30T08:54:47.499Z,29.83,70.13,426.94,0,1,49,25.9,55.24,,952.1,0,0,29.43,52.71,483.13,0,2,67,,0.0,,0,0,0,18.92,73.31,463.87,0,1,55,,0.0,,0,0,0,,0.0,,0,0,0,,0.0,,0,0,0,,0.0,,0,0,0,100,50,0,0,0,0,0.0593,,43.43,483.13
2026-07-30T08:54:52.498Z,29.82,70.17,427.75,0,1,39,25.9,55.16,,952.1,0,0,29.43,52.63,483.52,0,2,65,,0.0,,0,0,0,18.91,73.37,465.48,0,1,61,,0.0,,0,0,0,,0.0,,0,0,0,,0.0,,0,0,0,,0.0,,0,0,0,100,50,0,0,0,0,0.0593,,43.37,483.52
2026-07-30T08:54:57.499Z,29.8,70.18,431.48,0,1,54,25.9,55.1,,952.1,0,0,29.42,52.56,482.97,0,1,60,,0.0,,0,0,0,18.89,73.42,466.44,0,1,59,,0.0,,0,0,0,,0.0,,0,0,0,,0.0,,0,0,0,,0.0,,0,0,0,100,50,0,0,0,0,0.0593,,43.32,482.97
2026-07-30T08:55:02.497Z,29.79,70.23,432.83,0,1,44,25.89,55.03,,952.1,0,0,29.42,52.48,483.17,0,1,64,,0.0,,0,0,0,18.89,73.48,468.79,0,2,67,,0.0,,0,0,0,,0.0,,0,0,0,,0.0,,0,0,0,,0.0,,0,0,0,100,50,0,0,0,0,0.0593,,43.26,483.17
2026-07-30T08:55:07.496Z,29.78,70.26,434.05,0,1,44,25.89,54.97,,952.1,0,0,29.42,52.42,482.65,0,1,61,,0.0,,0,0,0,18.88,73.52,470.31,0,1,64,,0.0,,0,0,0,,0.0,,0,0,0,,0.0,,0,0,0,,0.0,,0,0,0,100,50,0,0,0,0,0.0593,,43.21,482.65
2026-07-30T08:55:12.501Z,29.78,70.3,433.64,0,1,37,25.88,54.9,,952.1,0,0,29.42,52.35,483.19,0,2,66,,0.0,,0,0,0,18.87,73.57,469.08,0,1,51,,0.0,,0,0,0,,0.0,,0,0,0,,0.0,,0,0,0,,0.0,,0,0,0,100,50,0,0,0,0,0.0593,,43.16,483.19
2026-07-30T08:55:17.497Z,29.77,70.33,433.58,0,1,39,25.87,54.84,,952.1,0,0,29.42,52.29,485.87,0,2,78,,0.0,,0,0,0,18.86,73.61,469.87,0,1,60,,0.0,,0,0,0,,0.0,,0,0,0,,0.0,,0,0,0,,0.0,,0,0,0,100,50,0,0,0,0,0.0593,,43.11,485.87
2026-07-30T08:55:22.499Z,29.76,70.36,433.82,0,1,40,25.88,54.78,,952.2,0,0,29.41,52.23,484.78,0,1,59,,0.0,,0,0,0,18.86,73.64,470.09,0,1,58,,0.0,,0,0,0,,0.0,,0,0,0,,0.0,,0,0,0,,0.0,,0,0,0,100,50,0,0,0,0,0.0593,,43.06,484.78
2026-07-30T08:55:27.498Z,29.76,70.4,433.94,0,1,39,25.87,54.73,,952.1,0,0,29.41,52.19,484.1,0,1,60,,0.0,,0,0,0,18.85,73.67,470.48,0,1,59,,0.0,,0,0,0,,0.0,,0,0,0,,0.0,,0,0,0,,0.0,,0,0,0,100,50,0,0,0,0,0.0593,,43.02,484.1
2026-07-30T08:55:32.501Z,29.75,70.41,432.94,0,1,34,25.86,54.67,,952.1,0,0,29.41,52.14,482.49,0,1,62,,0.0,,0,0,0,18.85,73.69,470.03,0,2,54,,0.0,,0,0,0,,0.0,,0,0,0,,0.0,,0,0,0,,0.0,,0,0,0,100,50,0,0,0,0,0.0593,,42.98,482.49
2026-07-30T08:55:37.500Z,29.73,70.44,432.85,0,1,38,25.86,54.63,,952.1,0,0,29.41,52.09,482.24,0,2,62,,0.0,,0,0,0,18.84,73.71,471.43,0,1,64,,0.0,,0,0,0,,0.0,,0,0,0,,0.0,,0,0,0,,0.0,,0,0,0,100,50,0,0,0,0,0.0593,,42.94,482.24
2026-07-30T08:55:42.495Z,29.72,70.46,430.36,0,1,27,25.85,54.57,,952.2,0,0,29.41,52.04,484.42,0,2,74,,0.0,,0,0,0,18.84,73.73,472.78,0,1,64,,0.0,,0,0,0,,0.0,,0,0,0,,0.0,,0,0,0,,0.0,,0,0,0,100,50,0,0,0,0,0.0593,,42.9,484.42
2026-07-30T08:55:47.497Z,29.71,70.49,432.73,0,1,49,25.85,54.52,,952.2,0,0,29.41,51.99,487.18,0,2,79,,0.0,,0,0,0,18.83,73.75,472.21,0,1,55,,0.0,,0,0,0,,0.0,,0,0,0,,0.0,,0,0,0,,0.0,,0,0,0,100,50,0,0,0,0,0.0593,,42.86,487.18
2026-07-30T08:55:52.496Z,29.7,70.52,436.35,0,1,56,25.84,54.46,,952.1,0,0,29.41,51.93,485.46,0,1,57,,0.0,,0,0,0,18.83,73.76,472.69,0,2,65,,0.0,,0,0,0,,0.0,,0,0,0,,0.0,,0,0,0,,0.0,,0,0,0,100,50,0,0,0,0,0.0593,,42.81,485.46
2026-07-30T08:55:57.495Z,29.69,70.55,437.52,0,1,46,25.84,54.41,,952.1,0,0,29.41,51.88,486.21,0,2,68,,0.0,,0,0,0,18.83,73.77,472.32,0,1,56,,0.0,,0,0,0,,0.0,,0,0,0,,0.0,,0,0,0,,0.0,,0,0,0,100,50,0,0,0,0,0.0593,,42.77,486.21
2026-07-30T08:56:02.496Z,29.68,70.58,439.17,0,1,49,25.83,54.35,,952.1,0,0,29.41,51.82,485.79,0,1,62,,0.0,,0,0,0,18.81,73.78,474.69,0,2,70,,0.0,,0,0,0,,0.0,,0,0,0,,0.0,,0,0,0,,0.0,,0,0,0,100,50,0,0,0,0,0.0593,,42.72,485.79
2026-07-30T08:56:07.496Z,29.67,70.61,439.35,0,1,42,25.83,54.29,,952.1,0,0,29.41,51.77,488.21,0,2,77,,0.0,,0,0,0,18.8,73.79,475.92,0,2,65,,0.0,,0,0,0,,0.0,,0,0,0,,0.0,,0,0,0,,0.0,,0,0,0,100,50,0,0,0,0,0.0593,,42.68,488.21
2026-07-30T08:56:12.496Z,29.66,70.62,443.82,0,1,64,25.83,54.23,,952.1,0,0,29.41,51.71,488.69,0,2,69,,0.0,,0,0,0,18.79,73.81,477.02,0,2,65,,0.0,,0,0,0,,0.0,,0,0,0,,0.0,,0,0,0,,0.0,,0,0,0,100,50,0,0,0,0,0.0593,,42.63,488.69
2026-07-30T08:56:17.496Z,29.66,70.66,444.63,0,1,48,25.82,54.18,,952.1,0,0,29.4,51.66,489.42,0,2,70,,0.0,,0,0,0,18.78,73.83,478.02,0,2,73,,0.0,,0,0,0,,0.0,,0,0,0,,0.0,,0,0,0,,0.0,,0,0,0,100,50,0,0,0,0,0.0593,,42.59,489.42
2026-07-30T08:56:22.495Z,29.65,70.69,443.87,0,1,41,25.82,54.12,,952.2,0,0,29.4,51.6,489.48,0,2,67,,0.0,,0,0,0,18.77,73.86,477.72,0,1,59,,0.0,,0,0,0,,0.0,,0,0,0,,0.0,,0,0,0,,0.0,,0,0,0,100,50,0,0,0,0,0.0593,,42.54,489.48
2026-07-30T08:56:27.496Z,29.65,70.72,445.18,0,1,50,25.82,54.06,,952.2,0,0,29.4,51.55,491.63,0,2,78,,0.0,,0,0,0,18.77,73.89,476.45,0,1,54,,0.0,,0,0,0,,0.0,,0,0,0,,0.0,,0,0,0,,0.0,,0,0,0,100,50,0,0,0,0,0.0593,,42.5,491.63
2026-07-30T08:56:32.496Z,29.64,70.74,442.67,0,1,32,25.82,54.0,,952.1,0,0,29.4,51.51,492.57,0,2,73,,0.0,,0,0,0,18.76,73.93,478.9,0,2,73,,0.0,,0,0,0,,0.0,,0,0,0,,0.0,,0,0,0,,0.0,,0,0,0,100,50,0,0,0,0,0.0593,,42.45,492.57
2026-07-30T08:56:37.507Z,29.64,70.73,441.0,0,1,35,25.82,53.95,,952.1,0,0,29.4,51.47,493.01,0,2,71,,0.0,,0,0,0,18.75,73.97,481.61,0,2,75,,0.0,,0,0,0,,0.0,,0,0,0,,0.0,,0,0,0,,0.0,,0,0,0,100,50,0,0,0,0,0.0593,,42.42,493.01
2026-07-30T08:56:42.494Z,29.63,70.74,437.8,0,1,28,25.81,53.91,,952.2,0,0,29.4,51.43,494.81,0,2,78,,0.0,,0,0,0,18.75,74.0,481.35,0,1,61,,0.0,,0,0,0,,0.0,,0,0,0,,0.0,,0,0,0,,0.0,,0,0,0,100,50,0,0,0,0,0.0593,,42.38,494.81
2026-07-30T08:56:47.494Z,29.63,70.74,437.42,0,1,39,25.81,53.86,,952.2,0,0,29.4,51.39,495.63,0,2,74,,0.0,,0,0,0,18.74,74.04,481.92,0,2,65,,0.0,,0,0,0,,0.0,,0,0,0,,0.0,,0,0,0,,0.0,,0,0,0,100,50,0,0,0,0,0.0593,,42.35,495.63
2026-07-30T08:56:52.493Z,29.64,70.74,439.18,0,1,49,25.81,53.81,,952.2,0,0,29.4,51.35,496.27,0,2,73,,0.0,,0,0,0,18.74,74.08,481.82,0,1,62,,0.0,,0,0,0,,0.0,,0,0,0,,0.0,,0,0,0,,0.0,,0,0,0,100,50,0,0,0,0,0.0593,,42.31,496.27
2026-07-30T08:56:57.493Z,29.64,70.73,438.56,0,1,38,25.81,53.78,,952.2,0,0,29.4,51.31,495.54,0,2,66,,0.0,,0,0,0,18.74,74.1,482.34,0,2,65,,0.0,,0,0,0,,0.0,,0,0,0,,0.0,,0,0,0,,0.0,,0,0,0,100,50,0,0,0,0,0.0593,,42.28,495.54
2026-07-30T08:57:02.504Z,29.65,70.71,437.0,0,1,34,25.81,53.76,,952.1,0,0,29.4,51.28,496.99,0,2,78,,0.0,,0,0,0,18.73,74.12,483.51,0,2,69,,0.0,,0,0,0,,0.0,,0,0,0,,0.0,,0,0,0,,0.0,,0,0,0,100,50,0,0,0,0,0.0593,,42.26,496.99
2026-07-30T08:57:07.501Z,29.65,70.69,435.0,0,1,31,25.81,53.73,,952.1,0,0,29.4,51.25,498.69,0,2,80,,0.0,,0,0,0,18.73,74.14,484.36,0,2,68,,0.0,,0,0,0,,0.0,,0,0,0,,0.0,,0,0,0,,0.0,,0,0,0,100,50,0,0,0,0,0.0593,,42.24,498.69
2026-07-30T08:57:12.500Z,29.67,70.65,432.6,0,1,29,25.81,53.69,,952.1,0,0,29.4,51.22,500.82,0,2,83,,0.0,,0,0,0,18.73,74.14,485.02,0,2,67,,0.0,,0,0,0,,0.0,,0,0,0,,0.0,,0,0,0,,0.0,,0,0,0,100,50,0,0,0,0,0.0593,,42.21,500.82
2026-07-30T08:57:17.498Z,29.68,70.62,430.44,0,1,28,25.81,53.66,,952.1,0,0,29.4,51.19,500.94,0,2,73,,0.0,,0,0,0,18.72,74.15,484.72,0,1,63,,0.0,,0,0,0,,0.0,,0,0,0,,0.0,,0,0,0,,0.0,,0,0,0,100,50,0,0,0,0,0.0593,,42.19,500.94
2026-07-30T08:57:22.504Z,29.69,70.57,427.4,0,1,15,25.81,53.63,,952.1,0,0,29.4,51.15,501.54,0,2,76,,0.0,,0,0,0,18.72,74.15,485.65,0,2,69,,0.0,,0,0,0,,0.0,,0,0,0,,0.0,,0,0,0,,0.0,,0,0,0,100,50,0,0,0,0,0.0593,,42.16,501.54
2026-07-30T08:57:27.501Z,29.7,70.53,425.66,0,1,28,25.81,53.58,,952.1,0,0,29.4,51.11,500.09,0,2,65,,0.0,,0,0,0,18.72,74.13,486.78,0,2,71,,0.0,,0,0,0,,0.0,,0,0,0,,0.0,,0,0,0,,0.0,,0,0,0,100,50,0,0,0,0,0.0593,,42.12,500.09
2026-07-30T08:57:32.500Z,29.71,70.47,424.19,0,1,29,25.8,53.54,,952.1,0,0,29.4,51.07,499.08,0,2,67,,0.0,,0,0,0,18.72,74.1,487.3,0,2,68,,0.0,,0,0,0,,0.0,,0,0,0,,0.0,,0,0,0,,0.0,,0,0,0,100,50,0,0,0,0,0.0593,,42.09,499.08
2026-07-30T08:57:37.497Z,29.73,70.42,423.27,0,1,30,25.8,53.49,,952.1,0,0,29.4,51.03,499.47,0,2,74,,0.0,,0,0,0,18.72,74.07,486.87,0,1,63,,0.0,,0,0,0,,0.0,,0,0,0,,0.0,,0,0,0,,0.0,,0,0,0,100,50,0,0,0,0,0.0593,,42.05,499.47
2026-07-30T08:57:42.501Z,29.75,70.35,423.25,0,1,34,25.8,53.45,,952.1,0,0,29.39,51.0,498.52,0,2,67,,0.0,,0,0,0,18.71,74.05,484.99,0,1,56,,0.0,,0,0,0,,0.0,,0,0,0,,0.0,,0,0,0,,0.0,,0,0,0,100,50,0,0,0,0,0.0593,,42.02,498.52
2026-07-30T08:57:47.501Z,29.76,70.27,422.92,0,1,33,25.8,53.42,,952.1,0,0,29.39,50.97,498.87,0,2,73,,0.0,,0,0,0,18.71,74.04,486.89,0,2,74,,0.0,,0,0,0,,0.0,,0,0,0,,0.0,,0,0,0,,0.0,,0,0,0,100,50,0,0,0,0,0.0593,,42.0,498.87
2026-07-30T08:57:52.499Z,29.78,70.2,421.33,0,1,27,25.8,53.38,,952.1,0,0,29.38,50.94,500.99,0,2,83,,0.0,,0,0,0,18.7,74.04,488.4,0,2,73,,0.0,,0,0,0,,0.0,,0,0,0,,0.0,,0,0,0,,0.0,,0,0,0,100,50,0,0,0,0,0.0593,,41.97,500.99
2026-07-30T08:57:57.627Z,29.79,70.13,420.0,0,1,27,25.8,53.34,,952.1,0,0,29.37,50.92,500.19,0,2,68,,0.0,,0,0,0,18.69,74.05,489.26,0,2,71,,0.0,,0,0,0,,0.0,,0,0,0,,0.0,,0,0,0,,0.0,,0,0,0,100,50,0,0,0,0,0.0593,,41.95,500.19
2026-07-30T08:58:02.499Z,29.8,70.07,418.8,0,1,27,25.8,53.3,,952.0,0,0,29.37,50.89,501.57,0,2,80,,0.0,,0,0,0,18.69,74.05,489.53,0,2,68,,0.0,,0,0,0,,0.0,,0,0,0,,0.0,,0,0,0,,0.0,,0,0,0,100,50,0,0,0,0,0.0593,,41.92,501.57
2026-07-30T08:58:07.495Z,29.81,70.01,420.32,0,1,39,25.8,53.25,,952.1,0,0,29.36,50.86,503.21,0,2,82,,0.0,,0,0,0,18.68,74.06,490.08,0,2,70,,0.0,,0,0,0,,0.0,,0,0,0,,0.0,,0,0,0,,0.0,,0,0,0,100,50,0,0,0,0,0.0593,,41.88,503.21
2026-07-30T08:58:12.498Z,29.83,69.96,420.09,0,1,32,25.8,53.2,,952.1,0,0,29.35,50.81,502.49,0,2,70,,0.0,,0,0,0,18.67,74.07,489.77,0,2,65,,0.0,,0,0,0,,0.0,,0,0,0,,0.0,,0,0,0,,0.0,,0,0,0,100,50,0,0,0,0,0.0593,,41.84,502.49
2026-07-30T08:58:17.500Z,29.85,69.9,420.28,0,1,33,25.8,53.16,,952.1,0,0,29.35,50.77,501.54,0,2,68,,0.0,,0,0,0,18.67,74.08,490.89,0,2,73,,0.0,,0,0,0,,0.0,,0,0,0,,0.0,,0,0,0,,0.0,,0,0,0,100,50,0,0,0,0,0.0593,,41.81,501.54
2026-07-30T08:58:22.497Z,29.86,69.85,421.65,0,1,39,25.8,53.11,,952.1,0,0,29.34,50.72,501.59,0,2,73,,0.0,,0,0,0,18.66,74.1,493.11,0,2,79,,0.0,,0,0,0,,0.0,,0,0,0,,0.0,,0,0,0,,0.0,,0,0,0,100,50,0,0,0,0,0.0593,,41.77,501.59
2026-07-30T08:58:27.497Z,29.88,69.8,422.28,0,1,36,25.8,53.07,,952.1,0,0,29.34,50.68,501.63,0,2,73,,0.0,,0,0,0,18.65,74.11,493.99,0,2,73,,0.0,,0,0,0,,0.0,,0,0,0,,0.0,,0,0,0,,0.0,,0,0,0,100,50,0,0,0,0,0.0593,,41.74,501.63
2026-07-30T08:58:32.499Z,29.9,69.75,425.36,0,1,48,25.8,53.03,,952.1,0,0,29.34,50.65,505.07,0,2,92,,0.0,,0,0,0,18.65,74.12,496.0,0,2,80,,0.0,,0,0,0,,0.0,,0,0,0,,0.0,,0,0,0,,0.0,,0,0,0,100,50,0,0,0,0,0.0593,,41.71,505.07
2026-07-30T08:58:37.500Z,29.92,69.7,426.32,0,1,40,25.8,53.0,,952.1,0,0,29.33,50.63,503.86,0,2,68,,0.0,,0,0,0,18.64,74.12,496.8,0,2,74,,0.0,,0,0,0,,0.0,,0,0,0,,0.0,,0,0,0,,0.0,,0,0,0,100,50,0,0,0,0,0.0593,,41.69,503.86
2026-07-30T08:58:42.497Z,29.94,69.66,426.09,0,1,34,25.79,52.97,,952.1,0,0,29.33,50.6,504.67,0,2,78,,0.0,,0,0,0,18.64,74.13,497.22,0,2,83,,0.0,,0,0,0,,0.0,,0,0,0,,0.0,,0,0,0,,0.0,,0,0,0,100,50,0,0,0,0,0.0593,,41.66,504.67
2026-07-30T08:58:47.507Z,29.95,69.63,427.68,0,1,43,25.78,52.93,,952.2,0,0,29.33,50.57,503.11,0,2,66,,0.0,,0,0,0,18.64,74.15,497.29,0,2,71,,0.0,,0,0,0,,0.0,,0,0,0,,0.0,,0,0,0,,0.0,,0,0,0,100,50,0,0,0,0,0.0593,,41.64,503.11
2026-07-30T08:58:52.505Z,29.97,69.58,432.01,0,1,57,25.77,52.91,,952.1,0,0,29.32,50.53,503.7,0,2,77,,0.0,,0,0,0,18.63,74.16,498.37,0,2,76,,0.0,,0,0,0,,0.0,,0,0,0,,0.0,,0,0,0,,0.0,,0,0,0,100,50,0,0,0,0,0.0593,,41.61,503.7
2026-07-30T08:58:57.506Z,29.98,69.56,436.31,0,1,59,25.77,52.89,,952.1,0,0,29.32,50.5,503.33,0,2,72,,0.0,,0,0,0,18.63,74.18,499.63,0,2,85,,0.0,,0,0,0,,0.0,,0,0,0,,0.0,,0,0,0,,0.0,,0,0,0,100,50,0,0,0,0,0.0593,,41.6,503.33
2026-07-30T08:59:02.505Z,29.99,69.53,440.38,0,1,60,25.76,52.86,,952.1,0,0,29.32,50.47,503.99,0,2,77,,0.0,,0,0,0,18.64,74.2,501.07,0,2,80,,0.0,,0,0,0,,0.0,,0,0,0,,0.0,,0,0,0,,0.0,,0,0,0,100,50,0,0,0,0,0.0593,,41.57,503.99
2026-07-30T08:59:07.495Z,30.0,69.52,444.14,0,1,61,25.75,52.82,,952.0,0,0,29.32,50.45,504.99,0,2,80,,0.0,,0,0,0,18.63,74.23,501.76,0,2,77,,0.0,,0,0,0,,0.0,,0,0,0,,0.0,,0,0,0,,0.0,,0,0,0,100,50,0,0,0,0,0.0593,,41.54,504.99
2026-07-30T08:59:12.496Z,30.0,69.52,445.63,0,1,51,25.75,52.79,,952.1,0,0,29.32,50.43,504.99,0,2,75,,0.0,,0,0,0,18.64,74.25,502.73,0,2,87,,0.0,,0,0,0,,0.0,,0,0,0,,0.0,,0,0,0,,0.0,,0,0,0,100,50,0,0,0,0,0.0593,,41.52,504.99
2026-07-30T08:59:17.500Z,30.0,69.51,444.56,0,1,39,25.74,52.75,,952.0,0,0,29.31,50.39,506.09,0,2,81,,0.0,,0,0,0,18.65,74.26,503.96,0,2,80,,0.0,,0,0,0,,0.0,,0,0,0,,0.0,,0,0,0,,0.0,,0,0,0,100,50,0,0,0,0,0.0593,,41.49,506.09
2026-07-30T08:59:22.495Z,30.0,69.51,442.71,0,1,35,25.74,52.72,,952.0,0,0,29.31,50.36,508.19,0,2,87,,0.0,,0,0,0,18.65,74.28,503.56,0,2,72,,0.0,,0,0,0,,0.0,,0,0,0,,0.0,,0,0,0,,0.0,,0,0,0,100,50,0,0,0,0,0.0593,,41.47,508.19
2026-07-30T08:59:27.500Z,30.0,69.51,441.64,0,1,38,25.74,52.69,,952.0,0,0,29.31,50.33,509.37,0,2,83,,0.0,,0,0,0,18.66,74.26,503.91,0,2,85,,0.0,,0,0,0,,0.0,,0,0,0,,0.0,,0,0,0,,0.0,,0,0,0,100,50,0,0,0,0,0.0593,,41.44,509.37
2026-07-30T08:59:32.493Z,30.0,69.51,439.17,0,1,31,25.73,52.66,,952.0,0,0,29.31,50.3,511.93,0,2,92,,0.0,,0,0,0,18.66,74.22,504.92,0,2,80,,0.0,,0,0,0,,0.0,,0,0,0,,0.0,,0,0,0,,0.0,,0,0,0,100,50,0,0,0,0,0.0593,,41.42,511.93
2026-07-30T08:59:37.500Z,30.0,69.51,440.06,0,1,46,25.73,52.63,,952.0,0,0,29.31,50.28,512.74,0,2,83,,0.0,,0,0,0,18.66,74.19,505.73,0,2,79,,0.0,,0,0,0,,0.0,,0,0,0,,0.0,,0,0,0,,0.0,,0,0,0,100,50,0,0,0,0,0.0593,,41.4,512.74
2026-07-30T08:59:42.493Z,30.0,69.51,442.65,0,1,55,25.73,52.61,,952.0,0,0,29.31,50.26,511.26,0,2,71,,0.0,,0,0,0,18.67,74.14,507.15,0,2,83,,0.0,,0,0,0,,0.0,,0,0,0,,0.0,,0,0,0,,0.0,,0,0,0,100,50,0,0,0,0,0.0593,,41.38,511.26
2026-07-30T08:59:47.495Z,30.0,69.52,444.49,0,1,52,25.72,52.59,,952.0,0,0,29.31,50.23,511.34,0,2,79,,0.0,,0,0,0,18.67,74.1,508.42,0,2,87,,0.0,,0,0,0,,0.0,,0,0,0,,0.0,,0,0,0,,0.0,,0,0,0,100,50,0,0,0,0,0.0593,,41.36,511.34
2026-07-30T08:59:52.498Z,30.0,69.53,445.24,0,1,48,25.72,52.57,,952.1,0,0,29.31,50.21,513.1,0,2,88,,0.0,,0,0,0,18.66,74.06,509.55,0,2,91,,0.0,,0,0,0,,0.0,,0,0,0,,0.0,,0,0,0,,0.0,,0,0,0,100,50,0,0,0,0,0.0593,,41.35,513.1
2026-07-30T08:59:57.495Z,30.0,69.53,445.11,0,1,44,25.72,52.54,,952.1,0,0,29.31,50.19,514.79,0,2,89,,0.0,,0,0,0,18.66,74.03,510.55,0,2,93,,0.0,,0,0,0,,0.0,,0,0,0,,0.0,,0,0,0,,0.0,,0,0,0,100,50,0,0,0,0,0.0593,,41.33,514.79
2026-07-30T09:00:02.498Z,29.99,69.56,449.6,0,2,67,25.72,52.51,,952.1,0,0,29.31,50.16,514.51,0,2,79,,0.0,,0,0,0,18.65,74.02,511.44,0,2,103,,0.0,,0,0,0,,0.0,,0,0,0,,0.0,,0,0,0,,0.0,,0,0,0,100,50,0,0,0,0,0.0593,,41.3,514.51
2026-07-30T09:00:07.506Z,29.98,69.58,455.54,0,2,77,25.72,52.48,,952.1,0,0,29.3,50.13,514.66,0,2,81,,0.0,,0,0,0,18.65,74.02,512.23,0,2,92,,0.0,,0,0,0,,0.0,,0,0,0,,0.0,,0,0,0,,0.0,,0,0,0,100,50,0,0,0,0,0.0593,,41.28,514.66
2026-07-30T09:00:12.494Z,29.97,69.62,458.49,0,1,64,25.71,52.45,,952.1,0,0,29.3,50.11,515.2,0,2,83,,0.0,,0,0,0,18.64,74.01,512.92,0,2,101,,0.0,,0,0,0,,0.0,,0,0,0,,0.0,,0,0,0,,0.0,,0,0,0,100,50,0,0,0,0,0.0593,,41.26,515.2
2026-07-30T09:00:17.498Z,29.97,69.64,455.64,0,1,37,25.71,52.42,,952.0,0,0,29.3,50.08,516.28,0,2,86,,0.0,,0,0,0,18.64,74.01,513.53,0,2,82,,0.0,,0,0,0,,0.0,,0,0,0,,0.0,,0,0,0,,0.0,,0,0,0,100,50,0,0,0,0,0.0593,,41.23,516.28
2026-07-30T09:00:22.496Z,29.95,69.66,452.77,0,1,36,25.71,52.4,,952.0,0,0,29.3,50.05,516.55,0,2,82,,0.0,,0,0,0,18.63,74.01,514.02,0,2,84,,0.0,,0,0,0,,0.0,,0,0,0,,0.0,,0,0,0,,0.0,,0,0,0,100,50,0,0,0,0,0.0593,,41.22,516.55
2026-07-30T09:00:27.498Z,29.93,69.67,449.8,0,1,34,25.71,52.38,,952.0,0,0,29.3,50.03,518.19,0,2,90,,0.0,,0,0,0,18.63,74.01,514.4,0,2,98,,0.0,,0,0,0,,0.0,,0,0,0,,0.0,,0,0,0,,0.0,,0,0,0,100,50,0,0,0,0,0.0593,,41.2,518.19
2026-07-30T09:00:32.495Z,29.92,69.71,451.72,0,1,56,25.71,52.46,,952.1,0,0,29.3,50.05,522.17,0,2,139,,0.0,,0,0,0,18.63,74.01,514.69,0,2,98,,0.0,,0,0,0,,0.0,,0,0,0,,0.0,,0,0,0,,0.0,,0,0,0,100,50,0,0,0,0,0.0593,,41.24,522.17
2026-07-30T09:00:37.497Z,29.91,69.74,454.45,0,1,61,25.71,52.54,,952.1,0,0,29.3,50.08,528.26,0,2,121,,0.0,,0,0,0,18.62,74.01,514.89,0,2,94,,0.0,,0,0,0,,0.0,,0,0,0,,0.0,,0,0,0,,0.0,,0,0,0,100,50,0,0,0,0,0.0593,,41.29,528.26
2026-07-30T09:00:42.497Z,29.9,69.76,453.6,0,1,45,25.71,52.54,,952.0,0,0,29.3,50.09,528.93,0,2,92,,0.0,,0,0,0,18.62,74.02,515.02,0,2,93,,0.0,,0,0,0,,0.0,,0,0,0,,0.0,,0,0,0,,0.0,,0,0,0,100,50,0,0,0,0,0.0593,,41.3,528.93
2026-07-30T09:00:47.497Z,29.89,69.8,451.34,0,1,38,25.71,52.52,,952.0,0,0,29.3,50.08,530.74,0,2,98,,0.0,,0,0,0,18.62,74.02,515.07,0,2,84,,0.0,,0,0,0,,0.0,,0,0,0,,0.0,,0,0,0,,0.0,,0,0,0,100,50,0,0,0,0,0.0593,,41.28,530.74
2026-07-30T09:00:52.495Z,29.88,69.83,450.81,0,1,45,25.71,52.49,,952.1,0,0,29.3,50.05,528.06,0,2,74,,0.0,,0,0,0,18.62,74.01,515.06,0,2,80,,0.0,,0,0,0,,0.0,,0,0,0,,0.0,,0,0,0,,0.0,,0,0,0,100,50,0,0,0,0,0.0593,,41.26,528.06
2026-07-30T09:00:57.496Z,29.87,69.84,449.13,0,1,39,25.71,52.46,,952.1,0,0,29.3,50.03,529.26,0,2,95,,0.0,,0,0,0,18.62,74.01,515.01,0,2,85,,0.0,,0,0,0,,0.0,,0,0,0,,0.0,,0,0,0,,0.0,,0,0,0,100,50,0,0,0,0,0.0593,,41.24,529.26
2026-07-30T09:01:02.496Z,29.86,69.86,449.51,0,1,48,25.7,52.42,,952.1,0,0,29.29,49.99,529.63,0,2,90,,0.0,,0,0,0,18.61,74.01,514.92,0,2,90,,0.0,,0,0,0,,0.0,,0,0,0,,0.0,,0,0,0,,0.0,,0,0,0,100,50,0,0,0,0,0.0593,,41.21,529.63
2026-07-30T09:01:07.496Z,29.86,69.88,447.06,0,1,35,25.7,52.38,,952.1,0,0,29.28,49.96,527.57,0,2,77,,0.0,,0,0,0,18.61,74.01,514.79,0,2,94,,0.0,,0,0,0,,0.0,,0,0,0,,0.0,,0,0,0,,0.0,,0,0,0,100,50,0,0,0,0,0.0593,,41.18,527.57
2026-07-30T09:01:12.494Z,29.85,69.91,442.96,0,1,26,25.7,52.34,,952.2,0,0,29.27,49.92,528.11,0,2,91,,0.0,,0,0,0,18.61,74.01,514.63,0,2,91,,0.0,,0,0,0,,0.0,,0,0,0,,0.0,,0,0,0,,0.0,,0,0,0,100,50,0,0,0,0,0.0593,,41.15,528.11
2026-07-30T09:01:17.495Z,29.85,69.92,441.86,0,1,38,25.7,52.31,,952.2,0,0,29.27,49.89,526.5,0,2,79,,0.0,,0,0,0,18.61,74.01,514.44,0,2,88,,0.0,,0,0,0,,0.0,,0,0,0,,0.0,,0,0,0,,0.0,,0,0,0,100,50,0,0,0,0,0.0593,,41.12,526.5
2026-07-30T09:01:22.494Z,29.84,69.93,440.17,0,1,35,25.7,52.27,,952.1,0,0,29.26,49.85,527.35,0,2,92,,0.0,,0,0,0,18.61,74.0,514.22,0,2,90,,0.0,,0,0,0,,0.0,,0,0,0,,0.0,,0,0,0,,0.0,,0,0,0,100,50,0,0,0,0,0.0593,,41.09,527.35
2026-07-30T09:01:27.494Z,29.83,69.95,440.46,0,1,43,25.7,52.23,,952.2,0,0,29.25,49.82,526.52,0,2,83,,0.0,,0,0,0,18.61,73.99,513.98,0,2,92,,0.0,,0,0,0,,0.0,,0,0,0,,0.0,,0,0,0,,0.0,,0,0,0,100,50,0,0,0,0,0.0593,,41.06,526.52
2026-07-30T09:01:32.493Z,29.82,69.96,444.71,0,1,63,25.7,52.2,,952.1,0,0,29.25,49.79,524.66,0,2,76,,0.0,,0,0,0,18.61,73.98,513.72,0,2,89,,0.0,,0,0,0,,0.0,,0,0,0,,0.0,,0,0,0,,0.0,,0,0,0,100,50,0,0,0,0,0.0593,,41.04,524.66
2026-07-30T09:01:37.503Z,29.8,69.99,447.74,0,1,59,25.7,52.17,,952.1,0,0,29.24,49.76,523.3,0,2,78,,0.0,,0,0,0,18.61,73.97,513.44,0,2,95,,0.0,,0,0,0,,0.0,,0,0,0,,0.0,,0,0,0,,0.0,,0,0,0,100,50,0,0,0,0,0.0593,,41.01,523.3
2026-07-30T09:01:42.507Z,29.79,70.02,452.37,0,2,69,25.7,52.14,,952.2,0,0,29.24,49.74,524.17,0,2,90,,0.0,,0,0,0,18.6,73.96,513.14,0,2,92,,0.0,,0,0,0,,0.0,,0,0,0,,0.0,,0,0,0,,0.0,,0,0,0,100,50,0,0,0,0,0.0593,,40.99,524.17
2026-07-30T09:01:47.507Z,29.78,70.05,452.53,0,1,48,25.7,52.12,,952.2,0,0,29.24,49.71,522.65,0,2,77,,0.0,,0,0,0,18.59,73.96,512.83,0,2,78,,0.0,,0,0,0,,0.0,,0,0,0,,0.0,,0,0,0,,0.0,,0,0,0,100,50,0,0,0,0,0.0593,,40.97,522.65
2026-07-30T09:01:52.505Z,29.78,70.08,455.38,0,1,62,25.7,52.09,,952.2,0,0,29.23,49.69,522.49,0,2,84,,0.0,,0,0,0,18.58,73.94,512.55,0,2,94,,0.0,,0,0,0,,0.0,,0,0,0,,0.0,,0,0,0,,0.0,,0,0,0,100,50,0,0,0,0,0.0593,,40.95,522.49
2026-07-30T09:01:57.498Z,29.77,70.1,456.84,0,1,57,25.7,52.06,,952.0,0,0,29.23,49.66,519.04,0,2,66,,0.0,,0,0,0,18.57,73.93,512.31,0,2,94,,0.0,,0,0,0,,0.0,,0,0,0,,0.0,,0,0,0,,0.0,,0,0,0,100,50,0,0,0,0,0.0593,,40.93,519.04
2026-07-30T09:02:02.506Z,29.75,70.13,456.46,0,1,48,25.7,52.03,,952.1,0,0,29.23,49.64,523.53,0,2,109,,0.0,,0,0,0,18.56,73.9,512.1,0,2,97,,0.0,,0,0,0,,0.0,,0,0,0,,0.0,,0,0,0,,0.0,,0,0,0,100,50,0,0,0,0,0.0593,,40.91,523.53
2026-07-30T09:02:07.505Z,29.75,70.16,458.31,0,1,59,25.69,52.0,,952.1,0,0,29.22,49.6,525.08,0,2,94,,0.0,,0,0,0,18.56,73.89,511.91,0,2,97,,0.0,,0,0,0,,0.0,,0,0,0,,0.0,,0,0,0,,0.0,,0,0,0,100,50,0,0,0,0,0.0593,,40.88,525.08
2026-07-30T09:02:12.505Z,29.74,70.18,458.68,0,1,53,25.68,51.97,,952.1,0,0,29.22,49.58,524.07,0,2,80,,0.0,,0,0,0,18.54,73.89,511.75,0,2,93,,0.0,,0,0,0,,0.0,,0,0,0,,0.0,,0,0,0,,0.0,,0,0,0,100,50,0,0,0,0,0.0593,,40.86,524.07
2026-07-30T09:02:17.500Z,29.74,70.21,455.71,0,1,37,25.67,51.94,,952.1,0,0,29.22,49.56,523.67,0,2,83,,0.0,,0,0,0,18.53,73.88,511.61,0,2,93,,0.0,,0,0,0,,0.0,,0,0,0,,0.0,,0,0,0,,0.0,,0,0,0,100,50,0,0,0,0,0.0593,,40.84,523.67
2026-07-30T09:02:22.499Z,29.73,70.23,455.04,0,1,46,25.67,51.92,,952.1,0,0,29.22,49.54,525.3,0,2,95,,0.0,,0,0,0,18.51,73.86,511.49,0,2,100,,0.0,,0,0,0,,0.0,,0,0,0,,0.0,,0,0,0,,0.0,,0,0,0,100,50,0,0,0,0,0.0593,,40.82,525.3
2026-07-30T09:02:27.502Z,29.73,70.22,453.14,0,1,40,25.66,51.9,,952.1,0,0,29.22,49.51,525.27,0,2,86,,0.0,,0,0,0,18.5,73.85,511.39,0,2,92,,0.0,,0,0,0,,0.0,,0,0,0,,0.0,,0,0,0,,0.0,,0,0,0,100,50,0,0,0,0,0.0593,,40.8,525.27
2026-07-30T09:02:32.505Z,29.74,70.21,447.82,0,1,22,25.65,51.88,,952.1,0,0,29.21,49.49,526.04,0,2,91,,0.0,,0,0,0,18.49,73.86,511.31,0,2,98,,0.0,,0,0,0,,0.0,,0,0,0,,0.0,,0,0,0,,0.0,,0,0,0,100,50,0,0,0,0,0.0593,,40.79,526.04
2026-07-30T09:02:37.497Z,29.74,70.19,445.44,0,1,35,25.65,51.85,,952.1,0,0,29.21,49.47,525.64,0,2,84,,0.0,,0,0,0,18.48,73.87,511.24,0,2,100,,0.0,,0,0,0,,0.0,,0,0,0,,0.0,,0,0,0,,0.0,,0,0,0,100,50,0,0,0,0,0.0593,,40.77,525.64
2026-07-30T09:02:42.504Z,29.75,70.17,441.2,0,1,25,25.64,51.82,,952.1,0,0,29.21,49.46,526.77,0,2,93,,0.0,,0,0,0,18.48,73.88,511.18,0,2,101,,0.0,,0,0,0,,0.0,,0,0,0,,0.0,,0,0,0,,0.0,,0,0,0,100,50,0,0,0,0,0.0593,,40.75,526.77
2026-07-30T09:02:47.500Z,29.76,70.11,437.08,0,1,20,25.64,51.8,,952.1,0,0,29.21,49.44,526.9,0,2,88,,0.0,,0,0,0,18.47,73.9,511.14,0,2,99,,0.0,,0,0,0,,0.0,,0,0,0,,0.0,,0,0,0,,0.0,,0,0,0,100,50,0,0,0,0,0.0593,,40.73,526.9
2026-07-30T09:02:52.503Z,29.78,70.05,433.37,0,1,21,25.64,51.78,,952.1,0,0,29.21,49.43,526.91,0,2,87,,0.0,,0,0,0,18.46,73.92,511.1,0,2,103,,0.0,,0,0,0,,0.0,,0,0,0,,0.0,,0,0,0,,0.0,,0,0,0,100,50,0,0,0,0,0.0593,,40.72,526.91
2026-07-30T09:02:57.500Z,29.79,69.99,430.03,0,1,20,25.63,51.75,,952.0,0,0,29.21,49.41,528.62,0,2,97,,0.0,,0,0,0,18.45,73.94,511.08,0,2,94,,0.0,,0,0,0,,0.0,,0,0,0,,0.0,,0,0,0,,0.0,,0,0,0,100,50,0,0,0,0,0.0593,,40.7,528.62
2026-07-30T09:03:02.496Z,29.8,69.92,430.53,0,1,39,25.63,51.73,,952.1,0,0,29.21,49.4,526.25,0,2,75,,0.0,,0,0,0,18.45,73.97,511.06,0,2,92,,0.0,,0,0,0,,0.0,,0,0,0,,0.0,,0,0,0,,0.0,,0,0,0,100,50,0,0,0,0,0.0593,,40.68,526.25
2026-07-30T09:03:07.504Z,29.82,69.85,427.88,0,1,26,25.63,51.7,,952.1,0,0,29.21,49.39,526.93,0,2,90,,0.0,,0,0,0,18.44,73.99,511.05,0,2,102,,0.0,,0,0,0,,0.0,,0,0,0,,0.0,,0,0,0,,0.0,,0,0,0,100,50,0,0,0,0,0.0593,,40.67,526.93
2026-07-30T09:03:12.495Z,29.84,69.77,425.99,0,1,28,25.62,51.68,,952.1,0,0,29.21,49.37,529.44,0,2,102,,0.0,,0,0,0,18.44,74.02,511.05,0,2,100,,0.0,,0,0,0,,0.0,,0,0,0,,0.0,,0,0,0,,0.0,,0,0,0,100,50,0,0,0,0,0.0593,,40.65,529.44
2026-07-30T09:03:17.496Z,29.85,69.7,423.39,0,1,22,25.62,51.66,,952.0,0,0,29.2,49.37,532.79,0,2,108,,0.0,,0,0,0,18.44,74.05,511.06,0,2,117,,0.0,,0,0,0,,0.0,,0,0,0,,0.0,,0,0,0,,0.0,,0,0,0,100,50,0,0,0,0,0.0593,,40.64,532.79
2026-07-30T09:03:22.499Z,29.87,69.62,425.05,0,1,42,25.62,51.63,,952.0,0,0,29.19,49.36,532.01,0,2,86,,0.0,,0,0,0,18.43,74.08,511.07,0,2,97,,0.0,,0,0,0,,0.0,,0,0,0,,0.0,,0,0,0,,0.0,,0,0,0,100,50,0,0,0,0,0.0593,,40.62,532.01
2026-07-30T09:03:27.504Z,29.88,69.55,424.75,0,1,33,25.62,51.61,,952.0,0,0,29.18,49.35,530.91,0,2,84,,0.0,,0,0,0,18.43,74.11,511.08,0,2,93,,0.0,,0,0,0,,0.0,,0,0,0,,0.0,,0,0,0,,0.0,,0,0,0,100,50,0,0,0,0,0.0593,,40.61,530.91
2026-07-30T09:03:32.500Z,29.89,69.49,423.27,0,1,28,25.62,51.59,,952.0,0,0,29.17,49.34,531.62,0,2,93,,0.0,,0,0,0,18.43,74.15,511.1,0,2,112,,0.0,,0,0,0,,0.0,,0,0,0,,0.0,,0,0,0,,0.0,,0,0,0,100,50,0,0,0,0,0.0593,,40.6,531.62
2026-07-30T09:03:37.494Z,29.9,69.43,422.64,0,1,31,25.61,51.57,,952.0,0,0,29.16,49.32,530.86,0,2,85,,0.0,,0,0,0,18.42,74.18,511.13,0,2,88,,0.0,,0,0,0,,0.0,,0,0,0,,0.0,,0,0,0,,0.0,,0,0,0,100,50,0,0,0,0,0.0593,,40.58,530.86
2026-07-30T09:03:42.496Z,29.92,69.36,421.88,0,1,30,25.61,51.55,,952.0,0,0,29.16,49.31,529.47,0,2,82,,0.0,,0,0,0,18.42,74.21,511.16,0,2,101,,0.0,,0,0,0,,0.0,,0,0,0,,0.0,,0,0,0,,0.0,,0,0,0,100,50,0,0,0,0,0.0593,,40.57,529.47
2026-07-30T09:03:47.494Z,29.94,69.29,419.69,0,1,23,25.61,51.54,,952.0,0,0,29.15,49.3,529.93,0,2,91,,0.0,,0,0,0,18.42,74.25,511.19,0,2,109,,0.0,,0,0,0,,0.0,,0,0,0,,0.0,,0,0,0,,0.0,,0,0,0,100,50,0,0,0,0,0.0593,,40.56,529.93
2026-07-30T09:03:52.567Z,29.96,69.22,419.92,0,1,33,25.61,51.51,,952.0,0,0,29.15,49.29,530.03,0,2,89,,0.0,,0,0,0,18.42,74.29,511.22,0,2,103,,0.0,,0,0,0,,0.0,,0,0,0,,0.0,,0,0,0,,0.0,,0,0,0,100,50,0,0,0,0,0.0593,,40.54,530.03
2026-07-30T09:03:57.499Z,29.96,69.16,420.43,0,1,35,25.61,51.49,,952.0,0,0,29.14,49.28,529.13,0,2,84,,0.0,,0,0,0,18.42,74.32,511.26,0,2,92,,0.0,,0,0,0,,0.0,,0,0,0,,0.0,,0,0,0,,0.0,,0,0,0,100,50,0,0,0,0,0.0593,,40.53,529.13
2026-07-30T09:04:02.497Z,29.98,69.1,420.69,0,1,34,25.61,51.47,,952.0,0,0,29.14,49.27,528.62,0,2,85,,0.0,,0,0,0,18.41,74.35,511.3,0,2,111,,0.0,,0,0,0,,0.0,,0,0,0,,0.0,,0,0,0,,0.0,,0,0,0,100,50,0,0,0,0,0.0593,,40.52,528.62
2026-07-30T09:04:07.495Z,29.99,69.05,421.72,0,1,38,25.61,51.45,,952.1,0,0,29.13,49.27,531.06,0,2,102,,0.0,,0,0,0,18.41,74.37,511.34,0,2,103,,0.0,,0,0,0,,0.0,,0,0,0,,0.0,,0,0,0,,0.0,,0,0,0,100,50,0,0,0,0,0.0593,,40.51,531.06
2026-07-30T09:04:12.498Z,29.99,69.01,422.15,0,1,35,25.61,51.44,,952.1,0,0,29.13,49.26,531.65,0,2,93,,0.0,,0,0,0,18.41,74.4,511.38,0,2,112,,0.0,,0,0,0,,0.0,,0,0,0,,0.0,,0,0,0,,0.0,,0,0,0,100,50,0,0,0,0,0.0593,,40.5,531.65
2026-07-30T09:04:17.499Z,29.99,68.98,423.93,0,1,42,25.61,51.43,,952.1,0,0,29.13,49.25,530.28,0,2,82,,0.0,,0,0,0,18.41,74.42,511.43,0,2,95,,0.0,,0,0,0,,0.0,,0,0,0,,0.0,,0,0,0,,0.0,,0,0,0,100,50,0,0,0,0,0.0593,,40.49,530.28
2026-07-30T09:04:22.496Z,29.99,68.96,430.04,0,1,64,25.61,51.41,,952.1,0,0,29.12,49.25,531.76,0,2,98,,0.0,,0,0,0,18.41,74.43,511.48,0,2,111,,0.0,,0,0,0,,0.0,,0,0,0,,0.0,,0,0,0,,0.0,,0,0,0,100,50,0,0,0,0,0.0593,,40.48,531.76
2026-07-30T09:04:27.499Z,29.99,68.95,435.53,0,1,64,25.6,51.4,,952.1,0,0,29.12,49.24,532.68,0,2,95,,0.0,,0,0,0,18.41,74.45,511.52,0,2,109,,0.0,,0,0,0,,0.0,,0,0,0,,0.0,,0,0,0,,0.0,,0,0,0,100,50,0,0,0,0,0.0593,,40.47,532.68
2026-07-30T09:04:32.499Z,29.99,68.97,440.18,0,1,62,25.6,51.39,,952.0,0,0,29.12,49.24,533.31,0,2,94,,0.0,,0,0,0,18.41,74.47,511.57,0,2,118,,0.0,,0,0,0,,0.0,,0,0,0,,0.0,,0,0,0,,0.0,,0,0,0,100,50,0,0,0,0,0.0593,,40.47,533.31
2026-07-30T09:04:37.498Z,29.98,68.99,440.86,0,1,45,25.59,51.38,,952.0,0,0,29.12,49.24,534.58,0,2,98,,0.0,,0,0,0,18.41,74.48,511.62,0,2,107,,0.0,,0,0,0,,0.0,,0,0,0,,0.0,,0,0,0,,0.0,,0,0,0,100,50,0,0,0,0,0.0593,,40.46,534.58
2026-07-30T09:04:42.494Z,29.98,69.02,443.28,0,1,54,25.58,51.36,,952.0,0,0,29.12,49.22,535.72,0,2,98,,0.0,,0,0,0,18.41,74.49,511.68,0,2,118,,0.0,,0,0,0,,0.0,,0,0,0,,0.0,,0,0,0,,0.0,,0,0,0,100,50,0,0,0,0,0.0593,,40.45,535.72
2026-07-30T09:04:47.494Z,29.97,69.05,441.25,0,1,34,25.58,51.35,,952.0,0,0,29.11,49.21,537.85,0,2,105,,0.0,,0,0,0,18.41,74.5,511.73,0,2,119,,0.0,,0,0,0,,0.0,,0,0,0,,0.0,,0,0,0,,0.0,,0,0,0,100,50,0,0,0,0,0.0593,,40.44,537.85
2026-07-30T09:04:52.498Z,29.96,69.07,440.22,0,1,37,25.57,51.33,,952.1,0,0,29.11,49.2,538.37,0,2,96,,0.0,,0,0,0,18.4,74.51,511.78,0,2,115,,0.0,,0,0,0,,0.0,,0,0,0,,0.0,,0,0,0,,0.0,,0,0,0,100,50,0,0,0,0,0.0593,,40.42,538.37
2026-07-30T09:04:57.497Z,29.95,69.1,443.8,0,1,60,25.56,51.32,,952.1,0,0,29.11,49.19,541.13,0,2,110,,0.0,,0,0,0,18.4,74.51,511.84,0,2,108,,0.0,,0,0,0,,0.0,,0,0,0,,0.0,,0,0,0,,0.0,,0,0,0,100,50,0,0,0,0,0.0593,,40.42,541.13
2026-07-30T09:05:02.495Z,29.95,69.13,444.62,0,1,48,25.56,51.31,,952.1,0,0,29.11,49.17,541.52,0,2,97,,0.0,,0,0,0,18.4,74.5,511.89,0,2,111,,0.0,,0,0,0,,0.0,,0,0,0,,0.0,,0,0,0,,0.0,,0,0,0,100,50,0,0,0,0,0.0593,,40.41,541.52
2026-07-30T09:05:07.494Z,29.94,69.15,444.16,0,1,42,25.55,51.3,,952.2,0,0,29.11,49.15,541.06,0,2,93,,0.0,,0,0,0,18.4,74.49,511.95,0,2,108,,0.0,,0,0,0,,0.0,,0,0,0,,0.0,,0,0,0,,0.0,,0,0,0,100,50,0,0,0,0,0.0593,,40.39,541.06
2026-07-30T09:05:12.494Z,29.94,69.18,441.64,0,1,32,25.54,51.29,,952.2,0,0,29.11,49.14,542.26,0,2,102,,0.0,,0,0,0,18.4,74.48,512.0,0,2,118,,0.0,,0,0,0,,0.0,,0,0,0,,0.0,,0,0,0,,0.0,,0,0,0,100,50,0,0,0,0,0.0593,,40.39,542.26
2026-07-30T09:05:17.495Z,29.94,69.2,438.98,0,1,30,25.54,51.28,,952.1,0,0,29.1,49.12,541.43,0,2,91,,0.0,,0,0,0,18.4,74.46,512.06,0,2,101,,0.0,,0,0,0,,0.0,,0,0,0,,0.0,,0,0,0,,0.0,,0,0,0,100,50,0,0,0,0,0.0593,,40.38,541.43
2026-07-30T09:05:22.494Z,29.92,69.22,439.58,0,1,44,25.54,51.28,,952.1,0,0,29.1,49.12,542.59,0,2,102,,0.0,,0,0,0,18.4,74.46,512.12,0,2,92,,0.0,,0,0,0,,0.0,,0,0,0,,0.0,,0,0,0,,0.0,,0,0,0,100,50,0,0,0,0,0.0593,,40.38,542.59
2026-07-30T09:05:27.496Z,29.91,69.23,441.22,0,1,49,25.53,51.28,,952.1,0,0,29.1,49.12,542.43,0,2,95,,0.0,,0,0,0,18.4,74.52,512.18,0,2,104,,0.0,,0,0,0,,0.0,,0,0,0,,0.0,,0,0,0,,0.0,,0,0,0,100,50,0,0,0,0,0.0593,,40.38,542.43
2026-07-30T09:05:32.495Z,29.91,69.26,439.3,0,1,34,25.53,51.28,,952.1,0,0,29.1,49.15,543.79,0,2,104,,0.0,,0,0,0,18.41,74.59,512.23,0,2,101,,0.0,,0,0,0,,0.0,,0,0,0,,0.0,,0,0,0,,0.0,,0,0,0,100,50,0,0,0,0,0.0593,,40.38,543.79
2026-07-30T09:05:37.495Z,29.91,69.28,438.77,0,1,39,25.53,51.29,,952.1,0,0,29.1,49.17,544.71,0,2,102,,0.0,,0,0,0,18.42,74.65,512.29,0,2,113,,0.0,,0,0,0,,0.0,,0,0,0,,0.0,,0,0,0,,0.0,,0,0,0,100,50,0,0,0,0,0.0593,,40.4,544.71
2026-07-30T09:05:42.493Z,29.9,69.3,439.49,0,1,45,25.52,51.32,,952.0,0,0,29.09,49.21,543.04,0,2,88,,0.0,,0,0,0,18.43,74.69,512.35,0,2,112,,0.0,,0,0,0,,0.0,,0,0,0,,0.0,,0,0,0,,0.0,,0,0,0,100,50,0,0,0,0,0.0593,,40.42,543.04
2026-07-30T09:05:47.493Z,29.89,69.33,440.04,0,1,44,25.52,51.37,,952.1,0,0,29.08,49.24,541.63,0,2,88,,0.0,,0,0,0,18.43,74.74,512.41,0,2,116,,0.0,,0,0,0,,0.0,,0,0,0,,0.0,,0,0,0,,0.0,,0,0,0,100,50,0,0,0,0,0.0593,,40.46,541.63
2026-07-30T09:05:52.548Z,29.88,69.36,440.24,0,1,43,25.52,51.41,,952.1,0,0,29.07,49.28,540.37,0,2,88,,0.0,,0,0,0,18.42,74.77,512.47,0,2,110,,0.0,,0,0,0,,0.0,,0,0,0,,0.0,,0,0,0,,0.0,,0,0,0,100,50,0,0,0,0,0.0593,,40.49,540.37
2026-07-30T09:05:57.494Z,29.87,69.39,442.52,0,1,53,25.52,51.44,,952.0,0,0,29.06,49.32,538.13,0,2,82,,0.0,,0,0,0,18.42,74.79,512.53,0,2,103,,0.0,,0,0,0,,0.0,,0,0,0,,0.0,,0,0,0,,0.0,,0,0,0,100,50,0,0,0,0,0.0593,,40.52,538.13
2026-07-30T09:06:02.493Z,29.86,69.42,444.06,0,1,50,25.52,51.48,,952.0,0,0,29.06,49.37,536.82,0,2,86,,0.0,,0,0,0,18.42,74.82,512.59,0,2,103,,0.0,,0,0,0,,0.0,,0,0,0,,0.0,,0,0,0,,0.0,,0,0,0,100,50,0,0,0,0,0.0593,,40.55,536.82
2026-07-30T09:06:07.506Z,29.86,69.45,446.46,0,1,55,25.51,51.53,,952.0,0,0,29.05,49.41,536.24,0,2,89,,0.0,,0,0,0,18.42,74.83,512.65,0,2,113,,0.0,,0,0,0,,0.0,,0,0,0,,0.0,,0,0,0,,0.0,,0,0,0,100,50,0,0,0,0,0.0593,,40.59,536.24
2026-07-30T09:06:12.503Z,29.85,69.48,449.31,0,1,59,25.51,51.56,,952.0,0,0,29.05,49.45,535.61,0,2,89,,0.0,,0,0,0,18.42,74.85,512.71,0,2,104,,0.0,,0,0,0,,0.0,,0,0,0,,0.0,,0,0,0,,0.0,,0,0,0,100,50,0,0,0,0,0.0593,,40.62,535.61
2026-07-30T09:06:17.501Z,29.85,69.51,449.88,0,1,49,25.51,51.6,,952.1,0,0,29.04,49.49,536.05,0,2,95,,0.0,,0,0,0,18.41,74.87,512.77,0,2,106,,0.0,,0,0,0,,0.0,,0,0,0,,0.0,,0,0,0,,0.0,,0,0,0,100,50,0,0,0,0,0.0593,,40.65,536.05
2026-07-30T09:06:22.501Z,29.84,69.54,449.79,0,1,46,25.51,51.63,,952.1,0,0,29.04,49.52,536.85,0,2,97,,0.0,,0,0,0,18.41,74.88,512.83,0,2,107,,0.0,,0,0,0,,0.0,,0,0,0,,0.0,,0,0,0,,0.0,,0,0,0,100,50,0,0,0,0,0.0593,,40.67,536.85
2026-07-30T09:06:27.756Z,29.84,69.56,448.01,0,1,38,25.51,51.65,,952.0,0,0,29.02,49.57,537.06,0,2,94,,0.0,,0,0,0,18.41,74.89,512.89,0,2,117,,0.0,,0,0,0,,0.0,,0,0,0,,0.0,,0,0,0,,0.0,,0,0,0,100,50,0,0,0,0,0.0593,,40.7,537.06
2026-07-30T09:06:32.746Z,29.83,69.58,448.41,0,1,48,25.5,51.68,,952.0,0,0,29.02,49.6,536.26,0,2,88,,0.0,,0,0,0,18.41,74.9,512.95,0,2,104,,0.0,,0,0,0,,0.0,,0,0,0,,0.0,,0,0,0,,0.0,,0,0,0,100,50,0,0,0,0,0.0593,,40.72,536.26
2026-07-30T09:06:37.744Z,29.83,69.59,446.97,0,1,39,25.49,51.71,,952.0,0,0,29.01,49.63,534.73,0,2,84,,0.0,,0,0,0,18.41,74.9,513.01,0,2,110,,0.0,,0,0,0,,0.0,,0,0,0,,0.0,,0,0,0,,0.0,,0,0,0,100,50,0,0,0,0,0.0593,,40.74,534.73
2026-07-30T09:06:42.755Z,29.83,69.6,448.17,0,1,51,25.48,51.74,,952.0,0,0,29.01,49.66,534.66,0,2,91,,0.0,,0,0,0,18.41,74.89,513.07,0,2,112,,0.0,,0,0,0,,0.0,,0,0,0,,0.0,,0,0,0,,0.0,,0,0,0,100,50,0,0,0,0,0.0593,,40.77,534.66
2026-07-30T09:06:47.750Z,29.82,69.61,446.96,0,1,40,25.47,51.77,,952.0,0,0,29.01,49.68,535.69,0,2,98,,0.0,,0,0,0,18.41,74.88,513.13,0,2,96,,0.0,,0,0,0,,0.0,,0,0,0,,0.0,,0,0,0,,0.0,,0,0,0,100,50,0,0,0,0,0.0593,,40.79,535.69
2026-07-30T09:06:52.509Z,29.82,69.62,446.66,0,1,44,25.46,51.8,,952.0,0,0,29.0,49.7,536.22,0,2,95,,0.0,,0,0,0,18.41,74.88,513.19,0,2,103,,0.0,,0,0,0,,0.0,,0,0,0,,0.0,,0,0,0,,0.0,,0,0,0,100,50,0,0,0,0,0.0593,,40.81,536.22
2026-07-30T09:06:57.494Z,29.82,69.61,446.89,0,1,46,25.46,51.82,,952.1,0,0,28.99,49.72,534.6,0,2,83,,0.0,,0,0,0,18.41,74.89,513.25,0,2,97,,0.0,,0,0,0,,0.0,,0,0,0,,0.0,,0,0,0,,0.0,,0,0,0,100,50,0,0,0,0,0.0593,,40.83,534.6
2026-07-30T09:07:02.495Z,29.82,69.62,448.61,0,1,53,25.45,51.84,,952.1,0,0,28.98,49.74,536.44,0,2,102,,0.0,,0,0,0,18.41,74.89,513.31,0,2,107,,0.0,,0,0,0,,0.0,,0,0,0,,0.0,,0,0,0,,0.0,,0,0,0,100,50,0,0,0,0,0.0593,,40.84,536.44
2026-07-30T09:07:07.495Z,29.82,69.64,447.34,0,1,40,25.45,51.85,,952.0,0,0,28.97,49.75,538.4,0,2,104,,0.0,,0,0,0,18.4,74.89,513.37,0,2,110,,0.0,,0,0,0,,0.0,,0,0,0,,0.0,,0,0,0,,0.0,,0,0,0,100,50,0,0,0,0,0.0593,,40.85,538.4
2026-07-30T09:07:12.506Z,29.81,69.65,447.11,0,1,44,25.44,51.87,,952.0,0,0,28.96,49.75,537.26,0,2,87,,0.0,,0,0,0,18.4,74.89,513.43,0,2,110,,0.0,,0,0,0,,0.0,,0,0,0,,0.0,,0,0,0,,0.0,,0,0,0,100,50,0,0,0,0,0.0593,,40.86,537.26
2026-07-30T09:07:17.493Z,29.81,69.65,446.1,0,1,41,25.44,51.86,,952.1,0,0,28.96,49.76,536.53,0,2,89,,0.0,,0,0,0,18.4,74.88,513.49,0,2,97,,0.0,,0,0,0,,0.0,,0,0,0,,0.0,,0,0,0,,0.0,,0,0,0,100,50,0,0,0,0,0.0593,,40.86,536.53
2026-07-30T09:07:22.494Z,29.81,69.66,446.09,0,1,45,25.43,51.88,,952.1,0,0,28.95,49.75,537.98,0,2,101,,0.0,,0,0,0,18.4,74.86,513.55,0,2,108,,0.0,,0,0,0,,0.0,,0,0,0,,0.0,,0,0,0,,0.0,,0,0,0,100,50,0,0,0,0,0.0593,,40.86,537.98
2026-07-30T09:07:27.494Z,29.81,69.69,444.48,0,1,37,25.43,51.88,,952.0,0,0,28.94,49.74,536.88,0,2,87,,0.0,,0,0,0,18.4,74.84,513.61,0,2,106,,0.0,,0,0,0,,0.0,,0,0,0,,0.0,,0,0,0,,0.0,,0,0,0,100,50,0,0,0,0,0.0593,,40.86,536.88
2026-07-30T09:07:32.494Z,29.81,69.71,442.33,0,1,34,25.43,51.88,,952.0,0,0,28.92,49.72,536.19,0,2,89,,0.0,,0,0,0,18.4,74.81,513.68,0,2,107,,0.0,,0,0,0,,0.0,,0,0,0,,0.0,,0,0,0,,0.0,,0,0,0,100,50,0,0,0,0,0.0593,,40.86,536.19
2026-07-30T09:07:37.504Z,29.81,69.72,442.7,0,1,45,25.41,51.87,,952.0,0,0,28.91,49.71,535.07,0,2,86,,0.0,,0,0,0,18.4,74.78,513.74,0,2,106,,0.0,,0,0,0,,0.0,,0,0,0,,0.0,,0,0,0,,0.0,,0,0,0,100,50,0,0,0,0,0.0593,,40.85,535.07
2026-07-30T09:07:42.495Z,29.81,69.72,440.43,0,1,32,25.4,51.85,,952.1,0,0,28.9,49.69,535.37,0,2,94,,0.0,,0,0,0,18.4,74.75,513.8,0,2,101,,0.0,,0,0,0,,0.0,,0,0,0,,0.0,,0,0,0,,0.0,,0,0,0,100,50,0,0,0,0,0.0593,,40.83,535.37
2026-07-30T09:07:47.502Z,29.81,69.72,437.69,0,1,29,25.39,51.83,,952.0,0,0,28.89,49.67,534.43,0,2,87,,0.0,,0,0,0,18.4,74.73,513.86,0,2,103,,0.0,,0,0,0,,0.0,,0,0,0,,0.0,,0,0,0,,0.0,,0,0,0,100,50,0,0,0,0,0.0593,,40.82,534.43
2026-07-30T09:07:52.495Z,29.81,69.71,436.52,0,1,36,25.38,51.81,,952.1,0,0,28.88,49.64,534.39,0,2,91,,0.0,,0,0,0,18.4,74.71,513.92,0,2,110,,0.0,,0,0,0,,0.0,,0,0,0,,0.0,,0,0,0,,0.0,,0,0,0,100,50,0,0,0,0,0.0593,,40.8,534.39
2026-07-30T09:07:57.528Z,29.81,69.69,434.27,0,1,30,25.38,51.79,,952.1,0,0,28.87,49.62,531.55,0,2,75,,0.0,,0,0,0,18.39,74.67,513.98,0,2,100,,0.0,,0,0,0,,0.0,,0,0,0,,0.0,,0,0,0,,0.0,,0,0,0,100,50,0,0,0,0,0.0593,,40.78,531.55
2026-07-30T09:08:02.495Z,29.81,69.68,432.84,0,1,32,25.37,51.76,,952.1,0,0,28.87,49.59,531.69,0,2,90,,0.0,,0,0,0,18.38,74.65,514.04,0,2,105,,0.0,,0,0,0,,0.0,,0,0,0,,0.0,,0,0,0,,0.0,,0,0,0,100,50,0,0,0,0,0.0593,,40.76,531.69
2026-07-30T09:08:07.520Z,29.8,69.67,434.06,0,1,44,25.36,51.72,,952.1,0,0,28.86,49.56,531.82,0,2,90,,0.0,,0,0,0,18.37,74.63,514.1,0,2,104,,0.0,,0,0,0,,0.0,,0,0,0,,0.0,,0,0,0,,0.0,,0,0,0,100,50,0,0,0,0,0.0593,,40.73,531.82
2026-07-30T09:08:12.498Z,29.8,69.66,431.85,0,1,29,25.36,51.69,,952.0,0,0,28.85,49.53,528.94,0,2,74,,0.0,,0,0,0,18.37,74.62,514.16,0,2,87,,0.0,,0,0,0,,0.0,,0,0,0,,0.0,,0,0,0,,0.0,,0,0,0,100,50,0,0,0,0,0.0593,,40.7,528.94
2026-07-30T09:08:17.493Z,29.8,69.65,433.06,0,1,44,25.35,51.66,,952.0,0,0,28.85,49.51,529.25,0,2,90,,0.0,,0,0,0,18.36,74.61,514.23,0,2,107,,0.0,,0,0,0,,0.0,,0,0,0,,0.0,,0,0,0,,0.0,,0,0,0,100,50,0,0,0,0,0.0593,,40.68,529.25
2026-07-30T09:08:22.504Z,29.8,69.63,433.06,0,1,39,25.33,51.62,,952.1,0,0,28.83,49.48,527.02,0,2,76,,0.0,,0,0,0,18.35,74.6,514.29,0,2,96,,0.0,,0,0,0,,0.0,,0,0,0,,0.0,,0,0,0,,0.0,,0,0,0,100,50,0,0,0,0,0.0593,,40.65,527.02
2026-07-30T09:08:27.505Z,29.8,69.62,434.55,0,1,46,25.32,51.59,,952.0,0,0,28.82,49.44,527.02,0,2,87,,0.0,,0,0,0,18.35,74.59,514.35,0,2,108,,0.0,,0,0,0,,0.0,,0,0,0,,0.0,,0,0,0,,0.0,,0,0,0,100,50,0,0,0,0,0.0593,,40.63,527.02
2026-07-30T09:08:32.504Z,29.8,69.58,432.9,0,1,32,25.31,51.56,,952.0,0,0,28.81,49.41,526.82,0,2,86,,0.0,,0,0,0,18.34,74.58,514.41,0,2,92,,0.0,,0,0,0,,0.0,,0,0,0,,0.0,,0,0,0,,0.0,,0,0,0,100,50,0,0,0,0,0.0593,,40.6,526.82
2026-07-30T09:08:37.498Z,29.8,69.57,432.71,0,1,38,25.3,51.53,,952.0,0,0,28.8,49.37,528.14,0,2,95,,0.0,,0,0,0,18.34,74.56,514.47,0,2,97,,0.0,,0,0,0,,0.0,,0,0,0,,0.0,,0,0,0,,0.0,,0,0,0,100,50,0,0,0,0,0.0593,,40.58,528.14
2026-07-30T09:08:42.500Z,29.8,69.56,432.64,0,1,38,25.29,51.49,,952.0,0,0,28.79,49.33,526.22,0,2,77,,0.0,,0,0,0,18.34,74.54,514.53,0,2,102,,0.0,,0,0,0,,0.0,,0,0,0,,0.0,,0,0,0,,0.0,,0,0,0,100,50,0,0,0,0,0.0593,,40.54,526.22
2026-07-30T09:08:47.501Z,29.8,69.54,434.27,0,1,46,25.28,51.45,,952.0,0,0,28.77,49.29,523.3,0,2,70,,0.0,,0,0,0,18.33,74.53,514.59,0,2,92,,0.0,,0,0,0,,0.0,,0,0,0,,0.0,,0,0,0,,0.0,,0,0,0,100,50,0,0,0,0,0.0593,,40.51,523.3
2026-07-30T09:08:52.497Z,29.8,69.54,436.15,0,1,48,25.27,51.42,,952.0,0,0,28.75,49.25,521.17,0,2,73,,0.0,,0,0,0,18.33,74.52,514.65,0,2,100,,0.0,,0,0,0,,0.0,,0,0,0,,0.0,,0,0,0,,0.0,,0,0,0,100,50,0,0,0,0,0.0593,,40.48,521.17
2026-07-30T09:08:57.498Z,29.8,69.55,436.93,0,1,44,25.26,51.39,,952.0,0,0,28.75,49.21,521.15,0,2,83,,0.0,,0,0,0,18.33,74.5,514.71,0,2,85,,0.0,,0,0,0,,0.0,,0,0,0,,0.0,,0,0,0,,0.0,,0,0,0,100,50,0,0,0,0,0.0593,,40.46,521.15
2026-07-30T09:09:02.497Z,29.8,69.55,440.64,0,1,59,25.26,51.36,,951.9,0,0,28.73,49.17,518.64,0,2,70,,0.0,,0,0,0,18.32,74.48,514.78,0,2,90,,0.0,,0,0,0,,0.0,,0,0,0,,0.0,,0,0,0,,0.0,,0,0,0,100,50,0,0,0,0,0.0593,,40.43,518.64
2026-07-30T09:09:07.500Z,29.8,69.57,443.47,0,1,56,25.25,51.32,,952.0,0,0,28.72,49.13,518.97,0,2,84,,0.0,,0,0,0,18.32,74.46,514.84,0,2,107,,0.0,,0,0,0,,0.0,,0,0,0,,0.0,,0,0,0,,0.0,,0,0,0,100,50,0,0,0,0,0.0593,,40.4,518.97
2026-07-30T09:09:12.501Z,29.8,69.58,443.93,0,1,46,25.24,51.28,,951.9,0,0,28.71,49.09,519.28,0,2,84,,0.0,,0,0,0,18.32,74.43,514.9,0,2,88,,0.0,,0,0,0,,0.0,,0,0,0,,0.0,,0,0,0,,0.0,,0,0,0,100,50,0,0,0,0,0.0593,,40.37,519.28
2026-07-30T09:09:17.495Z,29.8,69.6,445.13,0,1,50,25.22,51.23,,952.0,0,0,28.7,49.05,519.65,0,2,85,,0.0,,0,0,0,18.32,74.4,514.96,0,2,105,,0.0,,0,0,0,,0.0,,0,0,0,,0.0,,0,0,0,,0.0,,0,0,0,100,50,0,0,0,0,0.0593,,40.33,519.65
2026-07-30T09:09:22.495Z,29.8,69.62,446.12,0,1,49,25.21,51.19,,952.0,0,0,28.69,49.02,519.48,0,2,82,,0.0,,0,0,0,18.32,74.37,515.02,0,2,92,,0.0,,0,0,0,,0.0,,0,0,0,,0.0,,0,0,0,,0.0,,0,0,0,100,50,0,0,0,0,0.0593,,40.3,519.48
2026-07-30T09:09:27.500Z,29.79,69.65,446.41,0,1,46,25.2,51.15,,952.0,0,0,28.68,48.99,518.14,0,2,75,,0.0,,0,0,0,18.32,74.32,515.08,0,2,97,,0.0,,0,0,0,,0.0,,0,0,0,,0.0,,0,0,0,,0.0,,0,0,0,100,50,0,0,0,0,0.0593,,40.27,518.14
2026-07-30T09:09:32.495Z,29.78,69.68,451.27,0,2,69,25.19,51.11,,951.9,0,0,28.67,48.95,519.22,0,2,88,,0.0,,0,0,0,18.32,74.26,515.14,0,2,84,,0.0,,0,0,0,,0.0,,0,0,0,,0.0,,0,0,0,,0.0,,0,0,0,100,50,0,0,0,0,0.0593,,40.24,519.22
2026-07-30T09:09:37.498Z,29.77,69.7,449.84,0,1,40,25.18,51.06,,952.0,0,0,28.66,48.9,515.9,0,2,65,,0.0,,0,0,0,18.33,74.17,515.2,0,2,99,,0.0,,0,0,0,,0.0,,0,0,0,,0.0,,0,0,0,,0.0,,0,0,0,100,50,0,0,0,0,0.0593,,40.2,515.9
2026-07-30T09:09:42.499Z,29.77,69.72,447.36,0,1,35,25.17,51.03,,951.9,0,0,28.66,48.86,515.61,0,2,79,,0.0,,0,0,0,18.34,74.1,515.27,0,2,102,,0.0,,0,0,0,,0.0,,0,0,0,,0.0,,0,0,0,,0.0,,0,0,0,100,50,0,0,0,0,0.0593,,40.17,515.61
2026-07-30T09:09:47.493Z,29.76,69.74,447.32,0,1,45,25.17,50.99,,951.9,0,0,28.64,48.83,518.05,0,2,95,,0.0,,0,0,0,18.34,74.0,515.33,0,2,100,,0.0,,0,0,0,,0.0,,0,0,0,,0.0,,0,0,0,,0.0,,0,0,0,100,50,0,0,0,0,0.0593,,40.14,518.05
2026-07-30T09:09:52.496Z,29.75,69.76,445.49,0,1,37,25.16,50.95,,951.9,0,0,28.63,48.79,518.14,0,2,83,,0.0,,0,0,0,18.35,73.91,515.39,0,2,88,,0.0,,0,0,0,,0.0,,0,0,0,,0.0,,0,0,0,,0.0,,0,0,0,100,50,0,0,0,0,0.0593,,40.11,518.14
2026-07-30T09:09:57.498Z,29.75,69.79,443.84,0,1,37,25.15,50.91,,952.0,0,0,28.62,48.75,517.93,0,2,81,,0.0,,0,0,0,18.35,73.82,515.45,0,2,81,,0.0,,0,0,0,,0.0,,0,0,0,,0.0,,0,0,0,,0.0,,0,0,0,100,50,0,0,0,0,0.0593,,40.08,517.93
2026-07-30T09:10:02.495Z,29.74,69.81,441.46,0,1,33,25.15,50.87,,952.0,0,0,28.61,48.72,516.84,0,2,76,,0.0,,0,0,0,18.35,73.71,515.3,0,2,80,,0.0,,0,0,0,,0.0,,0,0,0,,0.0,,0,0,0,,0.0,,0,0,0,100,50,0,0,0,0,0.0593,,40.05,516.84
2026-07-30T09:10:07.498Z,29.74,69.83,439.01,0,1,31,25.14,50.83,,952.0,0,0,28.6,48.69,515.55,0,2,74,,0.0,,0,0,0,18.34,73.61,515.15,0,2,98,,0.0,,0,0,0,,0.0,,0,0,0,,0.0,,0,0,0,,0.0,,0,0,0,100,50,0,0,0,0,0.0593,,40.02,515.55
2026-07-30T09:10:12.495Z,29.74,69.84,439.91,0,1,46,25.14,50.8,,952.0,0,0,28.59,48.65,513.5,0,2,70,,0.0,,0,0,0,18.34,73.5,514.98,0,2,93,,0.0,,0,0,0,,0.0,,0,0,0,,0.0,,0,0,0,,0.0,,0,0,0,100,50,0,0,0,0,0.0593,,39.99,513.5
2026-07-30T09:10:17.500Z,29.73,69.86,440.22,0,1,43,25.12,50.76,,952.0,0,0,28.58,48.6,511.15,0,2,67,,0.0,,0,0,0,18.34,73.38,514.81,0,2,86,,0.0,,0,0,0,,0.0,,0,0,0,,0.0,,0,0,0,,0.0,,0,0,0,100,50,0,0,0,0,0.0593,,39.96,511.15
2026-07-30T09:10:22.493Z,29.73,69.86,440.0,0,1,41,25.11,50.72,,952.0,0,0,28.57,48.56,512.13,0,2,84,,0.0,,0,0,0,18.33,73.27,514.63,0,2,79,,0.0,,0,0,0,,0.0,,0,0,0,,0.0,,0,0,0,,0.0,,0,0,0,100,50,0,0,0,0,0.0593,,39.93,512.13
2026-07-30T09:10:27.495Z,29.73,69.88,437.7,0,1,31,25.1,50.68,,951.9,0,0,28.57,48.54,512.22,0,2,79,,0.0,,0,0,0,18.33,73.17,513.67,0,2,75,,0.0,,0,0,0,,0.0,,0,0,0,,0.0,,0,0,0,,0.0,,0,0,0,100,50,0,0,0,0,0.0593,,39.9,512.22
2026-07-30T09:10:32.498Z,29.72,69.89,437.93,0,1,42,25.09,50.63,,952.0,0,0,28.56,48.49,510.2,0,2,68,,0.0,,0,0,0,18.33,73.07,513.0,0,2,88,,0.0,,0,0,0,,0.0,,0,0,0,,0.0,,0,0,0,,0.0,,0,0,0,100,50,0,0,0,0,0.0593,,39.86,510.2
2026-07-30T09:10:37.499Z,29.72,69.9,438.33,0,1,43,25.08,50.59,,952.0,0,0,28.55,48.45,507.98,0,2,66,,0.0,,0,0,0,18.32,72.98,512.6,0,2,77,,0.0,,0,0,0,,0.0,,0,0,0,,0.0,,0,0,0,,0.0,,0,0,0,100,50,0,0,0,0,0.0593,,39.83,507.98
2026-07-30T09:10:42.495Z,29.71,69.91,440.6,0,1,52,25.07,50.55,,952.0,0,0,28.55,48.42,508.78,0,2,81,,0.0,,0,0,0,18.32,72.89,513.34,0,2,83,,0.0,,0,0,0,,0.0,,0,0,0,,0.0,,0,0,0,,0.0,,0,0,0,100,50,0,0,0,0,0.0593,,39.8,508.78
2026-07-30T09:10:47.497Z,29.71,69.92,442.24,0,1,50,25.07,50.52,,952.0,0,0,28.54,48.38,508.5,0,2,75,,0.0,,0,0,0,18.31,72.81,513.81,0,2,82,,0.0,,0,0,0,,0.0,,0,0,0,,0.0,,0,0,0,,0.0,,0,0,0,100,50,0,0,0,0,0.0593,,39.77,508.5
2026-07-30T09:10:52.493Z,29.7,69.93,441.92,0,1,41,25.06,50.47,,952.0,0,0,28.53,48.34,507.15,0,2,69,,0.0,,0,0,0,18.3,72.74,513.33,0,2,92,,0.0,,0,0,0,,0.0,,0,0,0,,0.0,,0,0,0,,0.0,,0,0,0,100,50,0,0,0,0,0.0593,,39.74,507.15
2026-07-30T09:10:57.500Z,29.7,69.93,441.23,0,1,40,25.05,50.43,,952.0,0,0,28.52,48.29,504.44,0,1,61,,0.0,,0,0,0,18.29,72.68,511.99,0,2,72,,0.0,,0,0,0,,0.0,,0,0,0,,0.0,,0,0,0,,0.0,,0,0,0,100,50,0,0,0,0,0.0593,,39.7,504.44
